method,example_index,example_id,session_index,dialogue_id,status,error,llm_call_count,llm_input_tokens,llm_output_tokens,llm_total_tokens,embedding_call_count,embedding_input_tokens,embedding_total_tokens,raw_session_input_tokens,extracted_memory_count,stored_memory_count_after_session,stored_memory_content_tokens_after_session,stored_memory_serialized_tokens_after_session,elapsed_seconds
langmem,0,dev_0003,1,15_00034,OK,,4,2538,4469,7007,3,148,148,429,3,3,76,185,381.8253734111786
langmem,0,dev_0003,2,2_00055,OK,,4,2406,4442,6848,3,127,127,410,3,6,130,344,352.99695229530334
langmem,0,dev_0003,3,15_00056,OK,,2,1000,1081,2081,6,274,274,293,6,12,318,661,85.93140625953674
langmem,0,dev_0003,4,15_00070,OK,,4,2114,4459,6573,3,139,139,343,3,15,384,840,359.95517778396606
langmem,0,dev_0003,5,11_00121,OK,,4,2774,4470,7244,3,157,157,459,3,18,469,1026,359.98498487472534
langmem,0,dev_0003,6,15_00100,OK,,4,1890,4440,6330,3,129,129,280,3,21,526,1189,356.26428985595703
langmem,1,dev_0004,1,15_00038,OK,,1,601,336,937,6,284,284,383,6,6,201,325,30.495115518569946
langmem,1,dev_0004,2,15_00071,OK,,4,2394,4460,6854,3,138,138,387,3,9,267,499,359.30197286605835
langmem,2,dev_0008,1,8_00097,OK,,4,2302,4444,6746,3,133,133,376,3,3,58,163,361.71368622779846
langmem,2,dev_0008,2,9_00037,OK,,4,2198,4470,6668,3,150,150,348,3,6,134,346,346.85559368133545
langmem,2,dev_0008,3,9_00042,OK,,4,2566,4447,7013,3,133,133,429,3,9,194,512,357.62648916244507
langmem,2,dev_0008,4,9_00033,OK,,4,2046,4447,6493,3,137,137,320,3,12,256,685,356.2459237575531
langmem,2,dev_0008,5,8_00058,OK,,4,2386,4454,6840,3,140,140,396,3,15,322,860,358.75973081588745
langmem,3,dev_0009,1,9_00040,OK,,4,1982,4473,6455,3,129,129,295,3,3,57,162,383.6792950630188
langmem,3,dev_0009,2,13_00014,OK,,4,1614,4472,6086,3,124,124,245,3,6,109,320,357.1674528121948
langmem,3,dev_0009,3,17_00074,OK,,4,3730,4447,8177,3,129,129,663,3,9,166,485,358.9875671863556
langmem,3,dev_0009,4,9_00041,OK,,4,1914,4482,6396,3,135,135,278,3,12,229,655,360.5038537979126
langmem,3,dev_0009,5,17_00092,OK,,4,2970,4455,7425,3,135,135,510,3,15,292,826,356.3886435031891
langmem,3,dev_0009,6,9_00029,OK,,1,547,535,1082,6,292,292,372,6,19,427,1050,45.23055577278137
langmem,4,dev_0014,1,17_00063,OK,,4,3170,4453,7623,3,135,135,547,3,3,63,169,370.8671352863312
langmem,4,dev_0014,2,14_00088,OK,,4,2590,4476,7066,3,136,136,458,3,6,127,338,353.49785327911377
langmem,4,dev_0014,3,19_00119,OK,,4,2114,4437,6551,3,126,126,349,3,9,180,498,357.0961756706238
langmem,4,dev_0014,4,14_00097,OK,,4,2078,4442,6520,3,129,129,327,3,12,234,668,357.8116009235382
langmem,4,dev_0014,5,19_00111,OK,,4,1286,4447,5733,3,129,129,161,3,15,291,824,356.8112413883209
langmem,4,dev_0014,6,14_00076,OK,,4,2870,4457,7327,3,133,133,512,3,18,351,993,357.6227996349335
langmem,5,dev_0015,1,14_00048,OK,,1,645,366,1011,6,318,318,410,6,6,227,367,33.38869857788086
langmem,5,dev_0015,2,14_00089,OK,,1,679,324,1003,6,272,272,455,6,12,418,691,25.308934211730957
langmem,5,dev_0015,3,19_00035,OK,,4,2214,4451,6665,3,137,137,376,3,15,483,862,339.49835872650146
langmem,5,dev_0015,4,20_00015,OK,,4,2174,4446,6620,3,130,130,372,3,18,541,1030,355.5013928413391
langmem,5,dev_0015,5,14_00064,OK,,1,654,357,1011,6,312,312,421,6,23,744,1332,28.424556493759155
langmem,5,dev_0015,6,19_00032,OK,,4,2110,4465,6575,3,149,149,339,3,26,820,1519,360.9999394416809
langmem,5,dev_0015,7,20_00010,OK,,4,1862,4436,6298,3,122,122,289,3,29,870,1674,357.10527658462524
langmem,5,dev_0015,8,19_00107,OK,,4,2598,4468,7066,3,146,146,455,3,32,943,1849,359.5323283672333
langmem,5,dev_0015,9,17_00066,OK,,4,3298,4457,7755,3,139,139,591,3,35,1010,2023,357.75093817710876
langmem,5,dev_0015,10,19_00029,OK,,1,684,321,1005,6,267,267,450,6,41,1198,2327,26.339856147766113
langmem,6,dev_0020,1,6_00117,OK,,4,1258,4461,5719,3,115,115,163,3,3,42,144,376.5945632457733
langmem,6,dev_0020,2,1_00084,OK,,4,1642,4452,6094,3,126,126,253,3,6,94,303,354.4895091056824
langmem,6,dev_0020,3,18_00108,OK,,4,2138,4453,6591,3,144,144,352,3,9,163,480,359.0920264720917
langmem,6,dev_0020,4,12_00034,OK,,4,2354,4475,6829,3,154,154,377,3,12,245,673,359.85711431503296
langmem,6,dev_0020,5,3_00121,OK,,4,1134,4422,5556,3,112,112,148,3,15,285,816,354.22957253456116
langmem,6,dev_0020,6,13_00123,OK,,4,3454,4443,7897,3,131,131,620,3,18,344,983,355.06250047683716
langmem,6,dev_0020,7,9_00104,OK,,4,1242,4479,5721,3,136,136,168,3,21,408,1155,361.42128324508667
langmem,6,dev_0020,8,11_00106,OK,,4,1962,4486,6448,3,140,140,300,3,24,476,1329,360.0852382183075
langmem,6,dev_0020,9,9_00113,OK,,4,1286,4446,5732,3,131,131,172,3,27,535,1490,356.95307970046997
langmem,6,dev_0020,10,20_00012,OK,,1,497,330,827,6,296,296,307,6,33,750,1831,29.99196147918701
langmem,7,dev_0021,1,14_00058,OK,,4,1766,4479,6245,3,133,133,270,3,3,58,166,385.0518491268158
langmem,7,dev_0021,2,5_00053,OK,,4,882,4437,5319,3,121,121,90,3,6,107,320,354.1122009754181
langmem,7,dev_0021,3,16_00010,OK,,4,2430,4483,6913,3,160,160,410,3,9,194,517,362.8964493274689
langmem,7,dev_0021,4,6_00078,OK,,4,2558,4466,7024,3,128,128,427,3,12,249,682,360.0492422580719
langmem,7,dev_0021,5,6_00061,OK,,4,2098,4452,6550,3,142,142,347,3,15,319,860,356.3190460205078
langmem,7,dev_0021,6,13_00060,OK,,4,1898,4462,6360,3,131,131,287,3,18,376,1024,356.8636782169342
langmem,7,dev_0021,7,9_00061,OK,,4,1658,4472,6130,3,129,129,255,3,21,432,1183,359.4868395328522
langmem,7,dev_0021,8,15_00031,OK,,4,2094,4456,6550,3,142,142,337,3,24,501,1354,355.1957883834839
langmem,7,dev_0021,9,20_00091,OK,,4,1990,4459,6449,3,115,115,310,3,27,544,1502,358.6758966445923
langmem,8,dev_0022,1,16_00021,OK,,4,2278,4443,6721,3,132,132,372,3,3,60,165,360.9421863555908
langmem,8,dev_0022,2,10_00102,OK,,4,1562,4476,6038,3,128,128,237,3,6,116,327,345.6474075317383
langmem,8,dev_0022,3,17_00107,OK,,4,4094,4456,8550,3,148,148,755,3,9,191,507,359.13511085510254
langmem,8,dev_0022,4,16_00064,OK,,1,355,357,712,4,190,190,171,4,13,319,731,37.13938093185425
langmem,8,dev_0022,5,18_00077,OK,,4,2046,4474,6520,3,155,155,330,3,16,401,917,361.07478642463684
langmem,8,dev_0022,6,3_00044,OK,,4,1602,4491,6093,3,156,156,242,3,19,485,1104,359.6900703907013
langmem,8,dev_0022,7,2_00003,OK,,4,1350,4438,5788,3,124,124,183,3,22,536,1263,354.6474404335022
langmem,8,dev_0022,8,16_00057,OK,,4,2066,4449,6515,3,132,132,349,3,25,596,1428,357.4814612865448
langmem,8,dev_0022,9,9_00091,OK,,4,1106,4450,5556,3,132,132,146,3,28,653,1595,354.8066716194153
langmem,9,dev_0025,1,12_00044,OK,,4,2342,4463,6805,3,144,144,357,3,3,72,175,376.25825357437134
langmem,9,dev_0025,2,17_00020,OK,,4,1594,4469,6063,3,121,121,236,3,6,121,333,355.87613320350647
langmem,9,dev_0025,3,9_00100,OK,,4,870,4431,5301,3,119,119,85,3,9,167,485,356.9062497615814
langmem,9,dev_0025,4,18_00100,OK,,4,1926,4490,6416,3,140,140,298,3,12,235,667,361.31791162490845
langmem,9,dev_0025,5,9_00086,OK,,4,1394,4462,5856,3,120,120,200,3,15,283,824,357.87609934806824
langmem,9,dev_0025,6,1_00064,OK,,4,1262,4470,5732,3,125,125,172,3,18,335,983,357.37956166267395
langmem,9,dev_0025,7,2_00011,OK,,4,1146,4433,5579,3,116,116,142,3,21,378,1128,357.5416011810303
langmem,9,dev_0025,8,4_00106,OK,,1,537,349,886,6,304,304,328,6,27,596,1485,32.96766424179077
langmem,10,dev_0027,1,19_00068,OK,,1,397,311,708,6,265,265,191,6,5,152,255,28.713781118392944
langmem,10,dev_0027,2,7_00052,OK,,1,403,586,989,6,332,332,221,6,10,377,579,44.008678674697876
langmem,10,dev_0027,3,1_00124,OK,,4,1206,4431,5637,3,112,112,144,3,13,417,727,339.09114718437195
langmem,10,dev_0027,4,7_00049,OK,,4,1214,4427,5641,3,116,116,160,3,16,459,877,353.9686939716339
langmem,10,dev_0027,5,1_00014,OK,,4,1246,4463,5709,3,122,122,161,3,19,509,1033,360.3434932231903
langmem,10,dev_0027,6,2_00064,OK,,4,1930,4464,6394,3,128,128,297,3,22,563,1196,359.4068856239319
langmem,10,dev_0027,7,3_00076,OK,,4,1190,4448,5638,2,92,92,152,2,24,607,1311,356.79462575912476
langmem,11,dev_0028,1,2_00037,OK,,4,1402,4458,5860,3,115,115,195,3,3,43,152,373.7909486293793
langmem,11,dev_0028,2,14_00098,OK,,4,1834,4468,6302,3,123,123,275,3,6,91,312,353.4830377101898
langmem,11,dev_0028,3,8_00059,OK,,4,1610,4437,6047,3,122,122,236,3,9,139,468,357.101598739624
langmem,11,dev_0028,4,10_00123,OK,,4,1698,4470,6168,3,126,126,239,3,12,190,628,359.56853222846985
langmem,11,dev_0028,5,14_00024,OK,,1,715,347,1062,6,293,293,488,6,18,398,967,32.90761351585388
langmem,11,dev_0028,6,10_00110,OK,,4,1530,4472,6002,3,133,133,222,3,21,459,1133,358.663028717041
langmem,11,dev_0028,7,1_00027,OK,,4,1550,4478,6028,3,132,132,231,3,24,519,1298,358.3989222049713
langmem,11,dev_0028,8,16_00038,OK,,4,2762,4443,7205,3,129,129,454,3,27,573,1455,356.67375230789185
langmem,11,dev_0028,9,1_00013,OK,,1,383,350,733,6,299,299,219,6,32,752,1755,30.477919816970825
langmem,12,dev_0029,1,12_00006,OK,,4,2446,4438,6884,3,127,127,394,3,3,54,160,356.82982778549194
langmem,12,dev_0029,2,2_00013,OK,,4,1186,4434,5620,3,117,117,150,3,6,99,314,337.7769191265106
langmem,12,dev_0029,3,9_00009,OK,,4,1790,4445,6235,3,128,128,261,3,9,154,474,357.57763934135437
langmem,12,dev_0029,4,8_00084,OK,,1,501,348,849,6,281,281,303,6,15,357,795,35.68485474586487
langmem,12,dev_0029,5,17_00065,OK,,4,3438,4483,7921,3,155,155,612,3,18,440,985,360.661030292511
langmem,12,dev_0029,6,14_00044,OK,,4,1806,4457,6263,3,147,147,294,3,21,515,1162,357.2814853191376
langmem,12,dev_0029,7,5_00023,OK,,4,934,4440,5374,3,127,127,111,3,24,567,1329,354.60303688049316
langmem,12,dev_0029,8,12_00000,OK,,4,2674,4472,7146,3,145,145,445,3,27,640,1507,361.5286753177643
langmem,13,dev_0030,1,2_00104,OK,,4,1370,4425,5795,3,111,111,180,3,3,39,148,351.8937118053436
langmem,13,dev_0030,2,1_00024,OK,,4,1418,4440,5858,3,127,127,201,3,6,94,312,333.0582127571106
langmem,13,dev_0030,3,8_00016,OK,,4,2534,4466,7000,3,140,140,426,3,9,160,486,359.4913241863251
langmem,13,dev_0030,4,6_00122,OK,,1,505,467,972,6,265,265,318,6,15,316,800,47.25485348701477
langmem,13,dev_0030,5,8_00125,OK,,4,1982,4474,6456,3,128,128,311,3,18,371,961,359.52346873283386
langmem,13,dev_0030,6,14_00110,OK,,4,2742,4501,7243,3,155,155,454,3,21,453,1154,361.89975333213806
langmem,13,dev_0030,7,9_00078,OK,,4,1494,4449,5943,3,140,140,222,3,24,519,1327,355.78094935417175
langmem,13,dev_0030,8,14_00032,OK,,4,1670,4459,6129,3,143,143,238,3,27,590,1504,359.49865078926086
langmem,13,dev_0030,9,4_00060,OK,,4,2106,4462,6568,3,140,140,344,3,30,657,1673,356.2234001159668
langmem,13,dev_0030,10,4_00046,OK,,4,1362,4453,5815,3,135,135,182,3,33,719,1843,358.2673850059509
langmem,14,dev_0031,1,9_00067,OK,,4,2446,4436,6882,3,124,124,428,3,3,49,159,355.5580024719238
langmem,14,dev_0031,2,6_00091,OK,,4,1438,4457,5895,3,117,117,202,3,6,94,310,338.69163632392883
langmem,14,dev_0031,3,17_00040,OK,,4,2118,4437,6555,3,128,128,344,3,9,150,466,356.37965416908264
langmem,14,dev_0031,4,6_00079,OK,,4,1966,4475,6441,3,131,131,323,3,12,209,633,359.5580852031708
langmem,14,dev_0031,5,5_00024,OK,,4,1630,4478,6108,3,130,130,249,3,15,267,802,360.8747751712799
langmem,14,dev_0031,6,2_00016,OK,,4,1354,4456,5810,3,115,115,188,3,18,310,951,356.5979347229004
langmem,14,dev_0031,7,1_00015,OK,,4,1738,4468,6206,3,121,121,275,3,21,359,1103,359.24331641197205
langmem,14,dev_0031,8,5_00089,OK,,4,854,4412,5266,2,84,84,83,2,23,395,1209,352.376549243927
langmem,14,dev_0031,9,14_00121,OK,,4,1818,4481,6299,3,135,135,280,3,26,457,1378,360.80035185813904
langmem,14,dev_0031,10,5_00017,OK,,4,1350,4453,5803,3,129,129,180,3,29,510,1542,360.24164032936096
langmem,15,dev_0032,1,10_00124,OK,,4,1154,4443,5597,3,126,126,145,3,3,53,159,361.27642798423767
langmem,15,dev_0032,2,15_00097,OK,,4,2054,4437,6491,3,130,130,334,3,6,110,328,342.4256658554077
langmem,15,dev_0032,3,18_00087,OK,,4,1926,4455,6381,3,144,144,303,3,9,179,500,358.903528213501
langmem,15,dev_0032,4,2_00088,OK,,4,1426,4440,5866,3,124,124,189,3,12,231,657,355.97965693473816
langmem,15,dev_0032,5,11_00112,OK,,4,3146,4453,7599,3,143,143,548,3,15,302,831,358.73940920829773
langmem,15,dev_0032,6,12_00011,OK,,4,2610,4448,7058,3,137,137,439,3,18,367,1004,355.7406222820282
langmem,15,dev_0032,7,19_00100,OK,,4,2082,4443,6525,3,125,125,336,3,21,420,1160,357.03663063049316
langmem,16,dev_0035,1,2_00123,OK,,4,1434,4473,5907,3,124,124,199,3,3,52,159,382.2715198993683
langmem,16,dev_0035,2,16_00069,OK,,4,2070,4450,6520,3,131,131,333,3,6,111,326,355.12043499946594
langmem,16,dev_0035,3,12_00126,OK,,4,1010,4429,5439,3,117,117,118,3,9,156,480,356.72729444503784
langmem,16,dev_0035,4,20_00001,OK,,4,1646,4465,6111,3,123,123,241,3,12,207,642,359.3753743171692
langmem,16,dev_0035,5,15_00025,OK,,1,673,396,1069,6,336,336,464,6,18,463,1018,34.508142948150635
langmem,16,dev_0035,6,16_00086,OK,,4,1762,4468,6230,3,126,126,253,3,21,517,1177,358.37058424949646
langmem,17,dev_0036,1,3_00116,OK,,4,1362,4441,5803,3,124,124,195,3,3,52,158,358.0496335029602
langmem,17,dev_0036,2,20_00062,OK,,1,413,502,915,6,283,283,211,6,9,255,484,35.48621582984924
langmem,17,dev_0036,3,6_00004,OK,,4,1206,4433,5639,3,124,124,165,3,12,306,640,353.69577836990356
langmem,17,dev_0036,4,2_00033,OK,,4,1174,4423,5597,3,113,113,149,3,15,346,788,358.7726843357086
langmem,17,dev_0036,5,15_00054,OK,,4,2542,4466,7008,3,151,151,425,3,18,425,977,361.53590297698975
langmem,18,dev_0037,1,14_00055,OK,,4,1494,4456,5950,2,104,104,194,2,2,55,126,373.1036500930786
langmem,18,dev_0037,2,7_00004,OK,,4,1298,4454,5752,3,138,138,178,3,5,118,300,352.08042907714844
langmem,18,dev_0037,3,15_00085,OK,,4,2170,4448,6618,3,134,134,341,3,8,180,468,358.3484523296356
langmem,18,dev_0037,4,11_00125,OK,,1,478,404,882,6,348,348,256,6,14,448,859,37.15166640281677
langmem,18,dev_0037,5,5_00103,OK,,4,818,4438,5256,3,128,128,81,3,17,503,1019,356.9959146976471
langmem,19,dev_0038,1,8_00018,OK,,2,1312,1162,2474,6,328,328,438,6,6,255,381,90.64579582214355
langmem,19,dev_0038,2,16_00068,OK,,4,1906,4424,6330,3,115,115,301,3,9,298,530,339.56930136680603
langmem,19,dev_0038,3,8_00019,OK,,4,2426,4471,6897,3,143,143,406,3,12,368,708,357.78435230255127
langmem,19,dev_0038,4,12_00012,OK,,1,496,409,905,6,362,362,253,6,18,654,1115,31.77960968017578
langmem,19,dev_0038,5,19_00062,OK,,1,561,374,935,6,334,334,338,6,24,906,1495,29.526435613632202
langmem,20,dev_0039,1,20_00072,OK,,4,2238,4474,6712,3,128,128,360,3,3,56,158,381.9135537147522
langmem,20,dev_0039,2,6_00066,OK,,4,2234,4455,6689,3,134,134,361,3,6,118,326,356.1548807621002
langmem,20,dev_0039,3,16_00011,OK,,4,2046,4489,6535,3,149,149,325,3,9,195,511,362.6822519302368
langmem,20,dev_0039,4,11_00113,OK,,4,2494,4461,6955,3,139,139,405,3,12,262,683,358.4662115573883
langmem,20,dev_0039,5,20_00016,OK,,4,1738,4441,6179,3,113,113,261,3,15,303,825,355.18459820747375
langmem,20,dev_0039,6,1_00093,OK,,4,1506,4456,5962,3,121,121,213,3,18,352,983,356.2285792827606
langmem,21,dev_0040,1,4_00019,OK,,4,1622,4490,6112,3,138,138,244,3,3,66,169,387.08186054229736
langmem,21,dev_0040,2,4_00002,OK,,4,1146,4460,5606,3,117,117,151,3,6,111,320,355.34309697151184
langmem,21,dev_0040,3,6_00021,OK,,4,1250,4475,5725,3,133,133,173,3,9,172,481,363.2169301509857
langmem,21,dev_0040,4,15_00043,OK,,4,1954,4458,6412,3,141,141,302,3,12,240,655,360.0753712654114
langmem,21,dev_0040,5,8_00117,OK,,4,1834,4475,6309,3,131,131,297,3,15,299,822,358.25664710998535
langmem,21,dev_0040,6,2_00030,OK,,4,1446,4456,5902,3,112,112,205,3,18,339,970,355.90394377708435
langmem,21,dev_0040,7,12_00099,OK,,3,1398,2834,4232,6,278,278,276,6,24,539,1286,223.7613136768341
langmem,21,dev_0040,8,1_00104,OK,,4,1510,4457,5967,3,122,122,221,3,27,589,1441,357.7286374568939
langmem,21,dev_0040,9,4_00042,OK,,4,1642,4481,6123,3,136,136,229,3,30,653,1611,360.4847733974457
langmem,21,dev_0040,10,3_00085,OK,,4,1254,4514,5768,3,162,162,158,3,33,743,1810,364.81322836875916
langmem,22,dev_0041,1,19_00106,OK,,4,1850,4466,6316,3,124,124,282,3,3,52,158,380.15062284469604
langmem,22,dev_0041,2,9_00120,OK,,2,730,1085,1815,6,260,260,216,6,8,198,416,82.05365824699402
langmem,22,dev_0041,3,10_00040,OK,,1,335,543,878,6,305,305,171,6,13,386,706,42.28156661987305
langmem,22,dev_0041,4,20_00087,OK,,1,582,517,1099,6,277,277,363,6,19,583,1032,41.34210777282715
langmem,22,dev_0041,5,18_00034,OK,,4,2522,4436,6958,3,124,124,410,3,22,635,1192,356.74399614334106
langmem,22,dev_0041,6,9_00117,OK,,4,914,4458,5372,3,120,120,93,3,25,680,1339,360.08224654197693
langmem,22,dev_0041,7,1_00122,OK,,4,1894,4471,6365,3,124,124,290,3,28,732,1495,360.5624725818634
langmem,22,dev_0041,8,14_00073,OK,,4,1882,4458,6340,3,144,144,286,3,31,802,1674,357.1886670589447
langmem,22,dev_0041,9,15_00048,OK,,4,1910,4478,6388,3,147,147,291,3,34,876,1859,360.50578355789185
langmem,22,dev_0041,10,1_00022,OK,,1,466,360,826,6,308,308,286,6,40,1086,2222,28.39989995956421
langmem,23,dev_0042,1,19_00079,OK,,1,830,350,1180,6,316,316,599,6,6,236,368,32.66658663749695
langmem,23,dev_0042,2,13_00029,OK,,1,398,571,969,6,314,314,230,6,12,472,728,42.68897604942322
langmem,23,dev_0042,3,16_00060,OK,,4,1822,4486,6308,3,133,133,284,3,15,533,893,343.2887907028198
langmem,23,dev_0042,4,17_00064,OK,,4,3306,4468,7774,3,153,153,623,3,18,614,1085,356.86923480033875
langmem,23,dev_0042,5,4_00088,OK,,4,1558,4435,5993,3,125,125,228,3,21,666,1244,358.17862248420715
langmem,23,dev_0042,6,3_00056,OK,,4,2198,4480,6678,3,142,142,363,3,24,736,1416,360.3086290359497
langmem,23,dev_0042,7,19_00041,OK,,1,673,355,1028,6,311,311,464,6,27,848,1580,28.33282232284546
langmem,23,dev_0042,8,1_00118,OK,,4,2002,4448,6450,3,122,122,325,3,30,898,1737,357.0868580341339
langmem,24,dev_0044,1,18_00092,OK,,4,1318,4464,5782,3,143,143,155,3,3,69,179,378.35949778556824
langmem,24,dev_0044,2,15_00102,OK,,4,1982,4449,6431,3,135,135,312,3,6,131,345,354.52204418182373
langmem,24,dev_0044,3,8_00056,OK,,2,1070,1321,2391,6,324,324,329,6,12,377,709,104.51172614097595
langmem,24,dev_0044,4,1_00030,OK,,4,962,4437,5399,3,128,128,111,3,15,431,873,358.5029675960541
langmem,24,dev_0044,5,6_00074,OK,,4,2958,4465,7423,3,124,124,548,3,18,483,1028,359.6588270664215
langmem,24,dev_0044,6,13_00050,OK,,4,2450,4479,6929,3,164,164,411,3,21,573,1225,358.96980905532837
langmem,24,dev_0044,7,19_00046,OK,,1,693,388,1081,7,343,343,442,7,28,818,1620,31.091161012649536
langmem,24,dev_0044,8,10_00067,OK,,4,1210,4476,5686,3,134,134,148,3,31,880,1789,360.22603130340576
langmem,25,dev_0045,1,13_00122,OK,,4,2502,4453,6955,3,143,143,437,3,3,71,181,368.4011890888214
langmem,25,dev_0045,2,19_00112,OK,,4,2038,4438,6476,3,124,124,310,3,6,123,345,347.91559743881226
langmem,25,dev_0045,3,6_00038,OK,,4,3062,4435,7497,3,123,123,549,3,9,174,501,356.2905123233795
langmem,25,dev_0045,4,10_00105,OK,,4,1482,4460,5942,3,142,142,224,3,12,244,677,357.626962184906
langmem,25,dev_0045,5,13_00027,OK,,4,1738,4465,6203,3,129,129,285,3,15,301,839,359.892817735672
langmem,26,dev_0046,1,11_00031,OK,,4,1326,4455,5781,3,139,139,168,3,3,65,173,356.471328496933
langmem,26,dev_0046,2,3_00114,OK,,1,468,592,1060,6,347,347,272,6,9,333,560,41.102158546447754
langmem,26,dev_0046,3,17_00124,OK,,4,2926,4457,7383,3,141,141,494,3,12,399,738,357.1758077144623
langmem,26,dev_0046,4,13_00051,OK,,4,2258,4466,6724,3,149,149,365,3,15,474,922,359.99928092956543
langmem,26,dev_0046,5,8_00040,OK,,4,2546,4480,7026,3,153,153,422,3,18,554,1107,360.4899814128876
langmem,26,dev_0046,6,11_00109,OK,,4,2186,4429,6615,3,121,121,358,3,21,601,1265,354.53854036331177
langmem,27,dev_0047,1,4_00075,OK,,4,1890,4477,6367,3,135,135,295,3,3,63,166,380.49525690078735
langmem,27,dev_0047,2,16_00094,OK,,4,1866,4467,6333,3,126,126,288,3,6,116,323,355.7130882740021
langmem,27,dev_0047,3,12_00021,OK,,4,3522,4496,8018,3,172,172,643,3,9,216,529,363.26080894470215
langmem,27,dev_0047,4,6_00075,OK,,4,2106,4478,6584,3,130,130,331,3,12,274,698,360.33139157295227
langmem,27,dev_0047,5,9_00071,OK,,4,1942,4441,6383,3,123,123,321,3,15,325,855,355.28899669647217
langmem,27,dev_0047,6,8_00105,OK,,4,1922,4492,6414,3,143,143,283,3,18,394,1034,359.84179306030273
langmem,28,dev_0048,1,5_00043,OK,,4,954,4420,5374,2,72,72,104,2,2,24,93,347.94188237190247
langmem,28,dev_0048,2,6_00016,OK,,4,1418,4456,5874,3,119,119,206,3,5,68,242,333.6381537914276
langmem,28,dev_0048,3,11_00017,OK,,4,1782,4440,6222,3,125,125,270,3,8,120,401,357.27004885673523
langmem,28,dev_0048,4,11_00048,OK,,4,1354,4458,5812,3,142,142,180,3,11,186,580,359.0595672130585
langmem,28,dev_0048,5,4_00022,OK,,4,1854,4468,6322,3,123,123,285,3,14,237,733,360.334588766098
langmem,28,dev_0048,6,8_00075,OK,,1,430,330,760,6,273,273,246,6,20,431,1053,31.521434545516968
langmem,28,dev_0048,7,13_00056,OK,,4,2298,4467,6765,3,136,136,387,3,23,493,1223,357.1710069179535
langmem,29,dev_0049,1,10_00022,OK,,4,1834,4488,6322,3,146,146,281,3,3,74,178,384.6980838775635
langmem,29,dev_0049,2,20_00066,OK,,4,1762,4456,6218,3,117,117,274,3,6,119,327,355.65680599212646
langmem,29,dev_0049,3,12_00027,OK,,4,2126,4471,6597,3,153,153,335,3,9,200,510,362.0168869495392
langmem,29,dev_0049,4,4_00093,OK,,1,628,335,963,6,290,290,413,6,15,407,840,28.386271476745605
langmem,29,dev_0049,5,10_00042,OK,,1,400,515,915,6,288,288,237,6,19,553,1066,40.53032732009888
langmem,29,dev_0049,6,5_00027,OK,,4,1274,4487,5761,3,140,140,179,3,22,621,1240,361.2761368751526
langmem,29,dev_0049,7,8_00073,OK,,4,1678,4433,6111,3,119,119,252,3,25,668,1386,356.8255798816681
langmem,29,dev_0049,8,20_00046,OK,,4,1734,4460,6194,3,129,129,263,3,28,725,1549,358.5479757785797
langmem,30,dev_0050,1,2_00078,OK,,4,1210,4464,5674,3,119,119,160,3,3,47,154,365.99263286590576
langmem,30,dev_0050,2,2_00099,OK,,4,1526,4433,5959,3,119,119,220,3,6,94,304,345.10119795799255
langmem,30,dev_0050,3,12_00070,OK,,4,2414,4465,6879,3,143,143,412,3,9,162,480,359.0739290714264
langmem,30,dev_0050,4,14_00119,OK,,4,2570,4451,7021,3,139,139,429,3,12,228,652,356.95190358161926
langmem,30,dev_0050,5,8_00111,OK,,4,2166,4456,6622,3,133,133,329,3,15,289,819,358.50737380981445
langmem,30,dev_0050,6,9_00001,OK,,4,1530,4477,6007,3,133,133,222,3,18,349,986,358.0916624069214
langmem,30,dev_0050,7,7_00043,OK,,4,1838,4463,6301,3,119,119,282,3,21,395,1143,359.37785625457764
langmem,30,dev_0050,8,4_00017,OK,,4,1274,4450,5724,3,132,132,187,3,24,453,1307,355.51715445518494
langmem,31,dev_0051,1,11_00041,OK,,4,1330,4457,5787,3,141,141,185,3,3,65,174,364.91578674316406
langmem,31,dev_0051,2,16_00121,OK,,4,1466,4450,5916,3,143,143,211,3,6,136,351,345.8321735858917
langmem,31,dev_0051,3,18_00062,OK,,4,2718,4451,7169,3,134,134,473,3,9,197,519,358.76191997528076
langmem,31,dev_0051,4,14_00078,OK,,4,2430,4448,6878,3,134,134,398,3,12,259,687,356.47537326812744
langmem,31,dev_0051,5,18_00113,OK,,4,1878,4442,6320,3,131,131,284,3,15,316,851,357.27185463905334
langmem,31,dev_0051,6,15_00068,OK,,4,2314,4455,6769,3,138,138,379,3,18,381,1022,356.2217056751251
langmem,31,dev_0051,7,18_00028,OK,,1,603,368,971,6,309,309,368,6,24,608,1377,35.1210618019104
langmem,31,dev_0051,8,16_00052,OK,,1,515,355,870,6,306,306,323,6,29,792,1667,31.656184911727905
langmem,31,dev_0051,9,12_00069,OK,,4,2398,4444,6842,3,124,124,411,3,32,843,1829,356.59743428230286
langmem,32,dev_0052,1,11_00056,OK,,4,1986,4475,6461,3,134,134,313,3,3,59,166,375.1524066925049
langmem,32,dev_0052,2,17_00072,OK,,1,742,529,1271,6,290,290,484,6,8,238,446,40.95949625968933
langmem,32,dev_0052,3,1_00121,OK,,4,1438,4459,5897,3,120,120,208,3,11,285,602,356.52583289146423
langmem,32,dev_0052,4,10_00026,OK,,4,1618,4476,6094,3,138,138,251,3,14,351,783,361.6693022251129
langmem,32,dev_0052,5,8_00124,OK,,4,1718,4477,6195,3,131,131,258,3,17,410,949,360.2533435821533
langmem,32,dev_0052,6,16_00066,OK,,4,1998,4469,6467,3,122,122,343,3,20,460,1107,358.044636964798
langmem,32,dev_0052,7,14_00036,OK,,4,2198,4450,6648,3,139,139,346,3,23,527,1281,356.83125138282776
langmem,32,dev_0052,8,13_00093,OK,,4,2526,4452,6978,3,142,142,431,3,26,597,1460,356.92310070991516
langmem,32,dev_0052,9,9_00050,OK,,4,1878,4448,6326,3,135,135,273,3,29,660,1629,355.45521306991577
langmem,33,dev_0054,1,14_00016,OK,,1,511,356,867,6,297,297,297,6,6,224,345,31.85978364944458
langmem,33,dev_0054,2,3_00020,OK,,4,1298,4456,5754,3,144,144,178,3,9,293,521,358.24442434310913
langmem,33,dev_0054,3,18_00099,OK,,4,1578,4481,6059,3,136,136,225,3,12,356,692,357.4657425880432
langmem,33,dev_0054,4,5_00085,OK,,4,762,4427,5189,3,118,118,72,3,15,398,841,358.75457739830017
langmem,33,dev_0054,5,16_00067,OK,,4,2270,4451,6721,3,140,140,371,3,18,466,1016,358.982479095459
langmem,33,dev_0054,6,8_00110,OK,,4,1650,4453,6103,3,141,141,243,3,21,535,1195,356.2594003677368
langmem,33,dev_0054,7,14_00093,OK,,1,576,325,901,6,292,292,383,6,26,715,1471,27.88338613510132
langmem,33,dev_0054,8,12_00013,OK,,1,635,387,1022,6,348,348,393,6,32,983,1870,31.12278413772583
langmem,33,dev_0054,9,8_00021,OK,,4,2618,4464,7082,3,142,142,438,3,35,1051,2045,358.61966490745544
langmem,33,dev_0054,10,20_00107,OK,,4,2054,4471,6525,3,130,130,353,3,38,1109,2210,358.75055503845215
langmem,34,dev_0055,1,13_00062,OK,,4,2826,4466,7292,3,150,150,503,3,3,77,183,372.85674834251404
langmem,34,dev_0055,2,13_00088,OK,,4,2046,4486,6532,3,141,141,320,3,6,146,360,355.4902534484863
langmem,34,dev_0055,3,4_00073,OK,,4,1714,4458,6172,3,117,117,255,3,9,189,513,358.65216755867004
langmem,34,dev_0055,4,16_00081,OK,,4,1654,4486,6140,3,143,143,238,3,12,260,690,361.0132417678833
langmem,34,dev_0055,5,11_00004,OK,,4,1710,4445,6155,3,134,134,250,3,15,318,855,356.56501960754395
langmem,34,dev_0055,6,6_00064,OK,,1,501,339,840,6,294,294,308,6,21,515,1209,30.551280736923218
langmem,34,dev_0055,7,19_00087,OK,,1,834,368,1202,6,305,305,570,6,27,740,1556,30.835304260253906
langmem,34,dev_0055,8,9_00098,OK,,4,970,4435,5405,3,117,117,101,3,30,781,1708,356.3463542461395
langmem,35,dev_0056,1,5_00065,OK,,4,1190,4435,5625,3,123,123,162,3,3,51,155,349.44321727752686
langmem,35,dev_0056,2,5_00090,OK,,4,798,4425,5223,3,116,116,79,3,6,95,302,331.4380762577057
langmem,35,dev_0056,3,11_00098,OK,,4,1590,4474,6064,3,135,135,209,3,9,155,471,360.02228355407715
langmem,35,dev_0056,4,18_00020,OK,,1,844,414,1258,6,358,358,568,6,14,374,810,41.88480305671692
langmem,35,dev_0056,5,6_00024,OK,,4,1310,4434,5744,3,125,125,190,3,17,425,969,357.54651951789856
langmem,35,dev_0056,6,15_00010,OK,,4,3270,4490,7760,3,143,143,586,3,20,493,1145,360.9344925880432
langmem,35,dev_0056,7,16_00122,OK,,4,1350,4450,5800,3,140,140,196,3,23,561,1316,355.6160457134247
langmem,35,dev_0056,8,17_00043,OK,,4,1590,4472,6062,3,124,124,243,3,26,613,1472,360.6825098991394
langmem,35,dev_0056,9,10_00048,OK,,4,1734,4451,6185,2,101,101,276,2,28,665,1597,355.4412581920624
langmem,36,dev_0058,1,16_00023,OK,,4,2298,4459,6757,3,137,137,367,3,3,65,168,364.29033875465393
langmem,36,dev_0058,2,16_00009,OK,,4,2382,4457,6839,3,141,141,396,3,6,133,341,346.0771322250366
langmem,36,dev_0058,3,6_00062,OK,,4,2634,4445,7079,3,128,128,453,3,9,189,502,357.07798409461975
langmem,36,dev_0058,4,6_00000,OK,,2,700,1076,1776,6,274,274,196,6,15,381,816,92.98677849769592
langmem,36,dev_0058,5,1_00053,OK,,4,1558,4427,5985,3,119,119,229,3,18,426,970,356.61862897872925
langmem,36,dev_0058,6,6_00030,OK,,4,1510,4448,5958,3,112,112,227,3,21,464,1118,357.2526915073395
langmem,36,dev_0058,7,20_00039,OK,,4,2434,4456,6890,3,143,143,419,3,24,535,1294,357.75540494918823
langmem,37,dev_0059,1,15_00108,OK,,4,2214,4438,6652,3,126,126,351,3,3,54,163,349.7989571094513
langmem,37,dev_0059,2,13_00005,OK,,4,1462,4466,5928,3,118,118,214,3,6,97,314,334.76158809661865
langmem,37,dev_0059,3,10_00033,OK,,1,347,298,645,6,262,262,158,6,12,263,626,30.09160876274109
langmem,37,dev_0059,4,16_00084,OK,,4,1658,4475,6133,3,127,127,254,3,15,318,781,359.927029132843
langmem,37,dev_0059,5,10_00117,OK,,4,1498,4447,5945,3,130,130,218,3,18,374,947,357.2888214588165
langmem,37,dev_0059,6,19_00017,OK,,4,2086,4458,6544,3,143,143,334,3,21,445,1125,359.42237520217896
langmem,37,dev_0059,7,5_00031,OK,,4,1154,4444,5598,3,127,127,135,3,24,500,1284,355.0530700683594
langmem,37,dev_0059,8,3_00041,OK,,4,2174,4442,6616,3,129,129,344,3,27,556,1449,357.80154752731323
langmem,38,dev_0060,1,7_00065,OK,,4,1722,4459,6181,3,119,119,250,3,3,46,155,360.5309853553772
langmem,38,dev_0060,2,11_00030,OK,,2,806,1100,1906,6,274,274,224,6,9,223,482,81.35152912139893
langmem,38,dev_0060,3,7_00044,OK,,4,2210,4435,6645,3,124,124,359,3,12,275,639,355.0528905391693
langmem,38,dev_0060,4,13_00063,OK,,4,2054,4441,6495,3,131,131,326,3,15,331,803,358.9572536945343
langmem,38,dev_0060,5,18_00074,OK,,4,1578,4448,6026,3,136,136,225,3,18,390,973,358.4858114719391
langmem,38,dev_0060,6,8_00035,OK,,4,2762,4467,7229,3,139,139,463,3,21,456,1149,358.8830506801605
langmem,38,dev_0060,7,10_00018,OK,,4,1358,4470,5828,3,130,130,181,3,24,513,1313,359.1441662311554
langmem,38,dev_0060,8,9_00102,OK,,4,1002,4442,5444,3,131,131,115,3,27,572,1474,356.38375639915466
langmem,38,dev_0060,9,9_00011,OK,,4,1782,4488,6270,3,134,134,259,3,30,633,1642,359.600261926651
langmem,38,dev_0060,10,19_00065,OK,,1,572,354,926,6,309,309,348,6,36,863,1993,29.26645040512085
langmem,39,dev_0062,1,15_00015,OK,,4,2898,4450,7348,3,135,135,489,3,3,62,171,354.78219962120056
langmem,39,dev_0062,2,8_00049,OK,,4,1682,4470,6152,3,145,145,236,3,6,134,350,338.98449969291687
langmem,39,dev_0062,3,4_00127,OK,,4,1462,4452,5914,3,127,127,198,3,9,185,513,357.90420746803284
langmem,39,dev_0062,4,17_00013,OK,,4,1610,4492,6102,3,145,145,244,3,12,258,691,360.99111700057983
langmem,39,dev_0062,5,16_00097,OK,,4,1674,4441,6115,3,114,114,253,3,15,300,839,357.60961985588074
langmem,39,dev_0062,6,8_00025,OK,,4,2990,4479,7469,3,150,150,516,3,18,377,1025,358.9060609340668
langmem,39,dev_0062,7,12_00101,OK,,4,2110,4443,6553,3,125,125,325,3,21,429,1188,356.97335410118103
langmem,40,dev_0063,1,2_00056,OK,,4,1894,4482,6376,3,144,144,295,3,3,71,177,378.7199137210846
langmem,40,dev_0063,2,17_00029,OK,,4,1530,4490,6020,3,132,132,211,3,6,130,345,358.27395725250244
langmem,40,dev_0063,3,4_00023,OK,,4,1734,4466,6200,3,120,120,273,3,9,178,498,360.29740381240845
langmem,40,dev_0063,4,6_00060,OK,,4,2194,4440,6634,3,124,124,359,3,12,230,656,357.226078748703
langmem,40,dev_0063,5,16_00104,OK,,4,1642,4470,6112,3,120,120,235,3,15,278,811,357.8710789680481
langmem,40,dev_0063,6,11_00010,OK,,4,1738,4453,6191,3,138,138,254,3,18,343,985,355.72443747520447
langmem,40,dev_0063,7,7_00056,OK,,4,2230,4451,6681,3,131,131,368,3,21,402,1151,358.0502474308014
langmem,40,dev_0063,8,15_00062,OK,,4,2646,4453,7099,3,136,136,446,3,24,464,1323,355.3302552700043
langmem,40,dev_0063,9,9_00065,OK,,4,1750,4445,6195,2,92,92,264,2,26,508,1436,357.3212802410126
langmem,41,dev_0065,1,9_00093,OK,,4,1142,4454,5596,3,136,136,141,3,3,64,172,357.1302390098572
langmem,41,dev_0065,2,10_00041,OK,,4,1818,4463,6281,3,124,124,296,3,6,116,338,341.0200729370117
langmem,41,dev_0065,3,13_00059,OK,,4,1886,4467,6353,3,123,123,259,3,9,167,492,359.4807286262512
langmem,41,dev_0065,4,1_00099,OK,,4,1446,4434,5880,3,122,122,210,3,12,217,646,355.5390238761902
langmem,41,dev_0065,5,1_00036,OK,,4,1614,4479,6093,3,136,136,244,3,15,279,817,361.2639720439911
langmem,41,dev_0065,6,8_00079,OK,,4,2026,4476,6502,3,141,141,314,3,18,348,992,358.25956678390503
langmem,41,dev_0065,7,9_00000,OK,,4,2090,4468,6558,3,124,124,314,3,21,399,1149,358.9475185871124
langmem,41,dev_0065,8,14_00102,OK,,4,2270,4456,6726,3,145,145,357,3,24,469,1335,356.56205463409424
langmem,41,dev_0065,9,16_00072,OK,,1,493,337,830,6,275,275,300,6,30,665,1653,31.245648622512817
langmem,42,dev_0066,1,15_00069,OK,,4,2434,4460,6894,3,146,146,407,3,3,74,174,365.5764150619507
langmem,42,dev_0066,2,5_00004,OK,,4,1478,4454,5932,3,129,129,205,3,6,128,340,346.78328680992126
langmem,42,dev_0066,3,11_00037,OK,,4,1614,4480,6094,3,136,136,225,3,9,192,511,360.6975836753845
langmem,42,dev_0066,4,9_00053,OK,,4,1230,4435,5665,3,116,116,146,3,12,236,662,355.41774249076843
langmem,42,dev_0066,5,4_00025,OK,,4,2046,4466,6512,3,123,123,319,3,15,287,820,359.3217177391052
langmem,42,dev_0066,6,4_00030,OK,,4,1978,4449,6427,3,132,132,316,3,18,347,985,355.50260519981384
langmem,42,dev_0066,7,10_00057,OK,,4,1318,4469,5787,3,130,130,178,3,21,405,1148,360.1391007900238
langmem,42,dev_0066,8,14_00023,OK,,2,1492,1329,2821,6,306,306,481,6,27,634,1505,112.77699947357178
langmem,42,dev_0066,9,4_00014,OK,,4,1446,4441,5887,3,126,126,211,3,30,687,1665,356.56934666633606
langmem,43,dev_0068,1,10_00091,OK,,4,1414,4439,5853,3,121,121,211,3,3,49,160,351.157755613327
langmem,43,dev_0068,2,10_00043,OK,,4,1638,4508,6146,3,164,164,252,3,6,141,358,339.21484899520874
langmem,43,dev_0068,3,9_00062,OK,,4,2054,4461,6515,3,142,142,322,3,9,211,531,358.67319107055664
langmem,43,dev_0068,4,20_00054,OK,,4,2378,4461,6839,3,146,146,424,3,12,284,711,358.4773564338684
langmem,43,dev_0068,5,6_00041,OK,,4,1566,4477,6043,3,124,124,236,3,15,335,869,360.94030690193176
langmem,43,dev_0068,6,7_00016,OK,,4,1362,4448,5810,3,133,133,183,3,18,396,1036,355.7021770477295
langmem,44,dev_0070,1,18_00090,OK,,1,573,348,921,6,304,304,358,6,6,218,353,31.13301920890808
langmem,44,dev_0070,2,11_00036,OK,,4,1530,4443,5973,3,123,123,218,3,9,266,514,358.25895524024963
langmem,44,dev_0070,3,11_00099,OK,,4,1214,4449,5663,3,110,110,133,3,12,301,661,354.579204082489
langmem,44,dev_0070,4,16_00027,OK,,4,3022,4451,7473,3,135,135,518,3,15,363,830,359.8954875469208
langmem,44,dev_0070,5,9_00032,OK,,4,1770,4487,6257,3,142,142,239,3,18,432,1004,364.0079257488251
langmem,44,dev_0070,6,3_00047,OK,,4,1842,4490,6332,3,152,152,293,3,21,511,1194,361.1066026687622
langmem,44,dev_0070,7,19_00082,OK,,1,597,353,950,6,311,311,395,6,27,741,1550,29.433050632476807
langmem,44,dev_0070,8,11_00117,OK,,1,709,373,1082,6,324,324,477,6,32,952,1865,30.26119899749756
langmem,44,dev_0070,9,4_00061,OK,,4,1366,4443,5809,3,128,128,186,3,35,1008,2024,357.1383624076843
langmem,44,dev_0070,10,10_00020,OK,,4,1610,4482,6092,3,144,144,250,3,38,1080,2199,359.4518840312958
langmem,45,dev_0071,1,1_00025,OK,,4,1786,4472,6258,3,128,128,282,3,3,56,162,377.61735343933105
langmem,45,dev_0071,2,16_00103,OK,,4,1454,4465,5919,3,124,124,200,3,6,107,318,356.10638213157654
langmem,45,dev_0071,3,16_00091,OK,,4,2166,4470,6636,3,121,121,355,3,9,156,472,361.08522152900696
langmem,45,dev_0071,4,12_00001,OK,,4,3146,4454,7600,3,136,136,549,3,12,220,644,357.1834352016449
langmem,45,dev_0071,5,9_00014,OK,,4,1966,4462,6428,3,136,136,292,3,15,283,811,358.3440661430359
langmem,45,dev_0071,6,9_00025,OK,,1,570,352,922,6,318,318,339,6,21,520,1165,31.153848886489868
langmem,45,dev_0071,7,2_00000,OK,,4,978,4423,5401,3,114,114,107,3,24,560,1314,354.35025334358215
langmem,45,dev_0071,8,18_00052,OK,,1,626,308,934,6,268,268,407,6,30,744,1624,26.123661756515503
langmem,45,dev_0071,9,5_00084,OK,,4,1058,4426,5484,3,115,115,128,3,33,785,1775,354.7041382789612
langmem,45,dev_0071,10,11_00015,OK,,4,1630,4460,6090,3,142,142,234,3,36,853,1954,357.2031161785126
langmem,46,dev_0072,1,19_00125,OK,,4,1674,4431,6105,3,119,119,251,3,3,47,153,350.4697687625885
langmem,46,dev_0072,2,12_00039,OK,,4,2398,4471,6869,3,154,154,402,3,6,128,339,335.40438199043274
langmem,46,dev_0072,3,18_00007,OK,,4,3762,4473,8235,3,155,155,674,3,9,211,530,360.03770422935486
langmem,46,dev_0072,4,19_00083,OK,,1,649,336,985,6,297,297,412,6,15,427,873,33.84530329704285
langmem,46,dev_0072,5,18_00006,OK,,4,3326,4461,7787,3,144,144,567,3,18,497,1055,360.19788241386414
langmem,46,dev_0072,6,4_00099,OK,,4,1766,4462,6228,3,122,122,282,3,21,545,1209,358.35435128211975
langmem,47,dev_0073,1,3_00022,OK,,4,966,4423,5389,2,84,84,105,2,2,36,107,348.48227429389954
langmem,47,dev_0073,2,6_00042,OK,,4,1970,4447,6417,3,138,138,299,3,5,102,281,332.72920417785645
langmem,47,dev_0073,3,8_00041,OK,,4,3494,4488,7982,3,157,157,622,3,8,185,476,361.2200508117676
langmem,47,dev_0073,4,4_00050,OK,,4,2266,4444,6710,3,124,124,360,3,11,237,629,357.3476357460022
langmem,47,dev_0073,5,3_00088,OK,,4,806,4449,5255,3,131,131,76,3,14,296,791,358.845685005188
langmem,47,dev_0073,6,2_00019,OK,,4,1106,4430,5536,3,112,112,140,3,17,336,938,354.6769676208496
langmem,47,dev_0073,7,15_00110,OK,,4,1990,4477,6467,3,137,137,307,3,20,399,1115,360.4717674255371
langmem,47,dev_0073,8,15_00017,OK,,4,2950,4476,7426,3,135,135,520,3,23,462,1284,358.92698979377747
langmem,47,dev_0073,9,2_00089,OK,,4,1978,4435,6413,3,123,123,308,3,26,513,1440,357.1130781173706
langmem,48,dev_0074,1,10_00005,OK,,1,355,288,643,6,265,265,180,6,5,152,258,25.870729684829712
langmem,48,dev_0074,2,18_00079,OK,,4,1386,4490,5876,3,143,143,169,3,8,222,431,362.8007686138153
langmem,48,dev_0074,3,11_00006,OK,,4,1378,4458,5836,3,135,135,172,3,11,285,599,355.6485917568207
langmem,48,dev_0074,4,8_00116,OK,,4,1970,4450,6420,3,132,132,309,3,14,343,767,360.4803714752197
langmem,48,dev_0074,5,8_00045,OK,,4,3814,4494,8308,3,163,163,718,3,17,433,964,364.93130350112915
langmem,48,dev_0074,6,7_00048,OK,,4,1386,4466,5852,3,119,119,192,3,20,478,1117,357.81100964546204
langmem,49,dev_0075,1,18_00000,OK,,4,3370,4437,7807,3,128,128,594,3,3,55,156,350.80706667900085
langmem,49,dev_0075,2,13_00055,OK,,4,2582,4469,7051,3,155,155,424,3,6,138,341,335.41479897499084
langmem,49,dev_0075,3,1_00020,OK,,1,571,380,951,6,325,325,353,6,11,339,652,39.73131704330444
langmem,49,dev_0075,4,15_00119,OK,,4,1842,4482,6324,3,135,135,278,3,14,401,826,360.55451250076294
langmem,49,dev_0075,5,2_00092,OK,,4,1982,4427,6409,3,117,117,309,3,17,443,977,355.0564043521881
langmem,49,dev_0075,6,13_00108,OK,,1,537,415,952,6,350,350,344,6,23,717,1366,38.47648859024048
langmem,49,dev_0075,7,18_00015,OK,,4,3030,4459,7489,3,144,144,508,3,26,788,1550,357.29280495643616
langmem,49,dev_0075,8,16_00115,OK,,4,1082,4448,5530,2,100,100,117,2,28,840,1673,355.9359061717987
langmem,50,dev_0076,1,3_00105,OK,,4,938,4439,5377,2,86,86,103,2,2,38,105,350.02900743484497
langmem,50,dev_0076,2,6_00094,OK,,4,1162,4433,5595,3,120,120,143,3,5,86,259,331.8787524700165
langmem,50,dev_0076,3,2_00035,OK,,4,1498,4436,5934,3,118,118,231,3,8,129,413,356.4082455635071
langmem,50,dev_0076,4,20_00097,OK,,2,746,1323,2069,6,345,345,200,6,14,406,809,118.6946210861206
langmem,50,dev_0076,5,16_00050,OK,,1,514,339,853,6,294,294,301,6,19,565,1073,26.477152824401855
langmem,50,dev_0076,6,13_00075,OK,,4,2110,4452,6562,3,137,137,333,3,22,630,1247,358.83985328674316
langmem,50,dev_0076,7,3_00027,OK,,4,1026,4416,5442,2,81,81,122,2,24,661,1348,354.5675528049469
langmem,50,dev_0076,8,13_00119,OK,,4,2358,4457,6815,3,146,146,403,3,27,735,1529,358.316552400589
langmem,51,dev_0078,1,15_00049,OK,,4,2370,4457,6827,3,143,143,387,3,3,71,175,358.3764841556549
langmem,51,dev_0078,2,13_00053,OK,,4,2030,4485,6515,3,151,151,304,3,6,149,360,344.43119168281555
langmem,51,dev_0078,3,6_00012,OK,,4,1182,4430,5612,3,121,121,156,3,9,196,518,356.2577712535858
langmem,51,dev_0078,4,20_00009,OK,,4,1854,4452,6306,3,140,140,286,3,12,263,691,356.4395203590393
langmem,51,dev_0078,5,2_00127,OK,,4,1090,4438,5528,3,122,122,126,3,15,309,846,357.3835988044739
langmem,52,dev_0079,1,19_00076,OK,,4,2986,4459,7445,3,146,146,536,3,3,73,178,367.8441038131714
langmem,52,dev_0079,2,6_00111,OK,,4,1078,4437,5515,3,123,123,125,3,6,122,333,347.3808960914612
langmem,52,dev_0079,3,1_00113,OK,,4,1742,4445,6187,3,119,119,270,3,9,166,486,357.01610708236694
langmem,52,dev_0079,4,16_00022,OK,,4,2134,4455,6589,3,144,144,336,3,12,238,664,357.5616853237152
langmem,52,dev_0079,5,18_00105,OK,,4,2438,4459,6897,3,146,146,416,3,15,309,847,358.88431572914124
langmem,52,dev_0079,6,16_00065,OK,,4,2094,4481,6575,3,151,151,332,3,18,388,1030,358.6419222354889
langmem,52,dev_0079,7,7_00060,OK,,4,1770,4452,6222,3,139,139,268,3,21,455,1200,357.6512031555176
langmem,52,dev_0079,8,19_00057,OK,,4,3030,4457,7487,3,142,142,507,3,24,524,1376,356.029497385025
langmem,52,dev_0079,9,4_00009,OK,,4,1086,4433,5519,3,118,118,137,3,27,570,1523,355.86173701286316
langmem,52,dev_0079,10,15_00064,OK,,4,2266,4454,6720,3,139,139,367,3,30,636,1696,359.7978343963623
langmem,53,dev_0080,1,8_00017,OK,,4,3338,4482,7820,3,154,154,613,3,3,81,187,379.7599346637726
langmem,53,dev_0080,2,11_00043,OK,,4,1722,4454,6176,3,135,135,269,3,6,144,356,354.40961956977844
langmem,53,dev_0080,3,14_00008,OK,,4,1810,4486,6296,3,145,145,278,3,9,217,538,362.7440936565399
langmem,53,dev_0080,4,3_00112,OK,,4,1294,4432,5726,3,118,118,199,3,12,263,688,355.66844177246094
langmem,53,dev_0080,5,18_00022,OK,,4,3190,4466,7656,3,147,147,544,3,15,338,864,358.60432028770447
langmem,53,dev_0080,6,18_00094,OK,,1,559,366,925,6,325,325,347,6,21,577,1232,32.26314163208008
langmem,53,dev_0080,7,13_00097,OK,,4,2142,4457,6599,3,138,138,323,3,24,643,1400,357.0162127017975
langmem,53,dev_0080,8,10_00052,OK,,4,1790,4479,6269,3,140,140,275,3,27,710,1575,360.3757107257843
langmem,54,dev_0081,1,12_00016,OK,,4,2838,4457,7295,3,144,144,484,3,3,72,173,357.64439725875854
langmem,54,dev_0081,2,2_00049,OK,,4,1570,4473,6043,3,139,139,220,3,6,138,346,342.98486948013306
langmem,54,dev_0081,3,11_00110,OK,,4,3070,4483,7553,3,165,165,534,3,9,230,542,361.2336654663086
langmem,54,dev_0081,4,11_00059,OK,,4,1914,4458,6372,3,120,120,297,3,12,275,691,357.5067369937897
langmem,54,dev_0081,5,10_00046,OK,,4,1678,4471,6149,3,132,132,258,3,15,332,855,360.09371852874756
langmem,54,dev_0081,6,15_00109,OK,,4,2430,4461,6891,3,144,144,386,3,18,402,1033,356.84932255744934
langmem,54,dev_0081,7,6_00043,OK,,4,1798,4473,6271,3,133,133,280,3,21,463,1200,359.5298900604248
langmem,54,dev_0081,8,20_00075,OK,,1,376,327,703,6,282,282,173,6,27,667,1530,31.762665510177612
langmem,54,dev_0081,9,11_00097,OK,,4,2030,4469,6499,3,152,152,300,3,30,746,1714,356.58705949783325
langmem,55,dev_0082,1,18_00093,OK,,4,1794,4480,6274,3,136,136,260,3,3,63,168,375.8044853210449
langmem,55,dev_0082,2,5_00107,OK,,1,179,60,239,1,49,49,47,1,4,99,224,15.095580577850342
langmem,55,dev_0082,3,4_00010,OK,,4,1038,4429,5467,3,113,113,123,3,7,140,367,352.54404950141907
langmem,55,dev_0082,4,6_00007,OK,,4,994,4456,5450,3,119,119,116,3,10,185,522,360.873637676239
langmem,55,dev_0082,5,17_00077,OK,,4,3502,4434,7936,3,122,122,607,3,13,235,675,356.9537787437439
langmem,55,dev_0082,6,17_00057,OK,,4,1950,4493,6443,3,141,141,297,3,16,303,853,359.8866038322449
langmem,55,dev_0082,7,1_00070,OK,,4,1378,4448,5826,3,112,112,196,3,19,343,1000,355.3248074054718
langmem,55,dev_0082,8,17_00049,OK,,4,2082,4442,6524,3,124,124,338,3,22,395,1162,356.1870074272156
langmem,55,dev_0082,9,15_00037,OK,,4,2146,4462,6608,3,143,143,339,3,25,466,1336,355.86234760284424
langmem,56,dev_0083,1,6_00048,OK,,4,2142,4473,6615,3,144,144,338,3,3,72,181,371.1484467983246
langmem,56,dev_0083,2,16_00043,OK,,1,587,351,938,6,293,293,389,6,9,292,510,27.672412633895874
langmem,56,dev_0083,3,16_00096,OK,,4,1450,4441,5891,3,121,121,205,3,12,339,661,355.3113040924072
langmem,56,dev_0083,4,17_00102,OK,,4,2862,4431,7293,3,119,119,492,3,15,386,818,357.74397587776184
langmem,56,dev_0083,5,1_00055,OK,,4,1038,4397,5435,1,40,40,132,1,16,402,867,357.25381088256836
langmem,56,dev_0083,6,18_00002,OK,,4,3518,4470,7988,3,148,148,606,3,19,478,1049,357.79376125335693
langmem,56,dev_0083,7,13_00010,OK,,4,1022,4441,5463,3,129,129,118,3,22,534,1208,355.08782625198364
langmem,57,dev_0084,1,11_00127,OK,,4,2898,4469,7367,3,154,154,522,3,3,81,188,373.3873703479767
langmem,57,dev_0084,2,6_00034,OK,,4,1554,4495,6049,3,152,152,218,3,6,161,374,357.2598066329956
langmem,57,dev_0084,3,3_00084,OK,,4,1106,4472,5578,3,158,158,133,3,9,247,570,361.6413059234619
langmem,57,dev_0084,4,6_00001,OK,,4,1310,4433,5743,3,125,125,173,3,12,299,730,355.3395733833313
langmem,57,dev_0084,5,18_00083,OK,,4,2354,4465,6819,3,153,153,396,3,15,379,916,358.4754090309143
langmem,57,dev_0084,6,14_00115,OK,,4,2238,4477,6715,3,132,132,366,3,18,438,1079,357.89811301231384
langmem,57,dev_0084,7,17_00095,OK,,4,3606,4470,8076,3,150,150,623,3,21,516,1269,360.65721368789673
langmem,58,dev_0085,1,4_00085,OK,,4,1762,4472,6234,3,131,131,266,3,3,57,168,377.2664883136749
langmem,58,dev_0085,2,9_00059,OK,,4,2866,4449,7315,3,137,137,508,3,6,121,341,354.4500021934509
langmem,58,dev_0085,3,2_00082,OK,,4,1510,4433,5943,3,118,118,219,3,9,166,490,356.9178557395935
langmem,58,dev_0085,4,15_00072,OK,,4,2194,4449,6643,3,137,137,356,3,12,228,657,357.40386962890625
langmem,58,dev_0085,5,11_00020,OK,,4,1754,4437,6191,3,117,117,253,3,15,270,810,355.94447231292725
langmem,58,dev_0085,6,16_00045,OK,,4,2002,4456,6458,3,139,139,323,3,18,337,980,356.3772270679474
langmem,58,dev_0085,7,12_00089,OK,,4,1702,4435,6137,3,121,121,256,3,21,383,1135,355.6946187019348
langmem,59,dev_0086,1,18_00089,OK,,4,2198,4458,6656,3,142,142,353,3,3,69,175,359.1307249069214
langmem,59,dev_0086,2,10_00121,OK,,4,1198,4441,5639,3,129,129,146,3,6,123,338,341.08076310157776
langmem,59,dev_0086,3,4_00121,OK,,4,1442,4474,5916,3,131,131,198,3,9,182,506,360.28781175613403
langmem,59,dev_0086,4,13_00099,OK,,4,2194,4477,6671,3,160,160,338,3,12,270,701,359.25752210617065
langmem,59,dev_0086,5,2_00093,OK,,4,1610,4460,6070,3,117,117,223,3,15,315,854,359.06360030174255
langmem,59,dev_0086,6,14_00057,OK,,4,2254,4453,6707,3,138,138,359,3,18,381,1028,355.94652247428894
langmem,59,dev_0086,7,1_00114,OK,,4,1638,4463,6101,3,118,118,248,3,21,424,1176,358.5851981639862
langmem,59,dev_0086,8,12_00093,OK,,4,1914,4479,6393,3,128,128,287,3,24,480,1340,358.81991481781006
langmem,60,dev_0087,1,8_00029,OK,,4,3494,4479,7973,3,160,160,635,3,3,87,193,375.4490089416504
langmem,60,dev_0087,2,20_00051,OK,,1,580,453,1033,6,288,288,391,6,9,288,531,35.437822580337524
langmem,60,dev_0087,3,10_00090,OK,,4,1510,4485,5995,3,141,141,217,3,12,357,709,358.08127880096436
langmem,60,dev_0087,4,3_00117,OK,,4,1298,4447,5745,3,127,127,175,3,15,412,868,359.07003116607666
langmem,60,dev_0087,5,11_00052,OK,,4,1662,4436,6098,3,122,122,255,3,18,462,1024,357.07567262649536
langmem,60,dev_0087,6,13_00017,OK,,4,1646,4456,6102,3,122,122,257,3,21,512,1184,357.52048444747925
langmem,60,dev_0087,7,15_00027,OK,,4,2458,4456,6914,3,138,138,414,3,24,578,1352,357.32189655303955
langmem,60,dev_0087,8,9_00020,OK,,4,1838,4455,6293,3,134,134,277,3,27,640,1520,358.5511956214905
langmem,60,dev_0087,9,2_00071,OK,,1,494,364,858,5,306,306,290,5,32,876,1859,31.7660551071167
langmem,60,dev_0087,10,7_00035,OK,,4,1862,4456,6318,3,114,114,278,3,35,918,2001,356.6682059764862
langmem,61,dev_0088,1,11_00000,OK,,2,794,1064,1858,6,272,272,214,6,6,181,312,82.63483381271362
langmem,61,dev_0088,2,2_00060,OK,,4,2050,4436,6486,3,126,126,338,3,9,234,475,340.11547017097473
langmem,61,dev_0088,3,19_00031,OK,,1,586,312,898,6,263,263,396,6,15,408,788,24.038023710250854
langmem,61,dev_0088,4,2_00096,OK,,4,1390,4430,5820,3,115,115,189,3,18,449,939,354.82955718040466
langmem,61,dev_0088,5,19_00022,OK,,4,1890,4453,6343,3,135,135,281,3,21,509,1107,359.67323446273804
langmem,61,dev_0088,6,6_00102,OK,,4,1106,4435,5541,3,120,120,138,3,24,557,1256,358.0303952693939
langmem,61,dev_0088,7,1_00125,OK,,4,1262,4458,5720,3,120,120,166,3,27,605,1408,357.92994689941406
langmem,61,dev_0088,8,14_00086,OK,,4,2242,4462,6704,3,144,144,354,3,30,676,1587,358.7711730003357
langmem,61,dev_0088,9,9_00008,OK,,4,2018,4456,6474,3,132,132,312,3,33,735,1754,357.42701625823975
langmem,62,dev_0089,1,1_00040,OK,,4,1154,4421,5575,3,111,111,162,3,3,38,143,348.2330665588379
langmem,62,dev_0089,2,19_00053,OK,,1,532,330,862,6,293,293,272,6,9,251,484,40.08776783943176
langmem,62,dev_0089,3,11_00008,OK,,4,1494,4443,5937,3,125,125,200,3,12,300,647,354.64575004577637
langmem,62,dev_0089,4,20_00052,OK,,1,499,357,856,6,282,282,296,6,18,508,972,29.072664499282837
langmem,62,dev_0089,5,9_00055,OK,,4,1850,4437,6287,3,125,125,291,3,21,561,1130,359.15126967430115
langmem,62,dev_0089,6,1_00086,OK,,4,2358,4428,6786,3,118,118,389,3,24,607,1280,357.25618410110474
langmem,62,dev_0089,7,18_00068,OK,,4,1586,4435,6021,3,125,125,224,3,27,658,1437,355.37627053260803
langmem,62,dev_0089,8,7_00032,OK,,4,1326,4426,5752,3,114,114,184,3,30,697,1583,354.6641278266907
langmem,63,dev_0090,1,4_00103,OK,,4,1678,4477,6155,3,125,125,249,3,3,53,157,376.9069228172302
langmem,63,dev_0090,2,1_00107,OK,,4,1710,4467,6177,3,128,128,255,3,6,106,318,355.5077838897705
langmem,63,dev_0090,3,15_00059,OK,,4,2754,4451,7205,3,132,132,470,3,9,165,482,358.39723920822144
langmem,63,dev_0090,4,1_00101,OK,,4,1550,4431,5981,3,117,117,228,3,12,208,630,355.58329486846924
langmem,63,dev_0090,5,9_00124,OK,,4,1718,4449,6167,3,137,137,277,3,15,272,801,357.07890343666077
langmem,63,dev_0090,6,19_00042,OK,,4,2406,4467,6873,3,151,151,381,3,18,351,987,357.2187554836273
langmem,63,dev_0090,7,16_00092,OK,,1,607,353,960,6,287,287,418,6,24,558,1323,31.99931573867798
langmem,63,dev_0090,8,19_00080,OK,,1,893,367,1260,6,341,341,645,6,30,817,1709,31.754180192947388
langmem,64,dev_0091,1,9_00092,OK,,1,359,612,971,6,364,364,182,6,6,291,405,49.703176975250244
langmem,64,dev_0091,2,2_00084,OK,,4,1678,4432,6110,3,119,119,247,3,9,338,558,341.8821361064911
langmem,64,dev_0091,3,11_00075,OK,,4,1890,4498,6388,3,153,153,302,3,12,418,747,358.42082691192627
langmem,64,dev_0091,4,19_00101,OK,,4,1962,4467,6429,3,129,129,308,3,15,473,903,360.1068379878998
langmem,64,dev_0091,5,5_00022,OK,,4,1122,4444,5566,3,126,126,146,3,18,527,1060,360.4988317489624
langmem,64,dev_0091,6,12_00041,OK,,4,2506,4459,6965,3,144,144,412,3,21,598,1238,357.64174485206604
langmem,64,dev_0091,7,5_00012,OK,,4,1530,4452,5982,3,122,122,216,3,24,647,1396,355.79656863212585
langmem,64,dev_0091,8,20_00020,OK,,4,1802,4471,6273,3,136,136,262,3,27,710,1566,360.0310380458832
langmem,65,dev_0092,1,20_00074,OK,,4,1658,4485,6143,3,140,140,227,3,3,67,173,381.13746070861816
langmem,65,dev_0092,2,2_00010,OK,,4,1234,4453,5687,3,113,113,165,3,6,107,318,353.8353326320648
langmem,65,dev_0092,3,20_00014,OK,,4,2138,4449,6587,3,137,137,344,3,9,172,490,358.32198429107666
langmem,65,dev_0092,4,18_00018,OK,,4,2442,4460,6902,3,144,144,385,3,12,244,667,358.2475097179413
langmem,65,dev_0092,5,4_00111,OK,,4,1298,4444,5742,3,122,122,171,3,15,290,822,356.08114671707153
langmem,65,dev_0092,6,12_00096,OK,,4,1666,4453,6119,3,121,121,243,3,18,339,974,355.8313989639282
langmem,65,dev_0092,7,1_00062,OK,,4,1226,4470,5696,3,121,121,164,3,21,388,1129,359.9929051399231
langmem,66,dev_0093,1,14_00063,OK,,4,1838,4471,6309,3,125,125,275,3,3,50,156,369.7770428657532
langmem,66,dev_0093,2,9_00064,OK,,4,2666,4465,7131,3,148,148,469,3,6,126,334,350.43049025535583
langmem,66,dev_0093,3,14_00062,OK,,4,2778,4459,7237,3,144,144,474,3,9,198,511,358.3197762966156
langmem,66,dev_0093,4,3_00087,OK,,4,850,4436,5286,3,125,125,81,3,12,251,671,356.2108664512634
langmem,66,dev_0093,5,14_00004,OK,,4,1958,4491,6449,3,150,150,294,3,15,329,865,361.6482481956482
langmem,66,dev_0093,6,6_00035,OK,,4,1970,4467,6437,3,125,125,321,3,18,382,1025,357.59297132492065
langmem,67,dev_0094,1,8_00003,OK,,4,2406,4469,6875,3,148,148,395,3,3,75,188,371.81441044807434
langmem,67,dev_0094,2,3_00052,OK,,4,2090,4485,6575,3,141,141,351,3,6,143,365,355.0377380847931
langmem,67,dev_0094,3,8_00072,OK,,1,565,296,861,6,261,261,347,6,12,324,663,28.60450530052185
langmem,67,dev_0094,4,11_00003,OK,,4,1510,4450,5960,3,137,137,217,3,15,387,831,358.6712005138397
langmem,67,dev_0094,5,11_00033,OK,,4,1726,4447,6173,3,129,129,254,3,18,441,994,358.8313193321228
langmem,67,dev_0094,6,14_00013,OK,,4,2118,4432,6550,3,119,119,341,3,21,487,1147,355.63634729385376
langmem,67,dev_0094,7,14_00042,OK,,4,2326,4450,6776,3,137,137,378,3,24,552,1320,355.8024287223816
langmem,67,dev_0094,8,8_00108,OK,,4,1722,4448,6170,3,135,135,255,3,27,612,1489,358.6967833042145
langmem,67,dev_0094,9,5_00054,OK,,4,1070,4432,5502,3,118,118,129,3,30,658,1636,353.3393940925598
langmem,68,dev_0095,1,15_00081,OK,,4,1982,4471,6453,3,130,130,301,3,3,56,165,374.07091188430786
langmem,68,dev_0095,2,15_00094,OK,,4,1918,4472,6390,3,134,134,297,3,6,116,333,354.9918372631073
langmem,68,dev_0095,3,4_00080,OK,,4,1766,4468,6234,3,126,126,271,3,9,168,490,360.23985052108765
langmem,68,dev_0095,4,11_00101,OK,,4,1830,4491,6321,3,143,143,269,3,12,239,668,361.4566214084625
langmem,68,dev_0095,5,17_00118,OK,,1,758,528,1286,6,292,292,518,6,17,407,939,45.847498416900635
langmem,69,dev_0096,1,12_00038,OK,,4,2070,4449,6519,3,136,136,307,3,3,64,170,354.3171179294586
langmem,69,dev_0096,2,16_00127,OK,,4,1754,4499,6253,3,153,153,267,3,6,145,356,341.3596992492676
langmem,69,dev_0096,3,9_00122,OK,,4,1818,4471,6289,3,126,126,300,3,9,197,518,359.80202460289
langmem,69,dev_0096,4,10_00053,OK,,4,1634,4467,6101,3,125,125,270,3,12,250,678,358.5927641391754
langmem,69,dev_0096,5,12_00087,OK,,4,1882,4446,6328,3,122,122,298,3,15,300,835,358.1192865371704
langmem,69,dev_0096,6,10_00097,OK,,4,1506,4428,5934,3,121,121,220,3,18,346,992,353.91772389411926
langmem,70,dev_0097,1,12_00117,OK,,4,1722,4439,6161,3,121,121,270,3,3,46,159,352.54907846450806
langmem,70,dev_0097,2,20_00029,OK,,4,1566,4468,6034,3,133,133,193,3,6,107,329,336.12097907066345
langmem,70,dev_0097,3,3_00082,OK,,4,1162,4466,5628,2,116,116,146,2,8,175,464,359.1980016231537
langmem,70,dev_0097,4,1_00035,OK,,4,1454,4471,5925,3,131,131,215,3,11,231,628,359.2818777561188
langmem,70,dev_0097,5,20_00024,OK,,4,2470,4445,6915,3,134,134,407,3,14,290,794,358.18494057655334
langmem,70,dev_0097,6,3_00061,OK,,4,1662,4470,6132,3,136,136,230,3,17,351,969,357.58912444114685
langmem,70,dev_0097,7,9_00085,OK,,4,1522,4500,6022,3,153,153,232,3,20,432,1162,362.4381172657013
langmem,70,dev_0097,8,8_00011,OK,,4,2590,4473,7063,3,145,145,436,3,23,504,1337,358.1495077610016
langmem,70,dev_0097,9,20_00090,OK,,4,1698,4469,6167,3,127,127,251,3,26,559,1493,359.70583271980286
langmem,70,dev_0097,10,5_00021,OK,,4,1094,4439,5533,3,119,119,118,3,29,605,1648,358.1240129470825
langmem,71,dev_0098,1,1_00076,OK,,4,1226,4445,5671,3,110,110,164,3,3,38,141,353.97485995292664
langmem,71,dev_0098,2,12_00079,OK,,4,1690,4451,6141,3,130,130,250,3,6,95,309,336.01706528663635
langmem,71,dev_0098,3,17_00093,OK,,4,3406,4458,7864,3,139,139,616,3,9,162,484,358.4539432525635
langmem,71,dev_0098,4,6_00025,OK,,4,1222,4438,5660,3,130,130,159,3,12,220,646,356.0645868778229
langmem,71,dev_0098,5,14_00056,OK,,1,526,337,863,6,289,289,305,6,18,429,978,34.20858860015869
langmem,72,dev_0099,1,20_00084,OK,,4,1634,4468,6102,3,128,128,249,3,3,56,160,372.14184832572937
langmem,72,dev_0099,2,2_00051,OK,,4,2006,4461,6467,3,125,125,315,3,6,108,319,352.50602102279663
langmem,72,dev_0099,3,19_00124,OK,,4,2154,4457,6611,3,140,140,339,3,9,174,491,359.19808554649353
langmem,72,dev_0099,4,11_00116,OK,,4,3758,4464,8222,3,144,144,697,3,12,245,670,358.45689034461975
langmem,72,dev_0099,5,11_00067,OK,,4,2342,4494,6836,3,173,173,368,3,15,345,876,361.5202224254608
langmem,72,dev_0099,6,6_00059,OK,,4,1798,4446,6244,3,134,134,283,3,18,407,1039,355.06981682777405
langmem,72,dev_0099,7,19_00085,OK,,1,705,315,1020,6,286,286,451,6,24,613,1377,29.126354694366455
langmem,72,dev_0099,8,20_00081,OK,,4,1362,4471,5833,3,129,129,161,3,27,671,1543,358.89764285087585
langmem,72,dev_0099,9,3_00111,OK,,4,1694,4449,6143,3,133,133,256,3,30,732,1712,354.97582840919495
langmem,73,dev_0100,1,14_00083,OK,,4,2230,4453,6683,3,141,141,372,3,3,67,179,362.85528540611267
langmem,73,dev_0100,2,16_00075,OK,,4,1370,4437,5807,3,122,122,180,3,6,117,333,343.30796217918396
langmem,73,dev_0100,3,7_00042,OK,,4,1926,4454,6380,3,134,134,326,3,9,178,499,358.5136504173279
langmem,73,dev_0100,4,1_00041,OK,,4,1614,4467,6081,3,122,122,241,3,12,228,656,358.1290969848633
langmem,73,dev_0100,5,12_00123,OK,,4,1798,4443,6241,3,124,124,291,3,15,277,812,357.5805277824402
langmem,74,dev_0102,1,3_00018,OK,,4,1098,4433,5531,3,117,117,129,3,3,42,150,353.2678451538086
langmem,74,dev_0102,2,11_00120,OK,,4,2198,4451,6649,3,141,141,346,3,6,110,321,335.8639130592346
langmem,74,dev_0102,3,2_00017,OK,,4,1218,4441,5659,3,127,127,166,3,9,164,475,357.09895944595337
langmem,74,dev_0102,4,17_00117,OK,,1,508,346,854,6,307,307,311,6,15,388,822,34.79441547393799
langmem,74,dev_0102,5,19_00123,OK,,4,1882,4433,6315,3,121,121,293,3,18,437,980,356.1830370426178
langmem,74,dev_0102,6,13_00042,OK,,4,2122,4450,6572,3,125,125,337,3,21,490,1139,357.1434996128082
langmem,74,dev_0102,7,4_00049,OK,,4,1486,4472,5958,3,127,127,210,3,24,544,1301,358.80630922317505
langmem,74,dev_0102,8,16_00109,OK,,4,1646,4468,6114,3,126,126,246,3,27,597,1462,359.82179832458496
langmem,74,dev_0102,9,6_00088,OK,,4,1686,4447,6133,3,140,140,251,3,30,665,1635,355.2104616165161
langmem,74,dev_0102,10,9_00083,OK,,4,1382,4476,5858,3,137,137,191,3,33,730,1804,359.9942297935486
langmem,75,dev_0103,1,12_00053,OK,,4,2290,4491,6781,3,161,161,379,3,3,89,197,386.68529176712036
langmem,75,dev_0103,2,7_00057,OK,,1,352,532,884,6,278,278,190,6,9,282,515,41.26116991043091
langmem,75,dev_0103,3,10_00080,OK,,4,1998,4439,6437,3,127,127,341,3,12,337,677,355.2221622467041
langmem,75,dev_0103,4,14_00012,OK,,4,1902,4464,6366,3,127,127,293,3,15,392,835,360.9052309989929
langmem,75,dev_0103,5,17_00012,OK,,4,1774,4477,6251,3,133,133,280,3,18,453,1005,360.0189971923828
langmem,75,dev_0103,6,16_00099,OK,,4,1682,4467,6149,3,120,120,254,3,21,498,1162,358.34989285469055
langmem,75,dev_0103,7,11_00122,OK,,4,2586,4475,7061,3,157,157,425,3,24,582,1353,358.80648469924927
langmem,75,dev_0103,8,2_00094,OK,,1,587,333,920,6,296,296,371,6,30,798,1693,28.001020431518555
langmem,75,dev_0103,9,11_00025,OK,,4,1978,4493,6471,3,141,141,297,3,33,867,1870,360.32561588287354
langmem,76,dev_0104,1,8_00081,OK,,4,1982,4438,6420,3,126,126,308,3,3,54,157,352.2052080631256
langmem,76,dev_0104,2,2_00109,OK,,4,1946,4424,6370,3,112,112,301,3,6,94,298,331.7529549598694
langmem,76,dev_0104,3,17_00032,OK,,4,2050,4468,6518,3,142,142,343,3,9,163,471,359.5476896762848
langmem,76,dev_0104,4,10_00104,OK,,4,1558,4478,6036,3,138,138,220,3,12,228,641,359.90339708328247
langmem,76,dev_0104,5,6_00019,OK,,4,1230,4431,5661,3,124,124,172,3,15,280,802,357.03242778778076
langmem,76,dev_0104,6,19_00049,OK,,1,676,312,988,6,277,277,442,6,21,482,1125,30.33556032180786
langmem,77,dev_0105,1,5_00028,OK,,4,1046,4464,5510,3,132,132,122,3,3,60,166,370.11341166496277
langmem,77,dev_0105,2,10_00055,OK,,4,1482,4437,5919,3,121,121,212,3,6,109,324,348.48616433143616
langmem,77,dev_0105,3,15_00088,OK,,4,1810,4472,6282,3,138,138,269,3,9,175,493,359.56743264198303
langmem,77,dev_0105,4,1_00012,OK,,4,1530,4456,5986,3,122,122,215,3,12,224,650,357.81925201416016
langmem,77,dev_0105,5,15_00014,OK,,4,2606,4485,7091,3,166,166,451,3,15,315,846,360.77607822418213
langmem,77,dev_0105,6,7_00012,OK,,4,950,4443,5393,3,132,132,110,3,18,373,1017,355.61809253692627
langmem,77,dev_0105,7,8_00008,OK,,4,2638,4473,7111,3,140,140,440,3,21,441,1192,359.038467168808
langmem,77,dev_0105,8,12_00116,OK,,3,1071,2819,3890,6,280,280,206,6,27,619,1527,225.81888961791992
langmem,77,dev_0105,9,6_00049,OK,,4,1438,4426,5864,3,114,114,204,3,30,661,1671,356.56521463394165
langmem,78,dev_0107,1,8_00119,OK,,4,2318,4455,6773,3,134,134,386,3,3,62,169,366.38908076286316
langmem,78,dev_0107,2,19_00064,OK,,4,2234,4479,6713,3,134,134,334,3,6,123,333,350.23554587364197
langmem,78,dev_0107,3,20_00017,OK,,1,584,467,1051,6,289,289,388,6,12,334,665,42.788492918014526
langmem,78,dev_0107,4,13_00034,OK,,4,1530,4470,6000,3,136,136,196,3,15,397,838,360.39213967323303
langmem,78,dev_0107,5,15_00024,OK,,4,2750,4473,7223,3,155,155,483,3,18,479,1025,360.78640842437744
langmem,78,dev_0107,6,1_00072,OK,,4,1142,4425,5567,3,115,115,143,3,21,519,1171,355.2032151222229
langmem,78,dev_0107,7,15_00121,OK,,4,2374,4477,6851,3,159,159,377,3,24,604,1361,358.50283432006836
langmem,78,dev_0107,8,11_00089,OK,,1,496,517,1013,6,274,274,279,6,30,799,1679,42.91048192977905
langmem,79,dev_0108,1,12_00066,OK,,4,1854,4447,6301,3,128,128,272,3,3,53,165,355.08321499824524
langmem,79,dev_0108,2,1_00048,OK,,4,1334,4459,5793,3,121,121,193,3,6,101,323,338.1826584339142
langmem,79,dev_0108,3,4_00026,OK,,1,578,336,914,6,301,301,364,6,12,319,667,36.988818883895874
langmem,79,dev_0108,4,17_00106,OK,,4,2978,4468,7446,3,150,150,485,3,15,396,852,360.1751666069031
langmem,79,dev_0108,5,9_00052,OK,,4,1910,4470,6380,3,127,127,298,3,18,451,1009,359.0560119152069
langmem,79,dev_0108,6,2_00025,OK,,4,1422,4441,5863,3,125,125,201,3,21,503,1167,355.85544085502625
langmem,79,dev_0108,7,7_00001,OK,,1,357,470,827,5,259,259,210,5,26,676,1462,41.59863257408142
langmem,79,dev_0108,8,10_00122,OK,,4,1490,4470,5960,3,132,132,216,3,29,736,1625,358.3674259185791
langmem,79,dev_0108,9,13_00079,OK,,4,2554,4461,7015,3,150,150,454,3,32,811,1806,357.9865803718567
langmem,80,dev_0109,1,10_00044,OK,,4,1362,4435,5797,3,123,123,182,3,3,48,157,351.4558906555176
langmem,80,dev_0109,2,10_00016,OK,,4,1474,4463,5937,3,124,124,213,3,6,98,315,335.20986104011536
langmem,80,dev_0109,3,15_00073,OK,,4,2118,4455,6573,3,142,142,363,3,9,166,491,358.191734790802
langmem,80,dev_0109,4,20_00022,OK,,4,2498,4486,6984,3,141,141,431,3,12,235,667,360.6762545108795
langmem,80,dev_0109,5,18_00031,OK,,4,2906,4445,7351,3,128,128,510,3,15,288,834,358.30699276924133
langmem,80,dev_0109,6,4_00024,OK,,4,1874,4496,6370,3,151,151,289,3,18,367,1022,359.825914144516
langmem,80,dev_0109,7,15_00003,OK,,4,2694,4478,7172,3,135,135,469,3,21,429,1186,360.4177215099335
langmem,80,dev_0109,8,17_00080,OK,,4,3106,4448,7554,3,129,129,541,3,24,486,1347,355.9946014881134
langmem,80,dev_0109,9,6_00046,OK,,4,1458,4462,5920,3,119,119,191,3,27,533,1497,359.18500113487244
langmem,80,dev_0109,10,13_00072,OK,,4,2382,4483,6865,3,161,161,404,3,30,622,1691,362.4310519695282
langmem,81,dev_0110,1,18_00080,OK,,4,1378,4461,5839,3,142,142,171,3,3,66,176,372.45831632614136
langmem,81,dev_0110,2,9_00107,OK,,4,1374,4429,5803,3,114,114,189,3,6,108,321,348.1996190547943
langmem,81,dev_0110,3,14_00038,OK,,4,2102,4444,6546,3,127,127,329,3,9,163,479,356.50798416137695
langmem,81,dev_0110,4,11_00078,OK,,4,1774,4481,6255,3,136,136,261,3,12,227,646,360.7341949939728
langmem,81,dev_0110,5,8_00013,OK,,1,597,344,941,6,291,291,369,6,18,441,982,34.64785575866699
langmem,81,dev_0110,6,7_00026,OK,,4,870,4435,5305,3,120,120,84,3,21,489,1133,355.3172998428345
langmem,81,dev_0110,7,7_00020,OK,,4,886,4429,5315,3,112,112,95,3,24,528,1282,353.78289580345154
langmem,81,dev_0110,8,5_00100,OK,,4,1254,4467,5721,3,130,130,174,3,27,586,1445,359.29647755622864
langmem,81,dev_0110,9,14_00047,OK,,1,599,318,917,6,287,287,371,6,33,799,1777,27.956509828567505
langmem,82,dev_0111,1,3_00095,OK,,4,1042,4457,5499,2,110,110,128,2,2,62,130,364.4729390144348
langmem,82,dev_0111,2,2_00012,OK,,4,1058,4420,5478,3,112,112,122,3,5,102,279,342.951819896698
langmem,82,dev_0111,3,8_00037,OK,,4,2262,4478,6740,3,150,150,370,3,8,179,459,360.66228199005127
langmem,82,dev_0111,4,1_00067,OK,,4,1206,4433,5639,3,116,116,151,3,11,221,612,355.2752513885498
langmem,82,dev_0111,5,10_00081,OK,,4,1446,4474,5920,3,136,136,206,3,14,285,784,360.70427560806274
langmem,82,dev_0111,6,15_00074,OK,,1,693,559,1252,6,353,353,459,6,20,543,1182,52.61098647117615
langmem,82,dev_0111,7,13_00084,OK,,4,2522,4454,6976,3,144,144,406,3,23,615,1358,356.3273618221283
langmem,82,dev_0111,8,1_00126,OK,,4,958,4429,5387,3,113,113,108,3,26,656,1509,355.13893270492554
langmem,82,dev_0111,9,6_00119,OK,,4,1126,4444,5570,3,121,121,139,3,29,705,1667,354.5079689025879
langmem,82,dev_0111,10,13_00007,OK,,4,1658,4476,6134,3,136,136,239,3,32,769,1834,360.39337968826294
langmem,83,dev_0112,1,9_00036,OK,,1,563,584,1147,6,332,332,333,6,6,248,382,47.652655363082886
langmem,83,dev_0112,2,10_00024,OK,,4,1562,4458,6020,3,115,115,232,3,9,288,534,344.258807182312
langmem,83,dev_0112,3,14_00081,OK,,4,2026,4471,6497,3,152,152,327,3,12,366,721,356.27202439308167
langmem,83,dev_0112,4,3_00118,OK,,4,1162,4439,5601,3,121,121,138,3,15,415,876,359.5915172100067
langmem,83,dev_0112,5,5_00104,OK,,4,946,4448,5394,3,130,130,110,3,18,473,1040,361.0939710140228
langmem,83,dev_0112,6,20_00102,OK,,2,914,1290,2204,6,284,284,264,6,24,678,1364,101.55414581298828
langmem,83,dev_0112,7,12_00002,OK,,4,2842,4455,7297,3,142,142,498,3,27,748,1542,357.06585216522217
langmem,84,dev_0113,1,6_00087,OK,,4,1890,4470,6360,3,125,125,275,3,3,53,156,374.7380621433258
langmem,84,dev_0113,2,10_00006,OK,,4,1878,4453,6331,3,118,118,308,3,6,97,306,352.78207755088806
langmem,84,dev_0113,3,3_00054,OK,,4,1994,4486,6480,3,139,139,306,3,9,164,480,362.220041513443
langmem,84,dev_0113,4,9_00022,OK,,4,2178,4446,6624,3,124,124,353,3,12,214,636,356.98198676109314
langmem,84,dev_0113,5,5_00096,OK,,4,810,4429,5239,3,121,121,84,3,15,259,796,354.8544554710388
langmem,84,dev_0113,6,15_00005,OK,,4,2198,4459,6657,3,144,144,359,3,18,329,976,356.3731732368469
langmem,84,dev_0113,7,13_00124,OK,,4,2338,4449,6787,3,136,136,382,3,21,393,1145,356.9886507987976
langmem,85,dev_0114,1,8_00060,OK,,4,1726,4450,6176,3,135,135,266,3,3,63,177,365.185914516449
langmem,85,dev_0114,2,4_00123,OK,,4,1322,4473,5795,3,123,123,174,3,6,114,336,348.3240394592285
langmem,85,dev_0114,3,5_00049,OK,,4,958,4479,5437,3,128,128,108,3,9,170,495,360.30376267433167
langmem,85,dev_0114,4,11_00011,OK,,4,1378,4453,5831,3,137,137,192,3,12,233,662,357.54879784584045
langmem,85,dev_0114,5,4_00096,OK,,1,482,330,812,6,287,287,311,6,18,437,989,35.52980661392212
langmem,85,dev_0114,6,7_00019,OK,,1,487,639,1126,6,382,382,310,6,24,738,1419,52.06488037109375
langmem,86,dev_0115,1,13_00061,OK,,3,2154,2752,4906,6,279,279,481,6,6,203,324,209.26806545257568
langmem,86,dev_0115,2,7_00006,OK,,4,1230,4436,5666,3,124,124,163,3,9,253,481,341.4478738307953
langmem,86,dev_0115,3,16_00083,OK,,4,1886,4486,6372,3,141,141,295,3,12,322,660,360.4433419704437
langmem,86,dev_0115,4,6_00125,OK,,4,1422,4441,5863,3,123,123,218,3,15,373,816,358.73493099212646
langmem,86,dev_0115,5,14_00118,OK,,4,2506,4439,6945,3,128,128,404,3,18,425,977,357.3879909515381
langmem,87,dev_0116,1,13_00008,OK,,4,1082,4425,5507,3,116,116,130,3,3,41,146,348.9367685317993
langmem,87,dev_0116,2,5_00067,OK,,1,178,104,282,2,94,94,47,2,4,77,202,38.294917345047
langmem,87,dev_0116,3,8_00054,OK,,4,1342,4432,5774,3,124,124,166,3,7,129,357,353.85960388183594
langmem,87,dev_0116,4,10_00106,OK,,4,1562,4432,5994,3,122,122,211,3,10,176,511,357.3325939178467
langmem,87,dev_0116,5,12_00068,OK,,4,1334,4453,5787,3,129,129,162,3,13,232,677,358.12979102134705
langmem,87,dev_0116,6,12_00031,OK,,4,2618,4459,7077,3,143,143,447,3,16,303,851,356.82929825782776
langmem,87,dev_0116,7,6_00052,OK,,4,2406,4444,6850,3,118,118,404,3,19,349,1000,355.0793254375458
langmem,88,dev_0117,1,20_00008,OK,,1,481,304,785,6,275,275,289,6,6,194,322,27.109442234039307
langmem,88,dev_0117,2,2_00101,OK,,4,1742,4433,6175,3,124,124,255,3,9,246,478,360.4633243083954
langmem,88,dev_0117,3,12_00097,OK,,4,1714,4451,6165,3,130,130,250,3,12,304,642,354.389351606369
langmem,88,dev_0117,4,15_00061,OK,,4,2422,4463,6885,3,147,147,400,3,15,377,826,361.2739927768707
langmem,88,dev_0117,5,10_00116,OK,,4,1830,4475,6305,3,137,137,281,3,18,440,997,361.5035707950592
langmem,88,dev_0117,6,17_00108,OK,,1,655,302,957,6,269,269,429,6,23,601,1269,25.756103515625
langmem,88,dev_0117,7,2_00050,OK,,4,1858,4433,6291,3,126,126,302,3,26,652,1427,355.4132225513458
langmem,89,dev_0118,1,17_00122,OK,,4,2430,4466,6896,3,148,148,375,3,3,75,184,370.43481278419495
langmem,89,dev_0118,2,12_00067,OK,,4,2478,4443,6921,3,128,128,398,3,6,131,355,349.3890883922577
langmem,89,dev_0118,3,15_00008,OK,,1,843,351,1194,6,306,306,596,6,12,358,703,33.36898994445801
langmem,89,dev_0118,4,5_00121,OK,,4,1098,4440,5538,3,132,132,135,3,15,418,867,358.17801451683044
langmem,89,dev_0118,5,14_00040,OK,,4,2114,4436,6550,3,127,127,329,3,18,473,1029,360.21888279914856
langmem,89,dev_0118,6,9_00077,OK,,1,434,564,998,6,329,329,276,6,23,684,1348,44.92890191078186
langmem,89,dev_0118,7,11_00018,OK,,4,1794,4448,6242,3,125,125,259,3,26,733,1509,357.38393115997314
langmem,89,dev_0118,8,4_00100,OK,,4,1526,4446,5972,3,130,130,233,3,29,789,1673,357.0315432548523
langmem,89,dev_0118,9,19_00108,OK,,4,1650,4460,6110,3,118,118,236,3,32,835,1826,358.680536031723
langmem,89,dev_0118,10,9_00103,OK,,4,1158,4459,5617,3,149,149,161,3,35,912,2013,356.88539266586304
langmem,90,dev_0119,1,7_00034,OK,,4,2438,4461,6899,3,143,143,414,3,3,70,177,366.7437014579773
langmem,90,dev_0119,2,10_00066,OK,,4,1954,4478,6432,3,134,134,333,3,6,132,346,350.9895203113556
langmem,90,dev_0119,3,19_00071,OK,,1,768,366,1134,6,315,315,516,6,12,360,705,34.62417244911194
langmem,90,dev_0119,4,20_00063,OK,,1,397,483,880,6,281,281,224,6,17,531,978,38.343889474868774
langmem,90,dev_0119,5,17_00096,OK,,4,3170,4460,7630,3,140,140,548,3,20,599,1150,360.1982436180115
langmem,90,dev_0119,6,5_00036,OK,,1,411,512,923,6,278,278,238,6,26,797,1471,39.93152618408203
langmem,90,dev_0119,7,5_00050,OK,,4,1350,4463,5813,3,125,125,210,3,29,850,1629,359.4923446178436
langmem,90,dev_0119,8,6_00095,OK,,4,1142,4436,5578,3,122,122,138,3,32,900,1785,355.8684959411621
langmem,90,dev_0119,9,1_00103,OK,,4,1974,4435,6409,3,124,124,316,3,35,949,1944,357.0714511871338
langmem,91,dev_0120,1,12_00032,OK,,4,2350,4467,6817,3,145,145,359,3,3,73,178,374.3876633644104
langmem,91,dev_0120,2,13_00089,OK,,4,2194,4438,6632,3,127,127,344,3,6,128,335,351.85427737236023
langmem,91,dev_0120,3,11_00009,OK,,4,1438,4484,5922,3,140,140,197,3,9,196,504,361.9903709888458
langmem,91,dev_0120,4,3_00049,OK,,4,2314,4449,6763,3,140,140,372,3,12,264,682,357.29069352149963
langmem,91,dev_0120,5,13_00110,OK,,4,2094,4458,6552,3,147,147,333,3,15,339,862,357.51570177078247
langmem,92,dev_0122,1,8_00047,OK,,4,2874,4477,7351,3,154,154,497,3,3,82,192,382.8915898799896
langmem,92,dev_0122,2,20_00080,OK,,4,2150,4442,6592,3,126,126,354,3,6,136,355,355.4437098503113
langmem,92,dev_0122,3,18_00046,OK,,4,1922,4467,6389,3,122,122,305,3,9,185,514,360.6542389392853
langmem,92,dev_0122,4,9_00046,OK,,4,1646,4472,6118,3,128,128,242,3,12,241,684,359.77158522605896
langmem,92,dev_0122,5,16_00058,OK,,4,1838,4505,6343,3,154,154,275,3,15,323,870,360.98873233795166
langmem,93,dev_0124,1,9_00006,OK,,4,1734,4491,6225,3,142,142,255,3,3,70,170,385.6488811969757
langmem,93,dev_0124,2,2_00048,OK,,4,2114,4432,6546,3,120,120,334,3,6,118,324,354.13995814323425
langmem,93,dev_0124,3,10_00127,OK,,4,1130,4444,5574,3,128,128,137,3,9,174,485,358.152987241745
langmem,93,dev_0124,4,12_00033,OK,,4,3346,4468,7814,3,153,153,609,3,12,255,672,359.5023639202118
langmem,93,dev_0124,5,10_00012,OK,,4,1434,4436,5870,3,119,119,207,3,15,298,829,354.5280919075012
langmem,93,dev_0124,6,5_00061,OK,,4,1222,4440,5662,3,122,122,175,3,18,345,981,354.8734390735626
langmem,94,dev_0126,1,14_00084,OK,,1,569,378,947,6,331,331,365,6,6,252,376,34.103530406951904
langmem,94,dev_0126,2,4_00021,OK,,4,1162,4424,5586,3,116,116,146,3,9,296,521,356.2730755805969
langmem,94,dev_0126,3,17_00115,OK,,4,3906,4468,8374,3,148,148,714,3,12,371,702,356.41342663764954
langmem,94,dev_0126,4,19_00118,OK,,4,2138,4435,6573,3,118,118,347,3,15,417,857,360.00370693206787
langmem,94,dev_0126,5,11_00040,OK,,4,1630,4475,6105,3,133,133,241,3,18,475,1026,363.2820782661438
langmem,94,dev_0126,6,12_00029,OK,,4,2334,4454,6788,3,132,132,390,3,21,535,1192,356.386057138443
langmem,94,dev_0126,7,16_00080,OK,,4,1750,4475,6225,3,129,129,260,3,24,592,1362,358.24544191360474
langmem,94,dev_0126,8,19_00067,OK,,4,3158,4459,7617,3,140,140,564,3,27,659,1534,358.9467966556549
langmem,94,dev_0126,9,11_00027,OK,,4,1682,4460,6142,3,137,137,237,3,30,722,1707,355.68197894096375
langmem,94,dev_0126,10,7_00062,OK,,4,1962,4440,6402,3,128,128,311,3,33,775,1869,357.09871649742126
langmem,95,dev_0127,1,15_00063,OK,,4,2174,4455,6629,3,139,139,345,3,3,65,179,363.5248031616211
langmem,95,dev_0127,2,17_00091,OK,,4,4982,4446,9428,3,127,127,944,3,6,120,335,345.45557928085327
langmem,95,dev_0127,3,1_00120,OK,,4,1718,4433,6151,3,118,118,261,3,9,166,483,356.2996392250061
langmem,95,dev_0127,4,19_00115,OK,,4,1890,4472,6362,3,126,126,299,3,12,220,643,359.17679929733276
langmem,95,dev_0127,5,13_00112,OK,,4,3010,4440,7450,3,131,131,536,3,15,279,804,357.3314552307129
langmem,96,dev_0128,1,19_00004,OK,,4,2198,4460,6658,3,143,143,346,3,3,71,181,369.38128209114075
langmem,96,dev_0128,2,6_00076,OK,,4,1650,4488,6138,3,141,141,246,3,6,140,361,352.5372667312622
langmem,96,dev_0128,3,8_00048,OK,,4,2710,4474,7184,3,145,145,456,3,9,211,537,361.15413308143616
langmem,96,dev_0128,4,11_00103,OK,,4,3030,4477,7507,3,156,156,518,3,12,295,724,360.27909231185913
langmem,96,dev_0128,5,14_00094,OK,,4,1894,4438,6332,3,125,125,287,3,15,348,885,355.741730928421
langmem,96,dev_0128,6,9_00089,OK,,4,1250,4463,5713,3,148,148,180,3,18,421,1070,356.80593037605286
langmem,96,dev_0128,7,13_00064,OK,,4,2242,4519,6761,3,167,167,356,3,21,514,1273,366.4359347820282
langmem,96,dev_0128,8,5_00057,OK,,4,1306,4478,5784,3,134,134,184,3,24,576,1440,358.75214552879333
langmem,97,dev_0130,1,10_00007,OK,,4,1314,4480,5794,3,137,137,175,3,3,63,171,382.5618064403534
langmem,97,dev_0130,2,7_00028,OK,,4,1130,4441,5571,3,127,127,138,3,6,116,326,354.0290961265564
langmem,97,dev_0130,3,10_00032,OK,,4,1438,4464,5902,3,125,125,206,3,9,166,486,359.61917519569397
langmem,97,dev_0130,4,13_00118,OK,,4,2282,4471,6753,3,132,132,352,3,12,226,649,359.78100991249084
langmem,97,dev_0130,5,15_00091,OK,,4,2770,4481,7251,3,169,169,484,3,15,320,854,358.671838760376
langmem,97,dev_0130,6,3_00086,OK,,4,1030,4421,5451,1,60,60,112,1,16,356,927,352.65292859077454
langmem,98,dev_0131,1,13_00095,OK,,4,2222,4475,6697,3,153,153,341,3,3,81,183,377.94584918022156
langmem,98,dev_0131,2,1_00080,OK,,4,1986,4433,6419,3,124,124,325,3,6,131,344,353.36939334869385
langmem,98,dev_0131,3,2_00076,OK,,1,463,616,1079,6,366,366,274,6,12,410,758,51.45503640174866
langmem,98,dev_0131,4,15_00115,OK,,4,2426,4466,6892,3,145,145,404,3,15,483,939,360.89664936065674
langmem,98,dev_0131,5,9_00114,OK,,4,1238,4427,5665,3,109,109,174,3,18,517,1081,356.10482907295227
langmem,98,dev_0131,6,12_00095,OK,,4,1758,4439,6197,3,121,121,258,3,21,565,1235,356.0854244232178
langmem,98,dev_0131,7,13_00106,OK,,4,1842,4453,6295,3,138,138,296,3,24,631,1406,357.22148847579956
langmem,98,dev_0131,8,3_00059,OK,,4,1918,4495,6413,3,150,150,305,3,27,709,1586,360.3617465496063
langmem,99,dev_0132,1,12_00030,OK,,4,2466,4491,6957,3,160,160,409,3,3,88,191,386.32478284835815
langmem,99,dev_0132,2,9_00096,OK,,4,1578,4502,6080,3,150,150,233,3,6,166,376,359.1069641113281
langmem,99,dev_0132,3,13_00113,OK,,4,2414,4487,6901,3,143,143,391,3,9,237,552,362.67388677597046
langmem,99,dev_0132,4,12_00125,OK,,4,1138,4444,5582,3,131,131,152,3,12,294,716,360.33778500556946
langmem,99,dev_0132,5,20_00057,OK,,1,579,448,1027,6,281,281,377,6,18,495,1038,36.880897760391235
langmem,99,dev_0132,6,5_00042,OK,,4,874,4428,5302,3,118,118,93,3,21,541,1190,355.68336606025696
langmem,99,dev_0132,7,13_00096,OK,,4,2338,4467,6805,3,151,151,399,3,24,619,1374,358.43916845321655
langmem,99,dev_0132,8,10_00010,OK,,4,1638,4460,6098,3,128,128,243,3,27,672,1537,357.5210998058319
langmem,99,dev_0132,9,13_00121,OK,,4,2506,4453,6959,3,144,144,442,3,30,744,1715,356.46843957901
langmem,99,dev_0132,10,4_00016,OK,,4,1110,4456,5566,3,137,137,140,3,33,809,1889,359.09919595718384
langmem,100,dev_0133,1,18_00070,OK,,4,1786,4448,6234,3,135,135,277,3,3,61,172,355.99114990234375
langmem,100,dev_0133,2,11_00051,OK,,4,1766,4453,6219,3,128,128,245,3,6,116,334,338.8623147010803
langmem,100,dev_0133,3,16_00005,OK,,4,2450,4463,6913,3,144,144,413,3,9,187,514,358.7380061149597
langmem,100,dev_0133,4,20_00013,OK,,4,2250,4445,6695,3,128,128,366,3,12,243,676,356.854918718338
langmem,100,dev_0133,5,1_00002,OK,,4,1198,4424,5622,3,109,109,159,3,15,277,814,355.9902617931366
langmem,100,dev_0133,6,16_00108,OK,,4,1266,4469,5735,3,123,123,166,3,18,327,970,358.034964799881
langmem,100,dev_0133,7,6_00063,OK,,4,1842,4458,6300,3,141,141,274,3,21,395,1143,358.13977313041687
langmem,101,dev_0134,1,2_00029,OK,,4,1690,4449,6139,3,111,111,278,3,3,38,142,359.43884229660034
langmem,101,dev_0134,2,17_00111,OK,,4,3050,4469,7519,3,148,148,507,3,6,113,321,344.5021255016327
langmem,101,dev_0134,3,5_00003,OK,,4,1210,4449,5659,3,125,125,139,3,9,162,477,358.2102909088135
langmem,101,dev_0134,4,6_00010,OK,,4,1090,4434,5524,3,119,119,136,3,12,205,629,354.82868576049805
langmem,101,dev_0134,5,11_00047,OK,,4,1806,4470,6276,3,149,149,262,3,15,278,811,360.7104558944702
langmem,101,dev_0134,6,19_00070,OK,,1,529,324,853,6,291,291,312,6,21,485,1151,31.76473355293274
langmem,101,dev_0134,7,9_00080,OK,,4,1338,4446,5784,3,135,135,192,3,24,548,1316,355.13818526268005
langmem,101,dev_0134,8,12_00082,OK,,4,1954,4441,6395,3,122,122,298,3,27,598,1469,358.0885717868805
langmem,102,dev_0135,1,11_00104,OK,,1,540,525,1065,6,289,289,337,6,6,192,338,43.48142385482788
langmem,102,dev_0135,2,2_00040,OK,,4,1858,4458,6316,3,123,123,279,3,9,243,493,347.7198624610901
langmem,102,dev_0135,3,13_00116,OK,,1,593,622,1215,6,357,357,388,6,14,490,842,47.917189598083496
langmem,102,dev_0135,4,4_00122,OK,,4,1170,4433,5603,3,121,121,138,3,17,537,997,354.8696711063385
langmem,102,dev_0135,5,11_00012,OK,,1,465,530,995,6,305,305,270,6,22,719,1284,41.171446800231934
langmem,102,dev_0135,6,8_00001,OK,,4,3126,4468,7594,3,152,152,538,3,25,798,1467,361.10984659194946
langmem,103,dev_0136,1,6_00073,OK,,1,497,335,832,6,275,275,303,6,6,196,316,29.576387882232666
langmem,103,dev_0136,2,9_00018,OK,,1,460,591,1051,6,349,349,281,6,11,436,655,44.19115376472473
langmem,103,dev_0136,3,4_00065,OK,,1,504,315,819,6,276,276,308,6,16,587,911,23.307762622833252
langmem,103,dev_0136,4,19_00001,OK,,4,2514,4441,6955,3,126,126,414,3,19,641,1075,341.3190395832062
langmem,103,dev_0136,5,18_00109,OK,,4,1786,4508,6294,3,155,155,255,3,22,724,1263,360.68960785865784
langmem,103,dev_0136,6,12_00121,OK,,4,1418,4431,5849,3,123,123,200,3,25,772,1421,358.5321183204651
langmem,103,dev_0136,7,10_00011,OK,,4,978,4477,5455,3,131,131,100,3,28,831,1588,360.1610028743744
langmem,103,dev_0136,8,5_00072,OK,,4,922,4432,5354,3,131,131,103,3,31,888,1749,355.7479965686798
langmem,103,dev_0136,9,13_00035,OK,,4,2282,4483,6765,3,150,150,380,3,34,965,1928,359.9533061981201
langmem,103,dev_0136,10,11_00005,OK,,4,1498,4455,5953,3,134,134,213,3,37,1024,2097,357.99924302101135
langmem,104,dev_0137,1,18_00048,OK,,4,2318,4450,6768,3,139,139,364,3,3,63,175,360.12016677856445
langmem,104,dev_0137,2,16_00077,OK,,4,1674,4494,6168,3,139,139,243,3,6,130,348,347.6451244354248
langmem,104,dev_0137,3,16_00017,OK,,4,3198,4471,7669,3,162,162,578,3,9,220,545,359.9491424560547
langmem,104,dev_0137,4,9_00076,OK,,4,1314,4447,5761,3,137,137,182,3,12,285,717,356.2892475128174
langmem,104,dev_0137,5,16_00116,OK,,4,1710,4465,6175,3,141,141,243,3,15,354,890,359.6629102230072
langmem,104,dev_0137,6,4_00112,OK,,4,1438,4454,5892,3,130,130,200,3,18,411,1055,356.63959789276123
langmem,104,dev_0137,7,14_00095,OK,,4,1694,4483,6177,3,141,141,246,3,21,476,1225,360.7305200099945
langmem,104,dev_0137,8,1_00010,OK,,4,1786,4473,6259,3,124,124,289,3,24,528,1389,357.83294320106506
langmem,104,dev_0137,9,9_00013,OK,,1,493,407,900,6,349,349,296,6,30,800,1778,36.819411277770996
langmem,105,dev_0138,1,13_00111,OK,,4,2902,4473,7375,3,159,159,505,3,3,86,193,380.74037051200867
langmem,105,dev_0138,2,4_00108,OK,,4,1234,4483,5717,3,130,130,142,3,6,143,357,357.96215653419495
langmem,105,dev_0138,3,12_00122,OK,,4,1246,4439,5685,2,90,90,176,2,8,183,467,357.0087296962738
langmem,105,dev_0138,4,1_00115,OK,,4,2338,4447,6785,3,135,135,399,3,11,246,634,357.1884570121765
langmem,105,dev_0138,5,11_00123,OK,,4,3194,4462,7656,3,145,145,572,3,14,318,810,357.70462918281555
langmem,105,dev_0138,6,3_00031,OK,,4,1306,4468,5774,3,122,122,181,3,17,365,961,357.1115212440491
langmem,106,dev_0139,1,3_00115,OK,,1,365,482,847,5,276,276,204,5,5,209,308,40.42287063598633
langmem,106,dev_0139,2,15_00007,OK,,4,2594,4455,7049,3,139,139,447,3,8,275,488,350.3028178215027
langmem,106,dev_0139,3,5_00074,OK,,4,1142,4451,5593,3,136,136,151,3,11,339,657,355.0483124256134
langmem,106,dev_0139,4,3_00042,OK,,1,370,316,686,6,268,268,201,6,16,488,922,25.401575088500977
langmem,106,dev_0139,5,15_00105,OK,,1,614,499,1113,6,296,296,400,6,22,708,1267,39.06976103782654
langmem,106,dev_0139,6,8_00002,OK,,4,2898,4477,7375,3,158,158,487,3,25,793,1456,361.714168548584
langmem,106,dev_0139,7,14_00006,OK,,4,2122,4461,6583,3,144,144,348,3,28,865,1637,359.1851599216461
langmem,107,dev_0140,1,4_00113,OK,,4,1446,4456,5902,3,133,133,199,3,3,61,165,367.06342911720276
langmem,107,dev_0140,2,5_00125,OK,,4,1262,4469,5731,3,133,133,170,3,6,120,332,349.889285326004
langmem,107,dev_0140,3,17_00011,OK,,4,2030,4493,6523,3,171,171,338,3,9,218,540,361.86860609054565
langmem,107,dev_0140,4,16_00018,OK,,4,2038,4459,6497,3,144,144,311,3,12,289,720,358.70757007598877
langmem,107,dev_0140,5,2_00015,OK,,4,1466,4457,5923,3,116,116,220,3,15,332,869,357.8611104488373
langmem,107,dev_0140,6,2_00004,OK,,4,1146,4421,5567,3,111,111,143,3,18,371,1012,353.11091327667236
langmem,107,dev_0140,7,19_00088,OK,,2,944,1109,2053,6,292,292,284,6,24,583,1349,96.05812048912048
langmem,107,dev_0140,8,2_00028,OK,,1,365,424,789,4,254,254,211,4,28,785,1636,33.104650020599365
langmem,107,dev_0140,9,15_00042,OK,,3,2538,2846,5384,6,316,316,582,6,34,1022,1997,224.5168616771698
langmem,108,dev_0142,1,20_00085,OK,,4,2002,4490,6492,3,135,135,307,3,3,63,168,385.9724841117859
langmem,108,dev_0142,2,12_00064,OK,,4,1358,4453,5811,3,134,134,179,3,6,124,333,355.5433735847473
langmem,108,dev_0142,3,8_00103,OK,,4,1666,4442,6108,3,127,127,240,3,9,178,497,358.7612974643707
langmem,108,dev_0142,4,16_00014,OK,,4,2738,4492,7230,3,162,162,461,3,12,268,693,363.1720132827759
langmem,108,dev_0142,5,1_00102,OK,,4,1570,4420,5990,3,111,111,241,3,15,304,835,353.58430767059326
langmem,108,dev_0142,6,1_00063,OK,,4,1034,4424,5458,3,115,115,125,3,18,347,982,353.1477904319763
langmem,108,dev_0142,7,9_00088,OK,,4,998,4431,5429,3,120,120,117,3,21,391,1138,356.63528871536255
langmem,108,dev_0142,8,10_00058,OK,,4,1530,4467,5997,3,126,126,238,3,24,445,1298,356.49293303489685
langmem,108,dev_0142,9,2_00112,OK,,4,1486,4432,5918,3,117,117,213,3,27,489,1448,356.1941542625427
langmem,108,dev_0142,10,6_00067,OK,,4,1958,4467,6425,3,126,126,294,3,30,543,1610,360.2714030742645
langmem,109,dev_0143,1,5_00009,OK,,4,1374,4447,5821,3,128,128,182,3,3,55,165,361.9504144191742
langmem,109,dev_0143,2,6_00080,OK,,4,2166,4477,6643,3,126,126,348,3,6,109,326,347.3705904483795
langmem,109,dev_0143,3,13_00013,OK,,4,1558,4461,6019,3,145,145,226,3,9,180,502,359.20957231521606
langmem,109,dev_0143,4,14_00126,OK,,4,2562,4468,7030,3,151,151,440,3,12,259,688,359.23102355003357
langmem,109,dev_0143,5,11_00111,OK,,4,2266,4459,6725,3,151,151,361,3,15,337,870,358.75385308265686
langmem,109,dev_0143,6,10_00063,OK,,4,1570,4468,6038,3,120,120,237,3,18,384,1022,357.58963918685913
langmem,109,dev_0143,7,4_00107,OK,,4,1566,4482,6048,3,135,135,234,3,21,446,1190,360.4398558139801
langmem,109,dev_0143,8,4_00055,OK,,4,1826,4482,6308,3,133,133,288,3,24,507,1354,358.31840205192566
langmem,109,dev_0143,9,6_00123,OK,,4,1422,4436,5858,3,118,118,211,3,27,553,1507,356.430935382843
langmem,110,dev_0144,1,10_00089,OK,,4,1794,4482,6276,3,133,133,276,3,3,59,165,383.9157803058624
langmem,110,dev_0144,2,12_00071,OK,,4,1990,4452,6442,3,132,132,294,3,6,116,332,355.51882123947144
langmem,110,dev_0144,3,7_00053,OK,,4,1802,4438,6240,3,123,123,277,3,9,166,489,358.1216185092926
langmem,110,dev_0144,4,19_00003,OK,,4,2162,4445,6607,3,130,130,329,3,12,224,649,357.2537729740143
langmem,110,dev_0144,5,13_00012,OK,,4,1362,4436,5798,3,125,125,202,3,15,275,807,354.9973075389862
langmem,110,dev_0144,6,1_00074,OK,,4,1166,4441,5607,3,129,129,157,3,18,329,971,355.241007566452
langmem,110,dev_0144,7,15_00126,OK,,4,2374,4459,6833,3,148,148,400,3,21,405,1151,359.18271684646606
langmem,110,dev_0144,8,11_00100,OK,,4,2202,4429,6631,3,120,120,347,3,24,453,1302,353.27409076690674
langmem,111,dev_0145,1,11_00074,OK,,4,1714,4480,6194,3,138,138,254,3,3,64,174,384.25565671920776
langmem,111,dev_0145,2,5_00080,OK,,2,402,1014,1416,3,133,133,63,3,6,143,335,76.33378624916077
langmem,111,dev_0145,3,18_00084,OK,,4,1570,4459,6029,3,145,145,229,3,9,214,511,357.4409556388855
langmem,111,dev_0145,4,4_00116,OK,,4,1586,4479,6065,3,126,126,218,3,12,267,676,361.92870473861694
langmem,111,dev_0145,5,13_00114,OK,,4,2818,4446,7264,3,135,135,504,3,15,330,843,358.22467374801636
langmem,111,dev_0145,6,6_00058,OK,,4,1794,4484,6278,3,130,130,256,3,18,388,1007,359.86090064048767
langmem,111,dev_0145,7,5_00058,OK,,4,1446,4462,5908,3,137,137,213,3,21,453,1174,358.7667851448059
langmem,111,dev_0145,8,5_00087,OK,,4,638,4412,5050,2,87,87,46,2,23,489,1282,354.00540256500244
langmem,111,dev_0145,9,14_00030,OK,,1,600,360,960,6,305,305,365,6,29,710,1626,28.41842770576477
langmem,111,dev_0145,10,20_00076,OK,,4,1954,4498,6452,3,147,147,313,3,32,785,1806,360.75520062446594
langmem,112,dev_0146,1,14_00074,OK,,4,1974,4470,6444,3,131,131,320,3,3,58,167,378.96719098091125
langmem,112,dev_0146,2,17_00100,OK,,2,1908,1282,3190,6,268,268,660,6,9,240,479,97.08554601669312
langmem,112,dev_0146,3,1_00081,OK,,1,469,525,994,6,275,275,280,6,14,406,747,41.32445240020752
langmem,112,dev_0146,4,8_00033,OK,,4,2686,4479,7165,3,149,149,438,3,17,482,930,359.88207149505615
langmem,112,dev_0146,5,2_00044,OK,,4,2094,4440,6534,3,130,130,328,3,20,540,1097,358.5916783809662
langmem,113,dev_0147,1,9_00125,OK,,4,1918,4481,6399,3,144,144,321,3,3,71,178,383.21731305122375
langmem,113,dev_0147,2,3_00000,OK,,4,974,4431,5405,3,123,123,108,3,6,119,337,352.5170650482178
langmem,113,dev_0147,3,11_00035,OK,,4,1486,4442,5928,3,127,127,205,3,9,174,500,357.12213587760925
langmem,113,dev_0147,4,1_00032,OK,,4,1822,4478,6300,3,128,128,293,3,12,229,665,361.1011788845062
langmem,113,dev_0147,5,20_00078,OK,,4,1934,4475,6409,3,132,132,304,3,15,289,829,358.6955871582031
langmem,113,dev_0147,6,13_00090,OK,,4,2314,4468,6782,3,148,148,368,3,18,363,1011,357.0576558113098
langmem,113,dev_0147,7,6_00114,OK,,4,1502,4431,5933,3,123,123,213,3,21,414,1167,356.72049832344055
langmem,113,dev_0147,8,16_00059,OK,,1,658,358,1016,6,295,295,471,6,27,630,1503,32.89107632637024
langmem,113,dev_0147,9,17_00082,OK,,4,2930,4455,7385,3,134,134,473,3,30,691,1674,356.004031419754
langmem,113,dev_0147,10,10_00071,OK,,4,1166,4438,5604,3,129,129,151,3,33,748,1842,357.08469915390015
langmem,114,dev_0148,1,6_00072,OK,,1,499,308,807,6,265,265,296,6,6,188,312,27.78923726081848
langmem,114,dev_0148,2,12_00114,OK,,4,1950,4473,6423,3,126,126,314,3,9,242,469,361.1404902935028
langmem,114,dev_0148,3,6_00109,OK,,4,1298,4462,5760,3,123,123,177,3,12,293,626,356.1462912559509
langmem,114,dev_0148,4,18_00061,OK,,4,1870,4445,6315,3,130,130,289,3,15,351,794,360.10381603240967
langmem,114,dev_0148,5,2_00054,OK,,4,1962,4456,6418,3,117,117,301,3,18,396,942,359.1256206035614
langmem,114,dev_0148,6,2_00046,OK,,4,1802,4469,6271,3,135,135,277,3,21,458,1115,357.8804440498352
langmem,114,dev_0148,7,20_00059,OK,,1,471,434,905,6,271,271,280,6,26,620,1380,37.09187197685242
langmem,115,dev_0149,1,14_00020,OK,,4,1974,4434,6408,3,123,123,308,3,3,51,152,353.561372756958
langmem,115,dev_0149,2,12_00037,OK,,4,2518,4463,6981,3,134,134,398,3,6,113,321,337.0721764564514
langmem,115,dev_0149,3,16_00120,OK,,4,1810,4503,6313,3,160,160,276,3,9,201,516,362.60636353492737
langmem,115,dev_0149,4,19_00021,OK,,4,2574,4440,7014,3,129,129,458,3,12,258,679,356.45245027542114
langmem,115,dev_0149,5,16_00024,OK,,4,2250,4466,6716,3,152,152,353,3,15,337,868,359.8960647583008
langmem,115,dev_0149,6,17_00003,OK,,4,1646,4480,6126,3,139,139,232,3,18,402,1040,359.15661096572876
langmem,115,dev_0149,7,5_00073,OK,,4,718,4434,5152,3,126,126,65,3,21,456,1200,355.85136675834656
langmem,115,dev_0149,8,10_00051,OK,,4,1550,4471,6021,3,126,126,237,3,24,510,1362,358.06339597702026
langmem,115,dev_0149,9,4_00059,OK,,4,2322,4446,6768,3,130,130,403,3,27,568,1528,357.66472482681274
langmem,115,dev_0149,10,12_00075,OK,,4,1358,4455,5813,3,135,135,171,3,30,631,1695,360.2271840572357
langmem,116,dev_0150,1,3_00104,OK,,4,1034,4429,5463,3,119,119,116,3,3,44,157,352.85269355773926
langmem,116,dev_0150,2,5_00056,OK,,4,1158,4463,5621,3,128,128,140,3,6,99,317,336.5964674949646
langmem,116,dev_0150,3,20_00109,OK,,1,787,331,1118,6,296,296,573,6,12,316,651,34.202465295791626
langmem,116,dev_0150,4,4_00020,OK,,4,1338,4444,5782,3,124,124,180,3,15,368,805,358.32505917549133
langmem,116,dev_0150,5,19_00113,OK,,4,1994,4439,6433,3,122,122,325,3,18,418,961,357.54326725006104
langmem,116,dev_0150,6,18_00114,OK,,4,2146,4452,6598,3,131,131,349,3,21,476,1122,357.54392170906067
langmem,116,dev_0150,7,11_00042,OK,,4,1482,4437,5919,3,123,123,206,3,24,524,1279,354.4691812992096
langmem,116,dev_0150,8,8_00074,OK,,4,2098,4432,6530,3,119,119,341,3,27,571,1431,356.2711703777313
langmem,116,dev_0150,9,2_00026,OK,,4,1226,4436,5662,3,122,122,159,3,30,620,1589,354.082870721817
langmem,116,dev_0150,10,3_00003,OK,,4,942,4414,5356,2,81,81,101,2,32,651,1693,353.83394837379456
langmem,117,dev_0152,1,6_00020,OK,,4,1362,4457,5819,3,118,118,184,3,3,46,152,368.62060594558716
langmem,117,dev_0152,2,14_00045,OK,,4,2202,4446,6648,3,130,130,342,3,6,104,318,349.546902179718
langmem,117,dev_0152,3,5_00013,OK,,4,1574,4458,6032,3,127,127,231,3,9,159,479,358.4179871082306
langmem,117,dev_0152,4,4_00035,OK,,4,1394,4436,5830,3,121,121,182,3,12,208,632,355.8672819137573
langmem,117,dev_0152,5,1_00016,OK,,4,1262,4466,5728,3,119,119,171,3,15,254,785,359.35112977027893
langmem,117,dev_0152,6,3_00014,OK,,4,926,4435,5361,2,81,81,98,2,17,285,889,353.97788763046265
langmem,117,dev_0152,7,5_00052,OK,,4,1050,4444,5494,3,128,128,113,3,20,341,1049,357.910192489624
langmem,117,dev_0152,8,20_00089,OK,,4,2122,4446,6568,3,134,134,340,3,23,403,1218,355.505530834198
langmem,117,dev_0152,9,1_00090,OK,,4,1994,4489,6483,3,142,142,322,3,26,473,1391,361.17591166496277
langmem,117,dev_0152,10,16_00123,OK,,4,1938,4472,6410,3,127,127,302,3,29,528,1550,360.6470034122467
langmem,118,dev_0153,1,14_00087,OK,,4,2494,4446,6940,3,132,132,424,3,3,57,168,359.76401138305664
langmem,118,dev_0153,2,10_00092,OK,,4,1594,4473,6067,3,132,132,229,3,6,117,333,344.9467921257019
langmem,118,dev_0153,3,12_00090,OK,,4,2234,4458,6692,3,136,136,361,3,9,181,501,358.7387111186981
langmem,118,dev_0153,4,5_00046,OK,,4,810,4429,5239,3,118,118,71,3,12,227,656,354.5130262374878
langmem,118,dev_0153,5,20_00067,OK,,4,1954,4486,6440,3,138,138,324,3,15,293,824,361.82645297050476
langmem,118,dev_0153,6,12_00073,OK,,4,2106,4461,6567,3,141,141,322,3,18,361,997,356.79063177108765
langmem,118,dev_0153,7,19_00109,OK,,4,2246,4448,6694,3,129,129,358,3,21,418,1157,357.05707716941833
langmem,119,dev_0154,1,13_00101,OK,,4,2198,4455,6653,3,138,138,348,3,3,66,170,367.41127824783325
langmem,119,dev_0154,2,4_00052,OK,,4,1498,4453,5951,3,121,121,214,3,6,115,322,348.32443594932556
langmem,119,dev_0154,3,20_00101,OK,,4,2658,4472,7130,3,126,126,476,3,9,169,479,359.8536727428436
langmem,119,dev_0154,4,12_00056,OK,,4,2686,4465,7151,3,148,148,458,3,12,245,660,358.7349419593811
langmem,119,dev_0154,5,9_00112,OK,,1,341,524,865,6,282,282,194,6,18,445,984,49.072709798812866
langmem,119,dev_0154,6,6_00033,OK,,4,1994,4469,6463,3,125,125,322,3,21,496,1136,358.41055488586426
langmem,119,dev_0154,7,4_00097,OK,,4,2018,4446,6464,3,130,130,313,3,24,551,1299,356.27989411354065
langmem,120,dev_0155,1,11_00024,OK,,4,1758,4472,6230,3,123,123,271,3,3,51,160,379.32972049713135
langmem,120,dev_0155,2,20_00049,OK,,4,1830,4482,6312,3,136,136,273,3,6,115,327,356.03438568115234
langmem,120,dev_0155,3,6_00040,OK,,4,1778,4452,6230,3,133,133,273,3,9,175,494,358.99544310569763
langmem,120,dev_0155,4,18_00012,OK,,1,887,325,1212,6,286,286,650,6,14,343,762,28.608356475830078
langmem,120,dev_0155,5,1_00006,OK,,4,1526,4438,5964,3,126,126,240,3,17,394,919,357.9059057235718
langmem,120,dev_0155,6,3_00058,OK,,4,1286,4472,5758,3,135,135,152,3,20,456,1087,358.72331142425537
langmem,120,dev_0155,7,18_00029,OK,,4,2318,4435,6753,3,122,122,367,3,23,503,1240,355.1017951965332
langmem,120,dev_0155,8,15_00112,OK,,4,2182,4444,6626,3,130,130,356,3,26,561,1402,356.5480055809021
langmem,120,dev_0155,9,7_00045,OK,,4,1942,4476,6418,3,131,131,302,3,29,618,1565,357.54069995880127
langmem,120,dev_0155,10,3_00101,OK,,4,1698,4485,6183,2,124,124,262,2,31,694,1711,361.1471016407013
langmem,121,dev_0156,1,6_00028,OK,,4,1274,4459,5733,3,121,121,167,3,3,49,152,371.42891550064087
langmem,121,dev_0156,2,3_00091,OK,,4,934,4464,5398,3,135,135,101,3,6,111,321,351.514999628067
langmem,121,dev_0156,3,1_00004,OK,,4,1410,4445,5855,3,130,130,196,3,9,167,492,357.07192826271057
langmem,121,dev_0156,4,19_00061,OK,,4,2434,4493,6927,3,172,172,398,3,12,265,692,361.811274766922
langmem,121,dev_0156,5,1_00079,OK,,4,1982,4464,6446,3,116,116,333,3,15,309,842,358.420574426651
langmem,121,dev_0156,6,1_00052,OK,,4,1070,4437,5507,3,117,117,133,3,18,354,993,354.48641777038574
langmem,121,dev_0156,7,9_00012,OK,,4,2130,4459,6589,3,138,138,338,3,21,419,1165,358.67926573753357
langmem,121,dev_0156,8,13_00065,OK,,4,2258,4463,6721,3,129,129,370,3,24,475,1328,356.3848297595978
langmem,121,dev_0156,9,16_00090,OK,,4,1722,4450,6172,3,135,135,262,3,27,538,1499,357.5129532814026
langmem,122,dev_0158,1,4_00071,OK,,4,2266,4446,6712,3,131,131,391,3,3,56,167,362.2728319168091
langmem,122,dev_0158,2,1_00038,OK,,4,1010,4428,5438,3,118,118,120,3,6,101,316,341.9837176799774
langmem,122,dev_0158,3,5_00051,OK,,4,798,4432,5230,3,121,121,75,3,9,150,472,356.6155204772949
langmem,122,dev_0158,4,4_00072,OK,,1,525,394,919,6,335,335,317,6,14,377,800,40.57857799530029
langmem,122,dev_0158,5,1_00023,OK,,4,1522,4462,5984,3,121,121,235,3,17,425,953,359.34632682800293
langmem,122,dev_0158,6,5_00079,OK,,4,866,4438,5304,3,126,126,93,3,20,476,1116,354.8345832824707
langmem,122,dev_0158,7,18_00069,OK,,4,1902,4452,6354,3,139,139,293,3,23,541,1289,355.64255928993225
langmem,123,dev_0160,1,11_00044,OK,,4,1514,4450,5964,3,127,127,212,3,3,52,158,368.9497866630554
langmem,123,dev_0160,2,13_00067,OK,,4,1902,4462,6364,3,132,132,297,3,6,111,323,350.05174469947815
langmem,123,dev_0160,3,7_00022,OK,,4,1086,4447,5533,3,135,135,131,3,9,173,487,357.01021552085876
langmem,123,dev_0160,4,10_00013,OK,,4,1158,4447,5605,3,129,129,138,3,12,230,651,356.9041256904602
langmem,123,dev_0160,5,16_00031,OK,,4,2622,4477,7099,3,134,134,445,3,15,291,820,360.41176986694336
langmem,123,dev_0160,6,5_00033,OK,,4,786,4432,5218,3,121,121,68,3,18,340,982,354.29529905319214
langmem,124,dev_0161,1,7_00003,OK,,4,1190,4446,5636,3,133,133,157,3,3,58,164,363.8282039165497
langmem,124,dev_0161,2,10_00070,OK,,4,1542,4478,6020,3,129,129,227,3,6,115,326,348.0291483402252
langmem,124,dev_0161,3,2_00066,OK,,4,1934,4460,6394,3,122,122,296,3,9,165,482,358.662882566452
langmem,124,dev_0161,4,9_00043,OK,,4,2122,4442,6564,3,130,130,354,3,12,223,649,355.8817844390869
langmem,124,dev_0161,5,5_00008,OK,,4,1358,4447,5805,3,130,130,176,3,15,278,814,357.98297142982483
langmem,124,dev_0161,6,12_00083,OK,,4,1690,4448,6138,3,127,127,252,3,18,333,979,355.4461591243744
langmem,125,dev_0162,1,11_00007,OK,,4,1630,4479,6109,3,136,136,238,3,3,62,168,385.2616229057312
langmem,125,dev_0162,2,14_00050,OK,,1,557,346,903,6,293,293,364,6,9,277,499,27.354552268981934
langmem,125,dev_0162,3,3_00079,OK,,4,1206,4419,5625,1,58,58,146,1,10,311,569,353.2257430553436
langmem,125,dev_0162,4,14_00025,OK,,4,2086,4432,6518,3,120,120,347,3,13,359,723,357.9667510986328
langmem,125,dev_0162,5,16_00020,OK,,4,2526,4471,6997,3,154,154,411,3,16,440,910,359.94401025772095
langmem,125,dev_0162,6,9_00068,OK,,4,2178,4437,6615,3,122,122,337,3,19,490,1066,355.3717269897461
langmem,125,dev_0162,7,8_00098,OK,,4,1714,4442,6156,3,124,124,256,3,22,541,1218,355.90083742141724
langmem,125,dev_0162,8,2_00121,OK,,4,1570,4430,6000,3,120,120,231,3,25,588,1374,354.8089165687561
langmem,125,dev_0162,9,18_00086,OK,,4,1266,4452,5718,3,140,140,148,3,28,654,1549,355.1550073623657
langmem,125,dev_0162,10,12_00118,OK,,4,1738,4432,6170,3,122,122,276,3,31,704,1706,356.6575667858124
langmem,126,dev_0163,1,8_00086,OK,,4,1738,4443,6181,3,129,129,257,3,3,57,164,363.136367559433
langmem,126,dev_0163,2,16_00110,OK,,4,1714,4437,6151,3,126,126,260,3,6,111,324,343.7734727859497
langmem,126,dev_0163,3,6_00014,OK,,4,1174,4461,5635,3,125,125,159,3,9,164,484,359.6361846923828
langmem,126,dev_0163,4,18_00101,OK,,4,2250,4465,6715,3,145,145,366,3,12,236,665,358.3328535556793
langmem,126,dev_0163,5,15_00089,OK,,1,587,356,943,6,303,303,386,6,18,463,1010,38.04744911193848
langmem,126,dev_0163,6,16_00093,OK,,4,2166,4444,6610,3,131,131,349,3,21,521,1176,355.92430090904236
langmem,126,dev_0163,7,14_00054,OK,,4,2102,4447,6549,3,132,132,329,3,24,578,1344,354.98783326148987
langmem,126,dev_0163,8,17_00075,OK,,4,3754,4463,8217,3,145,145,668,3,27,651,1521,358.40423464775085
langmem,127,dev_0164,1,11_00071,OK,,4,2098,4439,6537,3,130,130,336,3,3,56,165,358.70149326324463
langmem,127,dev_0164,2,5_00048,OK,,4,1202,4477,5679,3,127,127,164,3,6,111,326,344.39564967155457
langmem,127,dev_0164,3,15_00096,OK,,4,2054,4452,6506,3,140,140,312,3,9,177,502,358.3246388435364
langmem,127,dev_0164,4,19_00105,OK,,4,1966,4452,6418,3,138,138,317,3,12,243,669,357.397545337677
langmem,127,dev_0164,5,11_00069,OK,,1,545,567,1112,6,310,310,323,6,18,473,1021,55.357728481292725
langmem,128,dev_0165,1,16_00037,OK,,4,2502,4445,6947,3,132,132,424,3,3,59,162,354.9362494945526
langmem,128,dev_0165,2,13_00069,OK,,4,2678,4464,7142,3,149,149,487,3,6,136,349,362.5248193740845
langmem,128,dev_0165,3,13_00040,OK,,4,2034,4489,6523,3,162,162,324,3,9,224,543,363.81843519210815
langmem,128,dev_0165,4,16_00056,OK,,1,604,346,950,6,297,297,400,6,15,448,881,28.31792378425598
langmem,128,dev_0165,5,20_00069,OK,,4,1298,4437,5735,3,122,122,149,3,18,498,1036,355.673047542572
langmem,128,dev_0165,6,8_00034,OK,,4,3062,4486,7548,3,153,153,519,3,21,578,1225,360.0904791355133
langmem,128,dev_0165,7,5_00055,OK,,4,910,4430,5340,3,121,121,97,3,24,627,1381,354.99153304100037
langmem,129,dev_0166,1,19_00122,OK,,4,1962,4441,6403,3,124,124,317,3,3,52,160,359.15686440467834
langmem,129,dev_0166,2,4_00012,OK,,4,2158,4443,6601,3,127,127,357,3,6,107,323,357.77651381492615
langmem,129,dev_0166,3,4_00078,OK,,1,609,351,960,6,303,303,388,6,12,323,673,28.103790044784546
langmem,129,dev_0166,4,20_00058,OK,,4,2554,4460,7014,3,119,119,446,3,15,370,828,357.4506986141205
langmem,129,dev_0166,5,15_00041,OK,,4,2142,4472,6614,3,154,154,321,3,18,451,1017,359.6258075237274
langmem,129,dev_0166,6,1_00073,OK,,4,1058,4421,5479,3,111,111,133,3,21,490,1165,355.03276109695435
langmem,129,dev_0166,7,3_00078,OK,,4,730,4445,5175,3,131,131,64,3,24,549,1327,357.3132245540619
langmem,129,dev_0166,8,12_00080,OK,,4,1638,4431,6069,3,119,119,241,3,27,596,1480,357.72300243377686
langmem,130,dev_0168,1,18_00041,OK,,4,3118,4450,7568,3,134,134,586,3,3,59,172,358.8382782936096
langmem,130,dev_0168,2,9_00079,OK,,4,1570,4443,6013,3,131,131,218,3,6,118,333,356.27759647369385
langmem,130,dev_0168,3,4_00081,OK,,4,1726,4477,6203,3,132,132,247,3,9,175,494,360.00863552093506
langmem,130,dev_0168,4,16_00044,OK,,4,2898,4469,7367,3,150,150,498,3,12,253,680,358.85894680023193
langmem,130,dev_0168,5,14_00026,OK,,4,2430,4439,6869,3,130,130,416,3,15,311,844,356.4985074996948
langmem,131,dev_0169,1,19_00045,OK,,1,626,337,963,6,308,308,419,6,5,193,300,27.385772705078125
langmem,131,dev_0169,2,2_00047,OK,,4,1566,4467,6033,3,125,125,227,3,8,244,454,361.0126030445099
langmem,131,dev_0169,3,12_00007,OK,,1,593,362,955,6,317,317,383,6,13,452,765,28.199843883514404
langmem,131,dev_0169,4,20_00034,OK,,4,3154,4455,7609,3,139,139,578,3,16,519,938,357.50946497917175
langmem,131,dev_0169,5,11_00081,OK,,4,2170,4440,6610,3,127,127,322,3,19,574,1101,357.6120824813843
langmem,131,dev_0169,6,7_00021,OK,,4,1046,4439,5485,3,125,125,124,3,22,626,1260,356.0635504722595
langmem,132,dev_0170,1,13_00103,OK,,4,2086,4441,6527,3,130,130,345,3,3,58,168,356.36407136917114
langmem,132,dev_0170,2,3_00097,OK,,4,1038,4459,5497,3,127,127,115,3,6,113,330,356.8361482620239
langmem,132,dev_0170,3,14_00071,OK,,4,2126,4458,6584,3,138,138,341,3,9,179,499,357.8673565387726
langmem,132,dev_0170,4,1_00000,OK,,4,1482,4460,5942,3,138,138,209,3,12,243,675,356.14199137687683
langmem,132,dev_0170,5,7_00029,OK,,4,926,4429,5355,3,120,120,99,3,15,290,829,356.3308217525482
langmem,132,dev_0170,6,4_00045,OK,,2,1182,1101,2283,6,297,297,374,6,21,506,1169,95.66273236274719
langmem,132,dev_0170,7,9_00116,OK,,4,1266,4469,5735,3,128,128,171,3,24,560,1332,357.37166023254395
langmem,133,dev_0171,1,20_00108,OK,,4,2058,4459,6517,3,140,140,328,3,3,68,177,357.4021656513214
langmem,133,dev_0171,2,6_00037,OK,,4,1754,4460,6214,3,120,120,261,3,6,116,333,356.4598739147186
langmem,133,dev_0171,3,6_00105,OK,,4,1542,4471,6013,3,131,131,230,3,9,174,493,360.0322844982147
langmem,133,dev_0171,4,17_00042,OK,,4,1186,4449,5635,3,120,120,129,3,12,222,650,355.53538155555725
langmem,133,dev_0171,5,12_00085,OK,,4,2278,4456,6734,3,137,137,374,3,15,286,820,358.82542157173157
langmem,133,dev_0171,6,6_00115,OK,,4,1666,4465,6131,3,124,124,245,3,18,338,979,358.6825063228607
langmem,134,dev_0172,1,13_00074,OK,,4,2558,4486,7044,3,166,166,420,3,3,92,200,359.2342162132263
langmem,134,dev_0172,2,9_00097,OK,,4,1634,4474,6108,3,135,135,266,3,6,155,367,357.8762216567993
langmem,134,dev_0172,3,17_00022,OK,,4,2022,4484,6506,3,156,156,330,3,9,238,559,360.72866129875183
langmem,134,dev_0172,4,12_00048,OK,,4,2330,4489,6819,3,155,155,364,3,12,321,746,358.95004439353943
langmem,134,dev_0172,5,18_00013,OK,,1,528,339,867,6,303,303,308,6,18,532,1105,29.62533402442932
langmem,134,dev_0172,6,13_00100,OK,,1,628,335,963,6,288,288,408,6,24,743,1444,28.011762380599976
langmem,135,dev_0173,1,10_00059,OK,,4,1406,4442,5848,3,133,133,187,3,3,61,171,355.48857498168945
langmem,135,dev_0173,2,18_00065,OK,,4,2258,4452,6710,3,136,136,357,3,6,123,341,355.9228024482727
langmem,135,dev_0173,3,2_00031,OK,,4,1206,4433,5639,3,116,116,153,3,9,167,494,355.77725100517273
langmem,135,dev_0173,4,4_00000,OK,,4,1238,4432,5670,3,125,125,166,3,12,219,654,353.33992981910706
langmem,135,dev_0173,5,8_00053,OK,,4,1322,4448,5770,3,132,132,162,3,15,278,819,357.9642143249512
langmem,136,dev_0174,1,20_00071,OK,,4,1490,4476,5966,3,127,127,174,3,3,55,164,358.7665388584137
langmem,136,dev_0174,2,14_00085,OK,,1,629,466,1095,6,404,404,438,6,9,382,620,37.120102405548096
langmem,136,dev_0174,3,1_00029,OK,,4,1150,4462,5612,3,128,128,149,3,12,438,780,358.7994120121002
langmem,136,dev_0174,4,1_00007,OK,,4,1574,4459,6033,3,118,118,241,3,15,483,928,357.7933421134949
langmem,136,dev_0174,5,9_00028,OK,,4,2438,4454,6892,3,133,133,408,3,18,543,1102,357.46278619766235
langmem,136,dev_0174,6,14_00124,OK,,4,2426,4456,6882,3,144,144,412,3,21,612,1279,359.83264565467834
langmem,136,dev_0174,7,13_00070,OK,,4,2110,4485,6595,3,150,150,336,3,24,689,1461,358.618958234787
langmem,137,dev_0175,1,13_00033,OK,,4,2018,4468,6486,3,141,141,319,3,3,69,177,358.63445830345154
langmem,137,dev_0175,2,20_00082,OK,,4,1502,4458,5960,3,138,138,203,3,6,134,352,357.8749911785126
langmem,137,dev_0175,3,10_00096,OK,,4,1546,4476,6022,3,128,128,225,3,9,189,518,359.0092785358429
langmem,137,dev_0175,4,19_00060,OK,,1,652,335,987,6,302,302,421,6,15,410,862,27.28179955482483
langmem,137,dev_0175,5,1_00001,OK,,4,1674,4420,6094,1,58,58,270,1,16,443,931,354.32756328582764
langmem,137,dev_0175,6,15_00095,OK,,1,567,377,944,6,323,323,371,6,22,694,1294,30.89464831352234
langmem,137,dev_0175,7,5_00112,OK,,4,914,4435,5349,3,120,120,101,3,25,740,1451,357.97084760665894
langmem,137,dev_0175,8,10_00023,OK,,4,1614,4465,6079,3,122,122,244,3,28,790,1604,356.04570055007935
langmem,138,dev_0176,1,15_00050,OK,,4,2862,4464,7326,3,151,151,519,3,3,79,181,358.52670073509216
langmem,138,dev_0176,2,16_00078,OK,,4,2246,4456,6702,3,139,139,356,3,6,146,356,358.6938581466675
langmem,138,dev_0176,3,12_00108,OK,,4,1374,4439,5813,3,130,130,200,3,9,204,521,356.1462314128876
langmem,138,dev_0176,4,19_00025,OK,,1,480,327,807,6,273,273,277,6,15,398,831,26.570691347122192
langmem,138,dev_0176,5,8_00077,OK,,4,1614,4458,6072,3,114,114,232,3,18,440,976,358.37083745002747
langmem,138,dev_0176,6,9_00108,OK,,4,1882,4469,6351,3,138,138,301,3,21,505,1148,360.1422510147095
langmem,138,dev_0176,7,1_00105,OK,,4,1706,4460,6166,3,129,129,265,3,24,559,1313,356.0207567214966
langmem,138,dev_0176,8,1_00119,OK,,4,1994,4434,6428,3,114,114,326,3,27,601,1461,322.3481500148773
langmem,139,dev_0177,1,2_00117,OK,,4,1518,4436,5954,3,122,122,221,3,3,50,155,355.3723645210266
langmem,139,dev_0177,2,16_00048,OK,,4,2166,4521,6687,3,163,163,349,3,6,141,349,363.50846767425537
langmem,139,dev_0177,3,8_00102,OK,,4,1930,4449,6379,3,130,130,298,3,9,198,511,356.75898456573486
langmem,139,dev_0177,4,6_00045,OK,,4,2622,4464,7086,3,123,123,447,3,12,249,673,359.24824261665344
langmem,139,dev_0177,5,17_00048,OK,,4,2014,4442,6456,3,125,125,332,3,15,302,832,358.5214431285858
langmem,139,dev_0177,6,5_00120,OK,,4,1058,4439,5497,3,123,123,123,3,18,351,991,348.2916238307953
langmem,139,dev_0177,7,7_00046,OK,,4,1482,4427,5909,3,114,114,219,3,21,391,1139,317.28101682662964
langmem,139,dev_0177,8,4_00064,OK,,4,1478,4431,5909,3,119,119,218,3,24,437,1300,293.1178050041199
langmem,140,dev_0178,1,12_00045,OK,,4,3778,4443,8221,3,128,128,687,3,3,56,162,355.4858112335205
langmem,140,dev_0178,2,14_00031,OK,,1,531,361,892,6,303,303,330,6,9,269,505,34.632882833480835
langmem,140,dev_0178,3,7_00055,OK,,4,1634,4476,6110,3,132,132,247,3,12,329,674,360.9036076068878
langmem,140,dev_0178,4,19_00014,OK,,1,592,340,932,6,276,276,387,6,18,524,994,31.304640531539917
langmem,140,dev_0178,5,11_00013,OK,,4,1722,4458,6180,3,142,142,250,3,21,593,1171,356.27610874176025
langmem,140,dev_0178,6,7_00009,OK,,4,1274,4437,5711,3,120,120,177,3,24,641,1323,356.58542013168335
langmem,140,dev_0178,7,10_00118,OK,,4,1510,4477,5987,3,129,129,217,3,27,697,1485,358.99926590919495
langmem,140,dev_0178,8,5_00109,OK,,1,180,58,238,1,47,47,53,1,28,731,1542,4.777214765548706
langmem,140,dev_0178,9,6_00071,OK,,4,1602,4477,6079,3,122,122,227,3,31,781,1701,331.82311058044434
langmem,141,dev_0179,1,7_00050,OK,,4,1334,4443,5777,3,116,116,181,3,3,43,146,355.1135194301605
langmem,141,dev_0179,2,14_00106,OK,,4,2334,4472,6806,3,153,153,382,3,6,124,340,359.4383409023285
langmem,141,dev_0179,3,13_00046,OK,,4,2586,4470,7056,3,127,127,461,3,9,179,501,358.3317058086395
langmem,141,dev_0179,4,6_00055,OK,,4,2202,4457,6659,3,140,140,343,3,12,247,675,357.71319365501404
langmem,141,dev_0179,5,17_00007,OK,,4,1782,4493,6275,3,151,151,282,3,15,325,860,362.76880264282227
langmem,141,dev_0179,6,1_00003,OK,,4,1362,4429,5791,3,119,119,196,3,18,372,1012,333.6164815425873
langmem,141,dev_0179,7,11_00070,OK,,4,1890,4488,6378,3,150,150,299,3,21,449,1199,313.86914110183716
langmem,141,dev_0179,8,10_00101,OK,,2,756,1290,2046,6,281,281,206,6,27,650,1520,91.69813919067383
langmem,141,dev_0179,9,5_00086,OK,,4,1126,4438,5564,3,124,124,146,3,30,702,1677,266.23438906669617
langmem,141,dev_0179,10,1_00092,OK,,4,1914,4457,6371,3,117,117,309,3,33,744,1832,227.94494366645813
langmem,142,dev_0180,1,15_00125,OK,,4,2594,4453,7047,3,140,140,443,3,3,68,174,356.19366669654846
langmem,142,dev_0180,2,8_00066,OK,,4,2098,4459,6557,3,132,132,326,3,6,128,338,358.0281734466553
langmem,142,dev_0180,3,17_00014,OK,,4,2006,4467,6473,3,149,149,329,3,9,204,521,357.5746293067932
langmem,142,dev_0180,4,1_00108,OK,,1,414,534,948,6,295,295,228,6,15,397,871,48.44609189033508
langmem,142,dev_0180,5,14_00007,OK,,4,2110,4476,6586,3,158,158,314,3,18,483,1061,360.7131474018097
langmem,143,dev_0181,1,19_00006,OK,,4,1958,4451,6409,3,136,136,302,3,3,64,170,355.91994881629944
langmem,143,dev_0181,2,3_00039,OK,,4,1330,4488,5818,3,145,145,180,3,6,135,345,360.5655691623688
langmem,143,dev_0181,3,7_00002,OK,,4,1554,4430,5984,3,118,118,222,3,9,181,500,354.2288889884949
langmem,143,dev_0181,4,13_00068,OK,,4,2166,4469,6635,3,129,129,349,3,12,238,659,359.12086725234985
langmem,143,dev_0181,5,17_00071,OK,,4,2770,4441,7211,3,130,130,460,3,15,296,822,358.5710153579712
langmem,143,dev_0181,6,2_00067,OK,,1,523,468,991,6,395,395,343,6,21,613,1255,41.506571769714355
langmem,143,dev_0181,7,11_00086,OK,,4,1614,4479,6093,3,139,139,232,3,24,679,1430,333.6862065792084
langmem,144,dev_0182,1,14_00127,OK,,4,3162,4422,7584,3,115,115,542,3,3,43,150,352.8341119289398
langmem,144,dev_0182,2,2_00052,OK,,4,1870,4460,6330,3,128,128,286,3,6,99,311,358.5974848270416
langmem,144,dev_0182,3,3_00046,OK,,4,1802,4498,6300,3,149,149,287,3,9,175,496,360.0786111354828
langmem,144,dev_0182,4,13_00019,OK,,4,1410,4432,5842,3,117,117,201,3,12,220,648,355.9543387889862
langmem,144,dev_0182,5,14_00015,OK,,4,2194,4471,6665,3,143,143,342,3,15,291,825,361.2748157978058
langmem,144,dev_0182,6,9_00045,OK,,4,2018,4436,6454,3,121,121,336,3,18,338,980,333.63189816474915
langmem,145,dev_0183,1,2_00113,OK,,4,1598,4434,6032,3,121,121,227,3,3,49,155,353.89549565315247
langmem,145,dev_0183,2,18_00056,OK,,4,2566,4452,7018,3,133,133,433,3,6,109,323,358.003201007843
langmem,145,dev_0183,3,7_00063,OK,,4,1738,4472,6210,3,127,127,251,3,9,164,485,357.77628684043884
langmem,145,dev_0183,4,19_00110,OK,,4,1794,4489,6283,3,139,139,258,3,12,230,656,361.1989243030548
langmem,145,dev_0183,5,16_00126,OK,,4,1538,4472,6010,3,128,128,237,3,15,285,821,360.4209599494934
langmem,145,dev_0183,6,13_00048,OK,,1,567,464,1031,6,292,292,356,6,21,505,1159,40.77740263938904
langmem,145,dev_0183,7,4_00011,OK,,4,1482,4440,5922,3,129,129,211,3,24,562,1325,330.23538875579834
langmem,145,dev_0183,8,6_00082,OK,,1,526,535,1061,6,281,281,317,6,30,765,1652,41.050597190856934
langmem,146,dev_0184,1,20_00070,OK,,4,2558,4477,7035,3,135,135,444,3,3,60,169,358.2296164035797
langmem,146,dev_0184,2,12_00120,OK,,4,1534,4478,6012,3,132,132,221,3,6,118,336,361.37572288513184
langmem,146,dev_0184,3,4_00006,OK,,4,1430,4433,5863,3,117,117,208,3,9,163,489,353.9215211868286
langmem,146,dev_0184,4,6_00031,OK,,4,1466,4456,5922,3,120,120,213,3,12,211,645,358.54954743385315
langmem,146,dev_0184,5,13_00020,OK,,4,966,4437,5403,3,127,127,108,3,15,266,801,356.77626156806946
langmem,146,dev_0184,6,18_00003,OK,,1,690,572,1262,6,319,319,440,6,21,504,1161,49.81999111175537
langmem,146,dev_0184,7,3_00007,OK,,1,264,326,590,4,179,179,108,4,24,587,1321,27.647052764892578
langmem,146,dev_0184,8,2_00126,OK,,4,1122,4494,5616,3,142,142,143,3,27,654,1498,330.11178755760193
langmem,146,dev_0184,9,15_00051,OK,,4,2202,4456,6658,3,138,138,341,3,30,716,1673,304.87152576446533
langmem,147,dev_0186,1,14_00043,OK,,4,1894,4439,6333,3,125,125,291,3,3,52,157,354.37572503089905
langmem,147,dev_0186,2,8_00004,OK,,4,2558,4473,7031,3,145,145,408,3,6,124,339,361.2218072414398
langmem,147,dev_0186,3,3_00011,OK,,4,1638,4462,6100,3,123,123,247,3,9,174,499,356.61256647109985
langmem,147,dev_0186,4,15_00055,OK,,4,2054,4453,6507,3,142,142,327,3,12,242,673,358.0027012825012
langmem,147,dev_0186,5,5_00092,OK,,2,394,918,1312,3,137,137,66,3,15,337,833,79.20113348960876
langmem,147,dev_0186,6,14_00120,OK,,4,2958,4430,7388,3,118,118,511,3,18,383,986,354.2771463394165
langmem,148,dev_0187,1,9_00019,OK,,4,1782,4470,6252,3,127,127,256,3,3,54,161,357.2908613681793
langmem,148,dev_0187,2,13_00109,OK,,4,2526,4503,7029,3,158,158,428,3,6,140,354,361.36612606048584
langmem,148,dev_0187,3,9_00118,OK,,4,1378,4455,5833,3,135,135,212,3,9,203,525,355.85282826423645
langmem,148,dev_0187,4,4_00043,OK,,4,2102,4451,6553,3,134,134,353,3,12,264,692,358.17205023765564
langmem,148,dev_0187,5,8_00106,OK,,4,2134,4445,6579,3,127,127,345,3,15,319,857,357.4291386604309
langmem,148,dev_0187,6,8_00085,OK,,4,1698,4451,6149,3,136,136,257,3,18,383,1022,331.52268409729004
langmem,148,dev_0187,7,18_00047,OK,,4,2242,4449,6691,3,137,137,373,3,21,448,1190,308.947922706604
langmem,149,dev_0189,1,14_00067,OK,,1,663,394,1057,6,334,334,445,6,6,254,375,33.154637813568115
langmem,149,dev_0189,2,3_00080,OK,,4,890,4441,5331,3,131,131,90,3,9,313,542,356.4082465171814
langmem,149,dev_0189,3,14_00066,OK,,4,2058,4463,6521,3,147,147,328,3,12,388,720,357.9002158641815
langmem,149,dev_0189,4,6_00022,OK,,4,1414,4442,5856,3,125,125,188,3,15,441,876,355.18981170654297
langmem,149,dev_0189,5,3_00064,OK,,4,2202,4450,6652,3,133,133,372,3,18,502,1045,358.1352870464325
langmem,150,dev_0190,1,4_00084,OK,,4,2002,4497,6499,3,149,149,302,3,3,75,182,360.07117342948914
langmem,150,dev_0190,2,7_00008,OK,,4,1542,4498,6040,3,150,150,234,3,6,153,370,361.11301708221436
langmem,150,dev_0190,3,8_00099,OK,,4,2150,4482,6632,3,158,158,361,3,9,239,559,358.42958974838257
langmem,150,dev_0190,4,4_00036,OK,,2,950,1147,2097,6,327,327,270,6,15,482,928,93.56440806388855
langmem,150,dev_0190,5,2_00105,OK,,4,2474,4429,6903,3,115,115,443,3,18,525,1079,357.5472848415375
langmem,150,dev_0190,6,16_00008,OK,,4,2946,4458,7404,3,148,148,513,3,21,601,1258,354.5450575351715
langmem,150,dev_0190,7,4_00120,OK,,1,399,520,919,6,296,296,219,6,27,811,1605,37.84206199645996
langmem,150,dev_0190,8,18_00071,OK,,4,1846,4452,6298,3,138,138,282,3,30,875,1776,319.98592233657837
langmem,150,dev_0190,9,18_00111,OK,,4,1866,4460,6326,3,144,144,281,3,33,945,1951,296.71196269989014
langmem,151,dev_0192,1,11_00073,OK,,4,1878,4503,6381,3,160,160,305,3,3,87,191,360.90190029144287
langmem,151,dev_0192,2,7_00015,OK,,4,1362,4428,5790,3,115,115,189,3,6,130,336,357.1900074481964
langmem,151,dev_0192,3,20_00104,OK,,4,1210,4464,5674,3,121,121,135,3,9,179,491,357.3815248012543
langmem,151,dev_0192,4,18_00044,OK,,4,1866,4459,6325,3,118,118,300,3,12,222,641,360.0750901699066
langmem,151,dev_0192,5,17_00031,OK,,4,2366,4469,6835,3,149,149,416,3,15,298,821,358.4505534172058
langmem,151,dev_0192,6,2_00075,OK,,4,1874,4452,6326,3,140,140,292,3,18,364,998,329.53225111961365
langmem,151,dev_0192,7,4_00124,OK,,4,1594,4479,6073,3,129,129,237,3,21,420,1160,308.9144139289856
langmem,151,dev_0192,8,15_00066,OK,,4,2622,4453,7075,3,142,142,466,3,24,490,1336,271.04653120040894
langmem,152,dev_0193,1,8_00062,OK,,4,1646,4443,6089,2,90,90,244,2,2,42,109,355.91362047195435
langmem,152,dev_0193,2,11_00085,OK,,4,1598,4472,6070,3,145,145,220,3,5,115,289,359.3790559768677
langmem,152,dev_0193,3,15_00052,OK,,4,2622,4449,7071,3,137,137,432,3,8,178,458,355.3059685230255
langmem,152,dev_0193,4,8_00042,OK,,4,2794,4465,7259,3,148,148,470,3,11,254,633,360.5638029575348
langmem,152,dev_0193,5,17_00116,OK,,4,3658,4457,8115,3,146,146,669,3,14,327,810,357.1936881542206
langmem,152,dev_0193,6,4_00067,OK,,1,430,329,759,6,274,274,229,6,20,516,1122,28.102882862091064
langmem,152,dev_0193,7,14_00041,OK,,4,2150,4444,6594,3,132,132,350,3,23,576,1290,326.52308773994446
langmem,152,dev_0193,8,16_00079,OK,,4,1570,4500,6070,3,158,158,231,3,26,662,1482,310.1837396621704
langmem,153,dev_0194,1,10_00068,OK,,4,1018,4446,5464,3,135,135,109,3,3,61,176,356.1654794216156
langmem,153,dev_0194,2,14_00082,OK,,1,637,326,963,6,282,282,434,6,9,263,502,27.48207426071167
langmem,153,dev_0194,3,12_00020,OK,,4,2514,4447,6961,3,137,137,417,3,12,328,673,356.48176097869873
langmem,153,dev_0194,4,10_00086,OK,,4,1834,4480,6314,3,132,132,284,3,15,388,837,359.0908193588257
langmem,153,dev_0194,5,8_00107,OK,,4,1990,4446,6436,3,128,128,323,3,18,444,999,357.5957956314087
langmem,153,dev_0194,6,10_00047,OK,,4,1458,4441,5899,3,133,133,211,3,21,505,1165,355.03648829460144
langmem,153,dev_0194,7,10_00072,OK,,4,1466,4475,5941,3,128,128,219,3,24,561,1327,329.18435645103455
langmem,154,dev_0195,1,3_00017,OK,,4,954,4440,5394,2,87,87,102,2,2,39,112,356.27144718170166
langmem,154,dev_0195,2,3_00109,OK,,4,1450,4500,5950,3,154,154,206,3,5,120,301,360.59241342544556
langmem,154,dev_0195,3,13_00047,OK,,4,2206,4462,6668,3,146,146,360,3,8,194,481,356.83748173713684
langmem,154,dev_0195,4,18_00023,OK,,4,3678,4466,8144,3,152,152,668,3,11,274,664,359.905061006546
langmem,154,dev_0195,5,14_00072,OK,,3,2169,2847,5016,6,302,302,510,6,17,496,1012,223.88524389266968
langmem,154,dev_0195,6,14_00060,OK,,4,1694,4462,6156,3,140,140,246,3,20,564,1189,341.5915484428406
langmem,154,dev_0195,7,9_00035,OK,,4,1886,4464,6350,3,125,125,293,3,23,616,1349,315.25717520713806
langmem,154,dev_0195,8,5_00006,OK,,4,1390,4430,5820,3,117,117,191,3,26,659,1500,282.5190317630768
langmem,154,dev_0195,9,6_00097,OK,,4,1350,4448,5798,3,131,131,196,3,29,718,1667,245.10828256607056
langmem,155,dev_0196,1,16_00012,OK,,4,2350,4461,6811,3,148,148,383,3,3,75,177,358.09547901153564
langmem,155,dev_0196,2,17_00005,OK,,4,1858,4437,6295,3,128,128,309,3,6,131,336,355.56591629981995
langmem,155,dev_0196,3,4_00090,OK,,1,601,368,969,5,319,319,395,5,10,338,622,30.41425585746765
langmem,155,dev_0196,4,7_00017,OK,,4,1442,4490,5932,3,140,140,195,3,13,406,800,359.983681678772
langmem,155,dev_0196,5,15_00030,OK,,4,2206,4471,6677,3,154,154,367,3,16,487,991,360.8521523475647
langmem,155,dev_0196,6,13_00080,OK,,4,2158,4449,6607,3,135,135,363,3,19,549,1160,355.85725498199463
langmem,155,dev_0196,7,20_00083,OK,,1,553,556,1109,6,316,316,341,6,25,786,1519,41.93667459487915
langmem,156,dev_0197,1,5_00001,OK,,2,670,1109,1779,6,288,288,167,6,6,209,338,85.6944191455841
langmem,156,dev_0197,2,9_00010,OK,,1,660,360,1020,6,319,319,450,6,12,446,696,28.756770133972168
langmem,156,dev_0197,3,14_00079,OK,,4,2446,4451,6897,3,137,137,394,3,15,511,869,358.27119994163513
langmem,156,dev_0197,4,8_00115,OK,,4,1710,4474,6184,3,129,129,245,3,18,565,1029,358.67878317832947
langmem,156,dev_0197,5,19_00090,OK,,1,658,525,1183,6,281,281,425,6,24,767,1349,40.92211413383484
langmem,157,dev_0198,1,14_00117,OK,,4,1830,4486,6316,3,136,136,250,3,3,63,168,360.69279432296753
langmem,157,dev_0198,2,15_00002,OK,,4,2774,4441,7215,3,126,126,489,3,6,114,327,356.6212227344513
langmem,157,dev_0198,3,19_00093,OK,,4,2102,4454,6556,3,139,139,320,3,9,181,504,357.2069888114929
langmem,157,dev_0198,4,18_00096,OK,,1,634,437,1071,6,397,397,428,6,15,498,951,34.64272165298462
langmem,157,dev_0198,5,15_00075,OK,,4,1878,4468,6346,3,136,136,290,3,18,560,1123,360.57453775405884
langmem,158,dev_0199,1,13_00004,OK,,4,1278,4420,5698,3,112,112,172,3,3,40,143,356.47969603538513
langmem,158,dev_0199,2,20_00027,OK,,4,1770,4479,6249,3,130,130,261,3,6,96,312,359.886577129364
langmem,158,dev_0199,3,17_00006,OK,,4,1614,4483,6097,3,135,135,230,3,9,158,481,359.6015393733978
langmem,158,dev_0199,4,5_00063,OK,,4,1310,4463,5773,3,124,124,176,3,12,210,638,360.20028948783875
langmem,158,dev_0199,5,15_00058,OK,,4,2294,4463,6757,3,147,147,365,3,15,284,821,354.49916219711304
langmem,158,dev_0199,6,14_00069,OK,,4,2042,4453,6495,2,99,99,313,2,17,335,945,322.5551779270172
langmem,158,dev_0199,7,18_00039,OK,,4,1754,4476,6230,3,131,131,253,3,20,391,1113,301.30964398384094
langmem,158,dev_0199,8,17_00030,OK,,4,1734,4507,6241,3,155,155,254,3,23,473,1307,266.8627552986145
langmem,159,dev_0200,1,4_00034,OK,,2,894,1321,2215,6,311,311,253,6,6,229,356,116.21387100219727
langmem,159,dev_0200,2,3_00092,OK,,4,850,4436,5286,2,102,102,85,2,8,283,483,355.57903718948364
langmem,159,dev_0200,3,13_00094,OK,,1,564,593,1157,6,341,341,328,6,13,506,816,46.85838556289673
langmem,159,dev_0200,4,7_00024,OK,,1,393,644,1037,6,380,380,205,6,19,805,1237,50.09877824783325
langmem,159,dev_0200,5,2_00115,OK,,4,1290,4434,5724,3,121,121,168,3,22,854,1392,356.59677386283875
langmem,159,dev_0200,6,10_00054,OK,,4,1634,4465,6099,3,127,127,235,3,25,908,1552,359.99732398986816
langmem,159,dev_0200,7,14_00014,OK,,4,2534,4462,6996,3,145,145,410,3,28,981,1730,351.30654215812683
langmem,159,dev_0200,8,14_00002,OK,,4,1978,4493,6471,3,153,153,298,3,31,1061,1917,322.3280551433563
langmem,160,dev_0201,1,16_00033,OK,,4,2622,4450,7072,3,136,136,446,3,3,63,171,357.5038871765137
langmem,160,dev_0201,2,2_00070,OK,,4,1558,4474,6032,3,124,124,222,3,6,112,327,358.37127113342285
langmem,160,dev_0201,3,17_00083,OK,,4,3062,4476,7538,3,130,130,524,3,9,170,489,360.43750953674316
langmem,160,dev_0201,4,14_00010,OK,,4,1666,4452,6118,3,123,123,256,3,12,221,645,359.7613105773926
langmem,160,dev_0201,5,3_00026,OK,,4,982,4442,5424,2,93,93,106,2,14,263,761,335.5323975086212
langmem,160,dev_0201,6,20_00100,OK,,4,1766,4451,6217,3,139,139,286,3,17,330,934,312.77328276634216
langmem,160,dev_0201,7,5_00064,OK,,4,1294,4459,5753,3,127,127,186,3,20,385,1096,279.6082355976105
langmem,160,dev_0201,8,15_00040,OK,,4,2294,4453,6747,3,135,135,358,3,23,446,1263,240.44640064239502
langmem,160,dev_0201,9,12_00028,OK,,4,2838,4470,7308,3,152,152,465,3,26,526,1449,203.11051511764526
langmem,160,dev_0201,10,17_00087,OK,,4,3358,4442,7800,3,124,124,595,3,29,578,1606,160.98323440551758
langmem,161,dev_0202,1,15_00046,OK,,4,2198,4446,6644,3,134,134,344,3,3,60,164,357.1659848690033
langmem,161,dev_0202,2,15_00020,OK,,4,3274,4475,7749,3,130,130,581,3,6,117,328,358.20477199554443
langmem,161,dev_0202,3,9_00038,OK,,1,472,583,1055,6,333,333,273,6,12,369,699,52.24425673484802
langmem,161,dev_0202,4,8_00026,OK,,4,2582,4486,7068,3,154,154,420,3,15,450,891,361.8333373069763
langmem,161,dev_0202,5,1_00065,OK,,1,340,522,862,6,265,265,184,6,21,638,1201,44.5846848487854
langmem,161,dev_0202,6,5_00123,OK,,4,1562,4468,6030,3,132,132,237,3,24,698,1362,357.7514226436615
langmem,161,dev_0202,7,19_00059,OK,,1,776,339,1115,6,308,308,552,6,30,926,1710,27.442420721054077
langmem,162,dev_0203,1,17_00113,OK,,4,2842,4472,7314,3,152,152,465,3,3,80,187,359.67451190948486
langmem,162,dev_0203,2,8_00126,OK,,4,1830,4454,6284,3,138,138,289,3,6,143,361,355.7385699748993
langmem,162,dev_0203,3,8_00051,OK,,4,2258,4426,6684,3,112,112,384,3,9,183,508,355.6639053821564
langmem,162,dev_0203,4,19_00034,OK,,4,1878,4460,6338,3,142,142,276,3,12,253,686,359.6995692253113
langmem,162,dev_0203,5,18_00055,OK,,2,1100,1082,2182,6,291,291,347,6,18,455,1026,91.57941722869873
langmem,162,dev_0203,6,8_00104,OK,,4,2010,4451,6461,3,134,134,308,3,21,516,1196,326.7535951137543
langmem,163,dev_0204,1,20_00099,OK,,1,485,335,820,6,289,289,298,6,6,217,334,31.55139923095703
langmem,163,dev_0204,2,4_00102,OK,,4,2042,4501,6543,3,150,150,328,3,9,294,518,363.44073605537415
langmem,163,dev_0204,3,5_00082,OK,,4,918,4430,5348,3,121,121,113,3,12,343,670,353.38985657691956
langmem,163,dev_0204,4,5_00113,OK,,2,378,1101,1479,4,183,183,53,4,16,471,884,91.62419247627258
langmem,163,dev_0204,5,8_00046,OK,,4,3050,4470,7520,3,143,143,521,3,19,542,1062,360.39397716522217
langmem,163,dev_0204,6,10_00050,OK,,4,1338,4472,5810,3,131,131,183,3,22,601,1227,357.2104227542877
langmem,163,dev_0204,7,1_00095,OK,,4,1974,4459,6433,3,112,112,303,3,25,641,1373,323.90865564346313
langmem,163,dev_0204,8,15_00114,OK,,4,1934,4468,6402,3,126,126,300,3,28,695,1533,302.28082966804504
langmem,164,dev_0205,1,15_00053,OK,,4,2290,4461,6751,3,137,137,357,3,3,65,169,358.994243144989
langmem,164,dev_0205,2,12_00055,OK,,4,1986,4475,6461,3,149,149,293,3,6,142,352,357.5753118991852
langmem,164,dev_0205,3,18_00063,OK,,4,2146,4430,6576,3,114,114,346,3,9,181,499,355.6477711200714
langmem,164,dev_0205,4,2_00007,OK,,4,1238,4435,5673,3,118,118,168,3,12,226,651,357.28045439720154
langmem,164,dev_0205,5,3_00053,OK,,4,1786,4491,6277,3,145,145,279,3,15,299,827,337.035578250885
langmem,164,dev_0205,6,4_00092,OK,,1,607,305,912,6,266,266,403,6,21,484,1135,24.66234254837036
langmem,164,dev_0205,7,11_00028,OK,,4,1558,4436,5994,3,122,122,220,3,24,533,1295,307.5604968070984
langmem,164,dev_0205,8,16_00041,OK,,4,2562,4449,7011,3,141,141,415,3,27,601,1470,274.11188197135925
langmem,164,dev_0205,9,12_00005,OK,,4,3286,4450,7736,3,139,139,578,3,30,668,1648,235.0194549560547
langmem,164,dev_0205,10,9_00016,OK,,4,2074,4448,6522,3,132,132,325,3,33,728,1808,196.56801199913025
langmem,165,dev_0206,1,4_00083,OK,,1,526,315,841,6,271,271,318,6,6,195,310,29.249764442443848
langmem,165,dev_0206,2,15_00033,OK,,4,2190,4454,6644,3,136,136,327,3,9,258,478,358.6536023616791
langmem,165,dev_0206,3,12_00018,OK,,4,2454,4452,6906,3,145,145,415,3,12,330,655,355.38343596458435
langmem,165,dev_0206,4,7_00067,OK,,1,517,418,935,6,361,361,331,6,18,609,1062,37.3746976852417
langmem,165,dev_0206,5,15_00021,OK,,4,2910,4489,7399,3,144,144,506,3,21,677,1245,361.45626401901245
langmem,165,dev_0206,6,10_00109,OK,,4,1346,4458,5804,3,121,121,181,3,24,726,1403,356.87833642959595
langmem,166,dev_0207,1,9_00005,OK,,4,2166,4454,6620,3,140,140,346,3,3,67,170,358.4623579978943
langmem,166,dev_0207,2,18_00050,OK,,1,608,304,912,6,261,261,398,6,9,249,479,27.53331184387207
langmem,166,dev_0207,3,11_00039,OK,,4,1510,4454,5964,3,129,129,212,3,12,305,645,355.6033263206482
langmem,166,dev_0207,4,16_00046,OK,,4,2302,4445,6747,3,128,128,379,3,15,361,807,357.57086753845215
langmem,166,dev_0207,5,12_00098,OK,,1,336,348,684,6,289,289,160,6,21,571,1142,30.852418422698975
langmem,166,dev_0207,6,18_00107,OK,,4,2006,4449,6455,3,137,137,335,3,24,633,1310,355.5942916870117
langmem,166,dev_0207,7,16_00019,OK,,4,2150,4438,6588,3,129,129,334,3,27,690,1474,327.3481059074402
langmem,166,dev_0207,8,4_00069,OK,,1,490,329,819,6,274,274,302,6,33,876,1794,25.457975149154663
langmem,167,dev_0210,1,12_00057,OK,,4,2402,4446,6848,3,130,130,398,3,3,58,163,357.64321517944336
langmem,167,dev_0210,2,13_00105,OK,,1,594,638,1232,6,364,364,388,6,9,342,568,55.13474988937378
langmem,167,dev_0210,3,13_00009,OK,,4,1278,4449,5727,3,133,133,181,3,12,400,733,356.0494945049286
langmem,167,dev_0210,4,18_00027,OK,,4,3714,4448,8162,3,136,136,683,3,15,464,900,357.75686478614807
langmem,167,dev_0210,5,10_00074,OK,,4,1610,4472,6082,3,132,132,247,3,18,524,1071,357.7358548641205
langmem,167,dev_0210,6,5_00045,OK,,4,1210,4486,5696,3,133,133,152,3,21,585,1237,330.67643213272095
langmem,167,dev_0210,7,3_00033,OK,,4,1350,4436,5786,3,120,120,195,3,24,633,1392,304.3967547416687
langmem,167,dev_0210,8,8_00065,OK,,4,2374,4438,6812,3,125,125,409,3,27,686,1551,268.508736371994
langmem,167,dev_0210,9,16_00030,OK,,4,2618,4480,7098,3,138,138,426,3,30,751,1721,232.53696084022522
langmem,168,dev_0211,1,4_00098,OK,,1,509,331,840,6,290,290,325,6,6,210,338,30.041269779205322
langmem,168,dev_0211,2,19_00039,OK,,4,1886,4452,6338,3,135,135,287,3,9,272,509,359.0580623149872
langmem,168,dev_0211,3,19_00063,OK,,4,2534,4463,6997,3,146,146,409,3,12,346,692,356.82612800598145
langmem,168,dev_0211,4,6_00002,OK,,4,1102,4432,5534,3,115,115,131,3,15,386,840,356.668203830719
langmem,168,dev_0211,5,18_00016,OK,,1,620,340,960,6,282,282,400,6,20,562,1113,29.435222625732422
langmem,168,dev_0211,6,15_00103,OK,,4,2826,4460,7286,3,148,148,497,3,23,636,1295,356.57038259506226
langmem,168,dev_0211,7,19_00054,OK,,1,810,314,1124,6,283,283,582,6,26,732,1458,26.9957754611969
langmem,168,dev_0211,8,18_00064,OK,,4,2266,4438,6704,3,122,122,368,3,29,782,1616,323.9657289981842
langmem,169,dev_0212,1,6_00027,OK,,1,380,516,896,6,279,279,212,6,6,196,318,45.4243004322052
langmem,169,dev_0212,2,18_00098,OK,,1,505,304,809,6,268,268,320,6,12,383,634,24.881377458572388
langmem,169,dev_0212,3,16_00114,OK,,4,1786,4479,6265,3,140,140,273,3,15,449,810,360.1775279045105
langmem,169,dev_0212,4,7_00036,OK,,4,1354,4474,5828,3,125,125,166,3,18,501,968,358.1623549461365
langmem,169,dev_0212,5,15_00029,OK,,4,2350,4448,6798,3,131,131,397,3,21,560,1141,358.6336615085602
langmem,169,dev_0212,6,3_00067,OK,,4,1398,4486,5884,3,141,141,197,3,24,629,1316,358.84447026252747
langmem,169,dev_0212,7,3_00075,OK,,4,1854,4468,6322,3,131,131,286,3,27,686,1480,327.49097514152527
langmem,169,dev_0212,8,19_00073,OK,,1,648,306,954,6,282,282,417,6,33,887,1803,22.177980422973633
langmem,169,dev_0212,9,3_00009,OK,,4,1070,4441,5511,3,128,128,117,3,36,943,1963,300.7468354701996
langmem,169,dev_0212,10,18_00054,OK,,1,645,477,1122,6,262,262,418,6,40,1074,2168,29.8380868434906
langmem,170,dev_0213,1,11_00094,OK,,1,579,324,903,6,286,286,368,6,6,209,334,29.00241732597351
langmem,170,dev_0213,2,2_00022,OK,,4,1578,4469,6047,3,136,136,230,3,9,273,502,360.17574524879456
langmem,170,dev_0213,3,13_00127,OK,,4,2506,4445,6951,3,132,132,441,3,12,333,670,355.2659800052643
langmem,170,dev_0213,4,20_00105,OK,,4,1814,4476,6290,3,134,134,285,3,15,395,839,360.52329540252686
langmem,170,dev_0213,5,3_00040,OK,,4,1670,4456,6126,3,141,141,247,3,18,463,1013,357.9920406341553
langmem,170,dev_0213,6,1_00017,OK,,4,1482,4469,5951,3,130,130,221,3,21,518,1172,331.1294674873352
langmem,170,dev_0213,7,18_00097,OK,,4,1326,4444,5770,3,134,134,167,3,24,575,1341,307.33399081230164
langmem,171,dev_0214,1,19_00121,OK,,4,1890,4440,6330,3,125,125,286,3,3,53,158,358.1852252483368
langmem,171,dev_0214,2,8_00064,OK,,4,2070,4476,6546,3,142,142,321,3,6,123,336,357.11601519584656
langmem,171,dev_0214,3,18_00030,OK,,4,2210,4454,6664,3,134,134,349,3,9,184,505,358.3698077201843
langmem,171,dev_0214,4,11_00077,OK,,1,615,344,959,6,300,300,391,6,15,404,850,31.735877513885498
langmem,171,dev_0214,5,18_00058,OK,,4,1706,4466,6172,3,123,123,212,3,18,454,1002,357.89115691185
langmem,171,dev_0214,6,18_00042,OK,,4,2418,4439,6857,3,127,127,409,3,21,506,1167,328.60655784606934
langmem,171,dev_0214,7,14_00011,OK,,4,1998,4436,6434,3,124,124,309,3,24,555,1330,306.3716583251953
langmem,172,dev_0215,1,15_00016,OK,,4,2798,4462,7260,3,151,151,477,3,3,78,190,358.23003101348877
langmem,172,dev_0215,2,18_00103,OK,,1,599,334,933,6,298,298,373,6,9,295,531,29.319942951202393
langmem,172,dev_0215,3,16_00074,OK,,4,2002,4432,6434,3,115,115,324,3,12,338,677,353.75817465782166
langmem,172,dev_0215,4,3_00073,OK,,4,1778,4466,6244,3,127,127,277,3,15,393,841,359.71622943878174
langmem,172,dev_0215,5,5_00083,OK,,1,221,147,368,3,130,130,90,3,17,454,946,12.83338451385498
langmem,172,dev_0215,6,11_00114,OK,,1,450,374,824,6,304,304,229,6,23,680,1292,32.74178504943848
langmem,173,dev_0216,1,13_00054,OK,,4,2374,4461,6835,3,145,145,389,3,3,72,177,358.420850276947
langmem,173,dev_0216,2,1_00044,OK,,4,1138,4428,5566,3,118,118,150,3,6,117,329,353.0459666252136
langmem,173,dev_0216,3,1_00009,OK,,4,1518,4462,5980,3,142,142,205,3,9,187,508,359.38722562789917
langmem,173,dev_0216,4,6_00044,OK,,4,1494,4441,5935,3,126,126,201,3,12,241,665,356.70052671432495
langmem,173,dev_0216,5,9_00099,OK,,4,1230,4478,5708,3,141,141,180,3,15,310,839,334.24386715888977
langmem,173,dev_0216,6,9_00026,OK,,2,1160,1130,2290,6,310,310,372,6,21,534,1199,83.8611671924591
langmem,173,dev_0216,7,14_00021,OK,,4,1914,4485,6399,3,136,136,295,3,24,598,1367,303.1892514228821
langmem,174,dev_0217,1,3_00062,OK,,4,1286,4462,5748,3,126,126,156,3,3,54,164,358.43502020835876
langmem,174,dev_0217,2,7_00031,OK,,4,910,4442,5352,3,124,124,103,3,6,102,319,354.1615262031555
langmem,174,dev_0217,3,13_00066,OK,,4,2426,4447,6873,3,133,133,403,3,9,162,485,357.67539262771606
langmem,174,dev_0217,4,8_00122,OK,,4,1574,4493,6067,3,143,143,206,3,12,232,660,360.6817636489868
langmem,174,dev_0217,5,19_00104,OK,,4,1630,4472,6102,3,130,130,242,3,15,289,824,332.35513949394226
langmem,174,dev_0217,6,19_00044,OK,,4,2830,4484,7314,3,142,142,476,3,18,359,998,310.86319231987
langmem,174,dev_0217,7,6_00011,OK,,4,1078,4427,5505,3,115,115,133,3,21,400,1150,270.40170526504517
langmem,174,dev_0217,8,10_00003,OK,,4,1742,4449,6191,3,136,136,268,3,24,462,1321,233.51458168029785
langmem,174,dev_0217,9,17_00105,OK,,4,3098,4455,7553,3,139,139,536,3,27,528,1489,194.8157684803009
langmem,174,dev_0217,10,11_00055,OK,,4,1794,4458,6252,3,130,130,262,3,30,586,1654,152.45160269737244
langmem,175,dev_0218,1,18_00040,OK,,4,2090,4452,6542,3,135,135,352,3,3,60,169,359.39989972114563
langmem,175,dev_0218,2,12_00078,OK,,4,2250,4440,6690,3,128,128,365,3,6,115,335,354.7132611274719
langmem,175,dev_0218,3,9_00063,OK,,4,2938,4449,7387,3,129,129,525,3,9,169,499,358.4898021221161
langmem,175,dev_0218,4,18_00126,OK,,4,2122,4460,6582,3,142,142,333,3,12,239,677,357.2626459598541
langmem,175,dev_0218,5,20_00037,OK,,2,820,1306,2126,6,282,282,235,6,18,437,1008,103.22125482559204
langmem,175,dev_0218,6,20_00006,OK,,4,2974,4437,7411,3,124,124,543,3,21,489,1171,320.9175155162811
langmem,175,dev_0218,7,3_00045,OK,,4,1862,4469,6331,3,131,131,294,3,24,548,1332,299.93914246559143
langmem,175,dev_0218,8,18_00095,OK,,4,1762,4450,6212,3,138,138,268,3,27,609,1506,262.6072578430176
langmem,176,dev_0219,1,18_00078,OK,,4,2074,4466,6540,3,150,150,331,3,3,78,181,359.48539996147156
langmem,176,dev_0219,2,16_00049,OK,,1,694,372,1066,6,314,314,458,6,9,308,541,33.175602197647095
langmem,176,dev_0219,3,2_00061,OK,,4,1822,4444,6266,3,120,120,273,3,12,355,691,356.18566513061523
langmem,176,dev_0219,4,5_00105,OK,,4,982,4437,5419,3,122,122,109,3,15,404,846,356.50229120254517
langmem,176,dev_0219,5,18_00021,OK,,4,3602,4470,8072,3,154,154,660,3,18,485,1037,357.642049074173
langmem,176,dev_0219,6,8_00061,OK,,4,1990,4443,6433,3,125,125,310,3,21,535,1198,326.50587940216064
langmem,176,dev_0219,7,10_00064,OK,,4,1546,4482,6028,3,139,139,214,3,24,601,1371,307.0738344192505
langmem,176,dev_0219,8,19_00091,OK,,1,494,358,852,6,308,308,284,6,29,796,1665,25.558479070663452
langmem,176,dev_0219,9,6_00086,OK,,4,1850,4467,6317,3,125,125,275,3,32,849,1825,266.7729263305664
langmem,176,dev_0219,10,19_00114,OK,,4,1950,4484,6434,3,136,136,308,3,35,913,1999,227.36028409004211
langmem,177,dev_0220,1,2_00080,OK,,4,2090,4429,6519,3,113,113,335,3,3,41,147,355.112122297287
langmem,177,dev_0220,2,1_00021,OK,,4,1386,4446,5832,3,137,137,197,3,6,106,318,355.2386727333069
langmem,177,dev_0220,3,19_00043,OK,,1,688,312,1000,6,275,275,439,6,12,300,640,27.029825448989868
langmem,177,dev_0220,4,13_00085,OK,,4,2426,4453,6879,3,135,135,416,3,15,360,806,358.6359395980835
langmem,177,dev_0220,5,19_00023,OK,,4,1766,4440,6206,3,129,129,255,3,18,417,967,355.9870834350586
langmem,177,dev_0220,6,2_00062,OK,,1,481,376,857,6,323,323,297,6,24,666,1337,29.640939474105835
langmem,177,dev_0220,7,2_00027,OK,,4,1190,4424,5614,3,113,113,149,3,27,707,1482,321.52720975875854
langmem,177,dev_0220,8,1_00054,OK,,4,1490,4428,5918,3,119,119,215,3,30,751,1636,299.9462661743164
langmem,178,dev_0221,1,13_00087,OK,,4,2194,4444,6638,3,136,136,380,3,3,64,175,357.0179500579834
langmem,178,dev_0221,2,12_00024,OK,,4,2370,4452,6822,3,139,139,373,3,6,130,349,356.48817586898804
langmem,178,dev_0221,3,11_00022,OK,,4,1646,4440,6086,3,125,125,238,3,9,179,506,356.7726399898529
langmem,178,dev_0221,4,19_00028,OK,,4,2546,4461,7007,3,143,143,443,3,12,250,682,356.61112904548645
langmem,178,dev_0221,5,12_00009,OK,,4,3002,4451,7453,3,144,144,508,3,15,322,860,328.1575231552124
langmem,178,dev_0221,6,1_00031,OK,,4,1582,4439,6021,3,115,115,237,3,18,365,1007,304.83138132095337
langmem,178,dev_0221,7,18_00125,OK,,1,499,353,852,6,286,286,302,6,24,575,1332,25.807643175125122
langmem,178,dev_0221,8,16_00016,OK,,4,2930,4450,7380,3,133,133,519,3,27,635,1503,266.86791467666626
langmem,178,dev_0221,9,11_00032,OK,,4,1734,4448,6182,3,132,132,270,3,30,695,1675,228.1916790008545
langmem,178,dev_0221,10,5_00081,OK,,4,818,4423,5241,3,114,114,82,3,33,737,1822,185.2529375553131
langmem,179,dev_0222,1,9_00044,OK,,4,1726,4445,6171,3,127,127,243,3,3,55,160,357.10120010375977
langmem,179,dev_0222,2,19_00098,OK,,4,2058,4448,6506,3,139,139,342,3,6,122,336,356.03247714042664
langmem,179,dev_0222,3,20_00026,OK,,1,683,501,1184,6,265,265,470,6,12,309,654,41.11746072769165
langmem,179,dev_0222,4,16_00105,OK,,4,2222,4435,6657,3,124,124,368,3,15,359,806,357.8356714248657
langmem,179,dev_0222,5,6_00120,OK,,4,998,4431,5429,3,122,122,116,3,18,408,966,353.39638662338257
langmem,180,dev_0223,1,20_00045,OK,,4,1826,4463,6289,3,128,128,274,3,3,53,162,358.29818058013916
langmem,180,dev_0223,2,5_00078,OK,,4,830,4433,5263,3,124,124,85,3,6,105,319,355.27821612358093
langmem,180,dev_0223,3,4_00027,OK,,4,1334,4453,5787,3,138,138,181,3,9,170,490,358.1380887031555
langmem,180,dev_0223,4,6_00077,OK,,4,1882,4444,6326,3,130,130,298,3,12,228,651,356.2623736858368
langmem,180,dev_0223,5,12_00059,OK,,1,590,367,957,6,293,293,380,6,18,448,982,30.2868435382843
langmem,180,dev_0223,6,15_00078,OK,,4,2602,4460,7062,3,140,140,444,3,21,513,1153,324.7918553352356
langmem,180,dev_0223,7,16_00106,OK,,4,1678,4461,6139,3,118,118,223,3,24,559,1304,302.43950605392456
langmem,180,dev_0223,8,3_00072,OK,,4,1622,4470,6092,3,129,129,234,3,27,614,1468,266.7497491836548
langmem,181,dev_0224,1,12_00072,OK,,4,1366,4443,5809,3,130,130,166,3,3,55,162,356.70687985420227
langmem,181,dev_0224,2,8_00006,OK,,4,2638,4485,7123,3,158,158,436,3,6,140,357,359.52891635894775
langmem,181,dev_0224,3,13_00078,OK,,4,2514,4480,6994,3,165,165,426,3,9,231,558,361.859112739563
langmem,181,dev_0224,4,8_00082,OK,,4,2790,4442,7232,3,127,127,494,3,12,285,715,355.30470395088196
langmem,181,dev_0224,5,8_00024,OK,,4,3182,4467,7649,3,150,150,559,3,15,362,901,326.65230226516724
langmem,182,dev_0226,1,12_00104,OK,,4,1610,4466,6076,3,125,125,219,3,3,53,159,358.41383624076843
langmem,182,dev_0226,2,4_00033,OK,,4,1938,4472,6410,3,128,128,309,3,6,109,319,358.4837963581085
langmem,182,dev_0226,3,10_00115,OK,,4,1594,4472,6066,3,127,127,231,3,9,162,484,360.3983266353607
langmem,182,dev_0226,4,5_00077,OK,,4,1150,4442,5592,3,128,128,159,3,12,217,646,355.2327399253845
langmem,182,dev_0226,5,10_00095,OK,,4,1474,4470,5944,3,124,124,216,3,15,269,805,326.52078914642334
langmem,182,dev_0226,6,15_00036,OK,,4,2334,4446,6780,3,133,133,378,3,18,328,974,304.4349846839905
langmem,182,dev_0226,7,20_00019,OK,,4,2234,4452,6686,3,138,138,358,3,21,393,1146,267.13318037986755
langmem,182,dev_0226,8,13_00126,OK,,4,2090,4497,6587,3,156,156,310,3,24,475,1335,230.20476770401
langmem,183,dev_0227,1,18_00115,OK,,1,520,361,881,6,321,321,333,6,5,201,302,28.433757543563843
langmem,183,dev_0227,2,4_00117,OK,,4,1502,4482,5984,3,130,130,214,3,8,258,464,359.8784897327423
langmem,183,dev_0227,3,14_00065,OK,,1,619,312,931,6,269,269,415,6,14,446,781,24.47980761528015
langmem,183,dev_0227,4,15_00045,OK,,4,2182,4443,6625,3,132,132,322,3,17,504,946,357.524783372879
langmem,183,dev_0227,5,1_00106,OK,,4,2194,4435,6629,3,117,117,372,3,20,548,1100,358.12869787216187
langmem,183,dev_0227,6,12_00054,OK,,4,2686,4436,7122,3,123,123,447,3,23,599,1258,351.0403730869293
langmem,184,dev_0228,1,5_00068,OK,,1,183,7,190,0,0,0,56,0,0,0,0,0.6009490489959717
langmem,184,dev_0228,2,3_00103,OK,,4,1030,4460,5490,2,121,121,123,2,2,72,142,358.12201952934265
langmem,184,dev_0228,3,16_00015,OK,,4,2974,4460,7434,3,143,143,518,3,5,142,321,357.7526385784149
langmem,184,dev_0228,4,16_00063,OK,,4,1786,4475,6261,3,128,128,260,3,8,198,475,360.783732175827
langmem,184,dev_0228,5,5_00101,OK,,1,190,222,412,4,197,197,60,4,10,270,592,17.821663856506348
langmem,185,dev_0230,1,14_00027,OK,,3,1503,2654,4157,6,305,305,303,6,6,222,346,214.4151885509491
langmem,185,dev_0230,2,10_00056,OK,,4,1658,4487,6145,3,142,142,254,3,9,292,521,359.8453302383423
langmem,185,dev_0230,3,4_00066,OK,,4,1454,4467,5921,3,124,124,197,3,12,344,678,359.83847999572754
langmem,185,dev_0230,4,5_00076,OK,,4,926,4430,5356,3,122,122,105,3,15,392,835,356.09385228157043
langmem,185,dev_0230,5,10_00000,OK,,4,1650,4486,6136,3,147,147,256,3,18,467,1019,335.5009479522705
langmem,185,dev_0230,6,8_00096,OK,,4,2058,4447,6505,3,126,126,328,3,21,521,1179,309.33251094818115
langmem,185,dev_0230,7,19_00050,OK,,1,594,335,929,6,301,301,373,6,26,711,1477,25.15568256378174
langmem,185,dev_0230,8,9_00049,OK,,4,2514,4427,6941,3,116,116,404,3,29,755,1633,270.3654844760895
langmem,185,dev_0230,9,14_00116,OK,,4,2518,4452,6970,3,144,144,424,3,32,826,1808,233.8900830745697
langmem,185,dev_0230,10,19_00086,OK,,4,2158,4477,6635,3,130,130,312,3,35,884,1969,196.25070929527283
langmem,186,dev_0231,1,18_00112,OK,,4,2078,4473,6551,3,154,154,338,3,3,80,190,358.7976999282837
langmem,186,dev_0231,2,20_00031,OK,,4,2746,4432,7178,3,121,121,465,3,6,129,345,356.70764923095703
langmem,186,dev_0231,3,11_00118,OK,,4,2898,4484,7382,3,163,163,483,3,9,219,540,361.7372806072235
langmem,186,dev_0231,4,11_00023,OK,,4,1726,4455,6181,3,130,130,249,3,12,276,707,347.26891040802
langmem,186,dev_0231,5,2_00006,OK,,4,1190,4427,5617,3,114,114,141,3,15,318,854,315.7147927284241
langmem,186,dev_0231,6,4_00013,OK,,4,1322,4467,5789,3,130,130,183,3,18,376,1019,293.2036304473877
langmem,187,dev_0233,1,17_00121,OK,,4,2434,4465,6899,3,146,146,393,3,3,74,183,357.82091307640076
langmem,187,dev_0233,2,3_00048,OK,,1,435,502,937,6,266,266,248,6,8,226,444,45.80394220352173
langmem,187,dev_0233,3,14_00029,OK,,4,2386,4440,6826,3,128,128,389,3,11,282,604,357.91034984588623
langmem,187,dev_0233,4,12_00051,OK,,4,2042,4466,6508,3,146,146,318,3,14,356,784,358.8901164531708
langmem,187,dev_0233,5,12_00094,OK,,4,1986,4439,6425,3,124,124,315,3,17,408,939,331.21248865127563
langmem,187,dev_0233,6,1_00075,OK,,2,764,1340,2104,6,311,311,224,6,23,634,1299,99.32868981361389
langmem,188,dev_0234,1,19_00099,OK,,1,532,316,848,6,272,272,334,6,6,189,319,30.50010848045349
langmem,188,dev_0234,2,10_00073,OK,,4,1602,4467,6069,3,128,128,239,3,9,242,482,356.9534456729889
langmem,188,dev_0234,3,17_00088,OK,,4,3142,4452,7594,3,132,132,532,3,12,302,647,357.99554324150085
langmem,188,dev_0234,4,19_00094,OK,,1,500,368,868,6,334,334,295,6,17,518,971,33.108513832092285
langmem,188,dev_0234,5,8_00057,OK,,1,503,312,815,6,276,276,297,6,23,721,1293,27.498600482940674
langmem,188,dev_0234,6,14_00068,OK,,1,500,329,829,6,293,293,298,6,27,869,1524,28.577033281326294
langmem,189,dev_0236,1,9_00084,OK,,4,1422,4442,5864,3,136,136,215,3,3,63,170,355.4600045681
langmem,189,dev_0236,2,2_00053,OK,,4,1474,4430,5904,3,122,122,201,3,6,112,329,355.8964033126831
langmem,189,dev_0236,3,13_00091,OK,,4,2530,4471,7001,3,158,158,453,3,9,197,514,361.14944291114807
langmem,189,dev_0236,4,1_00096,OK,,4,1970,4450,6420,3,113,113,327,3,12,238,660,336.8973608016968
langmem,189,dev_0236,5,11_00057,OK,,4,2130,4455,6585,3,134,134,340,3,15,300,829,311.7556173801422
langmem,189,dev_0236,6,7_00038,OK,,4,2046,4484,6530,3,135,135,317,3,18,363,994,281.0045487880707
langmem,189,dev_0236,7,6_00106,OK,,4,1262,4461,5723,3,124,124,162,3,21,415,1152,240.51860284805298
langmem,189,dev_0236,8,3_00051,OK,,4,1794,4459,6253,3,128,128,279,3,24,468,1316,202.37068676948547
langmem,190,dev_0238,1,16_00112,OK,,4,1354,4435,5789,3,128,128,182,3,3,55,160,354.8409380912781
langmem,190,dev_0238,2,4_00115,OK,,4,1674,4479,6153,3,130,130,262,3,6,111,325,360.1334023475647
langmem,190,dev_0238,3,9_00126,OK,,1,401,497,898,6,286,286,228,6,11,286,600,45.336257219314575
langmem,190,dev_0238,4,15_00101,OK,,4,1762,4468,6230,3,128,128,271,3,14,339,760,359.9484760761261
langmem,190,dev_0238,5,8_00092,OK,,4,1962,4474,6436,3,140,140,299,3,17,407,933,333.0823938846588
langmem,190,dev_0238,6,12_00040,OK,,4,2462,4471,6933,3,149,149,393,3,20,483,1114,309.9307429790497
langmem,190,dev_0238,7,19_00103,OK,,1,559,578,1137,6,329,329,366,6,26,725,1486,41.48240685462952
langmem,191,dev_0239,1,10_00008,OK,,4,1394,4469,5863,3,131,131,208,3,3,59,165,357.398770570755
langmem,191,dev_0239,2,10_00078,OK,,1,417,488,905,6,280,280,248,6,9,231,500,44.191935539245605
langmem,191,dev_0239,3,19_00056,OK,,1,690,377,1067,6,332,332,462,6,15,483,875,33.169280767440796
langmem,191,dev_0239,4,1_00082,OK,,4,1658,4458,6116,3,123,123,232,3,18,534,1032,358.365202665329
langmem,191,dev_0239,5,16_00107,OK,,4,1878,4471,6349,3,130,130,283,3,21,592,1198,357.95764207839966
langmem,191,dev_0239,6,14_00104,OK,,4,2486,4491,6977,3,145,145,403,3,24,664,1379,331.06662940979004
langmem,191,dev_0239,7,16_00100,OK,,4,1858,4439,6297,2,86,86,287,2,26,702,1487,304.21029782295227
langmem,192,dev_0240,1,20_00106,OK,,4,2314,4437,6751,3,125,125,367,3,3,53,162,354.1070921421051
langmem,192,dev_0240,2,6_00015,OK,,1,361,250,611,5,228,228,197,5,8,213,430,23.84476089477539
langmem,192,dev_0240,3,13_00102,OK,,4,3254,4481,7735,3,162,162,581,3,11,302,623,360.29403138160706
langmem,192,dev_0240,4,14_00107,OK,,4,2506,4478,6984,3,159,159,430,3,14,386,821,360.2803900241852
langmem,192,dev_0240,5,3_00012,OK,,4,842,4410,5252,2,83,83,85,2,16,421,927,329.1095325946808
langmem,192,dev_0240,6,6_00054,OK,,4,1658,4481,6139,3,136,136,227,3,19,485,1101,311.76118302345276
langmem,192,dev_0240,7,18_00106,OK,,4,1690,4451,6141,3,137,137,252,3,22,548,1272,274.75248074531555
langmem,192,dev_0240,8,15_00098,OK,,4,2786,4454,7240,3,140,140,484,3,25,616,1451,236.46065044403076
langmem,192,dev_0240,9,1_00077,OK,,4,2110,4437,6547,3,118,118,355,3,28,662,1605,197.50898599624634
langmem,193,dev_0241,1,5_00094,OK,,4,782,4435,5217,3,122,122,76,3,3,50,159,353.78773379325867
langmem,193,dev_0241,2,17_00068,OK,,4,3246,4454,7700,3,136,136,581,3,6,114,324,358.504385471344
langmem,193,dev_0241,3,9_00090,OK,,4,1302,4472,5774,3,131,131,171,3,9,172,487,360.1474142074585
langmem,193,dev_0241,4,10_00065,OK,,4,1906,4466,6372,3,129,129,308,3,12,229,646,335.0595226287842
langmem,193,dev_0241,5,9_00121,OK,,4,1134,4450,5584,3,130,130,134,3,15,287,809,310.70991802215576
langmem,193,dev_0241,6,16_00087,OK,,4,2142,4444,6586,3,130,130,347,3,18,345,975,276.0983929634094
langmem,193,dev_0241,7,5_00110,OK,,4,694,4416,5110,2,88,88,54,2,20,384,1084,235.56740427017212
langmem,193,dev_0241,8,14_00005,OK,,1,587,373,960,6,295,295,361,6,26,607,1422,21.36656665802002
langmem,193,dev_0241,9,11_00080,OK,,4,1906,4472,6378,3,131,131,303,3,29,666,1587,196.91137409210205
langmem,193,dev_0241,10,16_00004,OK,,4,3402,4448,7850,3,135,135,641,3,32,729,1759,153.42992520332336
langmem,194,dev_0242,1,5_00026,OK,,4,866,4416,5282,2,86,86,101,2,2,38,105,351.728068113327
langmem,194,dev_0242,2,17_00094,OK,,4,3838,4452,8290,3,133,133,681,3,5,99,275,358.13973450660706
langmem,194,dev_0242,3,4_00040,OK,,4,1622,4443,6065,3,127,127,226,3,8,154,437,357.6657817363739
langmem,194,dev_0242,4,15_00044,OK,,4,2442,4461,6903,3,148,148,412,3,11,228,619,334.85654520988464
langmem,194,dev_0242,5,16_00113,OK,,4,1650,4498,6148,3,148,148,248,3,14,304,800,313.8530704975128
langmem,194,dev_0242,6,10_00030,OK,,4,1558,4473,6031,3,126,126,226,3,17,358,961,278.2948305606842
langmem,194,dev_0242,7,17_00009,OK,,4,1794,4468,6262,3,122,122,277,3,20,408,1114,238.69647765159607
langmem,194,dev_0242,8,7_00011,OK,,4,1610,4463,6073,3,118,118,254,3,23,450,1267,199.92627811431885
langmem,194,dev_0242,9,2_00107,OK,,4,1570,4445,6015,3,129,129,226,3,26,506,1429,158.0425238609314
langmem,194,dev_0242,10,12_00052,OK,,4,1826,4483,6309,3,138,138,238,3,29,572,1602,110.7013156414032
langmem,195,dev_0243,1,9_00070,OK,,4,1538,4470,6008,3,126,126,211,3,3,54,160,358.52100896835327
langmem,195,dev_0243,2,18_00082,OK,,4,1702,4444,6146,3,131,131,248,3,6,111,324,356.9466121196747
langmem,195,dev_0243,3,15_00113,OK,,4,2302,4438,6740,3,128,128,375,3,9,164,485,357.0783259868622
langmem,195,dev_0243,4,14_00123,OK,,4,2458,4483,6941,3,136,136,396,3,12,228,652,335.7152166366577
langmem,195,dev_0243,5,1_00098,OK,,4,2314,4429,6743,3,120,120,392,3,15,276,813,307.7571294307709
langmem,195,dev_0243,6,16_00053,OK,,2,800,1324,2124,6,294,294,209,6,21,474,1154,91.45138239860535
langmem,195,dev_0243,7,8_00087,OK,,4,2022,4434,6456,3,119,119,315,3,24,518,1312,263.9079828262329
langmem,196,dev_0244,1,3_00057,OK,,4,1878,4502,6380,3,155,155,306,3,3,82,190,360.21812105178833
langmem,196,dev_0244,2,10_00009,OK,,4,1502,4480,5982,3,141,141,224,3,6,151,366,360.4032771587372
langmem,196,dev_0244,3,14_00046,OK,,4,3014,4484,7498,3,134,134,525,3,9,213,535,360.8653829097748
langmem,196,dev_0244,4,8_00032,OK,,4,2602,4470,7072,3,147,147,410,3,12,286,716,333.352796792984
langmem,196,dev_0244,5,17_00089,OK,,4,3662,4443,8105,3,129,129,634,3,15,343,877,308.7866201400757
langmem,196,dev_0244,6,10_00084,OK,,4,1646,4469,6115,3,122,122,242,3,18,393,1032,275.6239016056061
langmem,196,dev_0244,7,5_00097,OK,,4,834,4438,5272,3,128,128,84,3,21,449,1196,235.1089084148407
langmem,196,dev_0244,8,8_00088,OK,,4,1466,4444,5910,3,125,125,181,3,24,502,1353,197.1979718208313
langmem,196,dev_0244,9,1_00058,OK,,4,1110,4422,5532,3,114,114,143,3,27,544,1497,155.7356915473938
langmem,196,dev_0244,10,15_00118,OK,,4,2218,4451,6669,3,136,136,356,3,30,605,1663,109.24602460861206
langmem,197,dev_0246,1,16_00042,OK,,4,2982,4448,7430,3,138,138,535,3,3,66,173,355.24986386299133
langmem,197,dev_0246,2,2_00085,OK,,4,1842,4431,6273,3,112,112,287,3,6,106,319,355.8277304172516
langmem,197,dev_0246,3,12_00062,OK,,4,2158,4483,6641,3,154,154,352,3,9,188,511,360.7738108634949
langmem,197,dev_0246,4,10_00098,OK,,4,1474,4472,5946,3,125,125,218,3,12,240,671,334.40865325927734
langmem,197,dev_0246,5,15_00104,OK,,4,2250,4440,6690,3,130,130,352,3,15,297,837,308.68835830688477
langmem,197,dev_0246,6,12_00102,OK,,4,2234,4451,6685,3,134,134,360,3,18,356,1003,276.415470123291
langmem,197,dev_0246,7,12_00023,OK,,4,3374,4462,7836,3,149,149,614,3,21,432,1188,237.51568031311035
langmem,197,dev_0246,8,17_00085,OK,,4,3438,4459,7897,3,142,142,632,3,24,502,1364,199.0586416721344
langmem,197,dev_0246,9,18_00067,OK,,4,1446,4472,5918,3,131,131,178,3,27,561,1527,157.44735407829285
langmem,198,dev_0247,1,5_00011,OK,,4,1218,4434,5652,3,121,121,143,3,3,48,157,353.5990934371948
langmem,198,dev_0247,2,12_00113,OK,,4,1634,4474,6108,3,127,127,255,3,6,100,319,359.9324941635132
langmem,198,dev_0247,3,6_00100,OK,,4,1406,4479,5885,3,140,140,192,3,9,168,494,361.0731279850006
langmem,198,dev_0247,4,11_00107,OK,,4,2002,4486,6488,3,138,138,302,3,12,234,665,335.38932180404663
langmem,198,dev_0247,5,9_00003,OK,,1,383,319,702,6,268,268,189,6,18,413,977,25.72791600227356
langmem,198,dev_0247,6,3_00005,OK,,4,986,4437,5423,3,122,122,113,3,21,462,1137,307.6548523902893
langmem,198,dev_0247,7,4_00039,OK,,1,462,564,1026,6,335,335,260,6,27,718,1524,40.21885681152344
langmem,198,dev_0247,8,2_00020,OK,,4,1298,4458,5756,3,117,117,166,3,30,763,1673,267.64667415618896
langmem,198,dev_0247,9,8_00101,OK,,4,1882,4470,6352,3,128,128,286,3,33,819,1831,229.6546015739441
langmem,199,dev_0249,1,18_00026,OK,,4,3490,4462,7952,3,148,148,598,3,3,76,187,355.8416123390198
langmem,199,dev_0249,2,9_00123,OK,,1,478,324,802,6,293,293,308,6,9,289,532,29.09986424446106
langmem,199,dev_0249,3,10_00099,OK,,4,1158,4434,5592,3,117,117,148,3,12,332,687,356.5701882839203
langmem,199,dev_0249,4,9_00109,OK,,4,1734,4460,6194,3,112,112,276,3,15,372,831,357.50587248802185
langmem,199,dev_0249,5,12_00058,OK,,4,2542,4487,7029,3,168,168,414,3,18,467,1031,332.7397322654724
langmem,199,dev_0249,6,9_00115,OK,,4,1558,4484,6042,3,140,140,230,3,21,532,1200,309.30782747268677
langmem,199,dev_0249,7,20_00003,OK,,3,1668,2676,4344,6,327,327,358,6,27,774,1568,164.93052554130554
langmem,199,dev_0249,8,1_00043,OK,,4,1882,4427,6309,3,118,118,298,3,30,820,1715,246.70745992660522
langmem,199,dev_0249,9,20_00086,OK,,4,1970,4509,6479,3,159,159,306,3,33,907,1909,211.89520263671875
langmem,200,dev_0250,1,19_00089,OK,,1,681,516,1197,6,289,289,441,6,6,208,332,43.447346210479736
langmem,200,dev_0250,2,17_00114,OK,,4,3298,4444,7742,3,131,131,602,3,9,267,499,355.82137298583984
langmem,200,dev_0250,3,14_00053,OK,,4,2142,4462,6604,3,141,141,330,3,12,336,672,358.913916349411
langmem,200,dev_0250,4,5_00010,OK,,4,1394,4452,5846,3,127,127,181,3,15,387,834,356.3688790798187
langmem,200,dev_0250,5,8_00050,OK,,4,1898,4433,6331,3,124,124,292,3,18,436,991,326.1785264015198
langmem,200,dev_0250,6,4_00001,OK,,1,476,377,853,6,328,328,294,6,24,685,1366,28.447444200515747
langmem,200,dev_0250,7,2_00102,OK,,4,2010,4431,6441,3,116,116,324,3,27,729,1515,301.95686435699463
langmem,200,dev_0250,8,5_00071,OK,,4,858,4437,5295,3,126,126,89,3,30,781,1674,266.19612193107605
langmem,200,dev_0250,9,5_00062,OK,,4,1174,4446,5620,3,126,126,146,3,33,835,1828,226.9472975730896
langmem,201,dev_0251,1,1_00060,OK,,4,1278,4425,5703,3,116,116,169,3,3,41,149,353.63236236572266
langmem,201,dev_0251,2,4_00029,OK,,4,1818,4474,6292,3,129,129,271,3,6,98,309,360.0542845726013
langmem,201,dev_0251,3,19_00009,OK,,4,2094,4453,6547,3,137,137,334,3,9,163,478,356.9552438259125
langmem,201,dev_0251,4,14_00033,OK,,4,2046,4454,6500,3,142,142,334,3,12,233,661,330.59156370162964
langmem,201,dev_0251,5,10_00100,OK,,4,1634,4470,6104,3,122,122,237,3,15,282,814,309.6618826389313
langmem,201,dev_0251,6,14_00080,OK,,4,2018,4451,6469,3,129,129,305,3,18,339,974,271.7139732837677
langmem,201,dev_0251,7,15_00082,OK,,1,719,558,1277,6,317,317,476,6,24,580,1329,34.3566632270813
langmem,202,dev_0252,1,5_00108,OK,,4,1106,4431,5537,3,123,123,136,3,3,50,157,353.7856788635254
langmem,202,dev_0252,2,5_00039,OK,,4,1482,4466,5948,3,126,126,219,3,6,104,315,359.578574180603
langmem,202,dev_0252,3,11_00066,OK,,4,1922,4462,6384,3,128,128,305,3,9,160,477,357.4916400909424
langmem,202,dev_0252,4,13_00023,OK,,4,1218,4428,5646,3,120,120,153,3,12,205,633,329.0377335548401
langmem,202,dev_0252,5,17_00051,OK,,4,1634,4486,6120,3,140,140,248,3,15,272,808,310.7828621864319
langmem,202,dev_0252,6,1_00078,OK,,4,2002,4426,6428,3,118,118,314,3,18,318,961,269.8193898200989
langmem,202,dev_0252,7,10_00077,OK,,4,1270,4442,5712,3,128,128,174,3,21,374,1118,233.00247263908386
langmem,202,dev_0252,8,15_00011,OK,,4,2602,4465,7067,3,155,155,446,3,24,457,1309,194.4715600013733
langmem,202,dev_0252,9,17_00126,OK,,1,684,346,1030,6,301,301,442,6,29,639,1606,14.484738111495972
langmem,203,dev_0254,1,9_00105,OK,,4,1790,4445,6235,3,126,126,292,3,3,51,156,355.84704518318176
langmem,203,dev_0254,2,17_00078,OK,,4,2978,4446,7424,3,128,128,519,3,6,107,320,358.80442476272583
langmem,203,dev_0254,3,4_00051,OK,,1,579,587,1166,6,332,332,366,6,12,353,700,50.22980570793152
langmem,203,dev_0254,4,16_00111,OK,,4,1906,4464,6370,3,125,125,287,3,15,406,856,356.95883560180664
langmem,203,dev_0254,5,1_00034,OK,,4,1142,4425,5567,3,114,114,149,3,18,448,1004,323.0317449569702
langmem,203,dev_0254,6,16_00003,OK,,4,1942,4469,6411,3,127,127,312,3,21,502,1161,305.6333887577057
langmem,203,dev_0254,7,2_00074,OK,,4,1462,4466,5928,3,120,120,204,3,24,549,1310,267.72820687294006
langmem,204,dev_0255,1,12_00043,OK,,4,2514,4438,6952,3,125,125,416,3,3,50,160,354.88077902793884
langmem,204,dev_0255,2,4_00101,OK,,4,2014,4468,6482,3,152,152,304,3,6,129,346,360.0070996284485
langmem,204,dev_0255,3,5_00119,OK,,4,1138,4465,5603,3,130,130,143,3,9,187,510,357.4845652580261
langmem,204,dev_0255,4,5_00117,OK,,4,1242,4471,5713,3,134,134,171,3,12,249,677,331.0650382041931
langmem,204,dev_0255,5,6_00108,OK,,4,1058,4425,5483,3,116,116,128,3,15,293,828,305.7426965236664
langmem,205,dev_0256,1,18_00118,OK,,4,2190,4445,6635,3,132,132,355,3,3,60,166,355.3132586479187
langmem,205,dev_0256,2,9_00110,OK,,1,435,512,947,6,303,303,264,6,9,279,520,43.042739152908325
langmem,205,dev_0256,3,9_00056,OK,,4,1946,4467,6413,3,124,124,315,3,12,328,678,360.83431696891785
langmem,205,dev_0256,4,17_00035,OK,,4,2166,4503,6669,3,153,153,355,3,15,408,863,360.33865690231323
langmem,205,dev_0256,5,8_00069,OK,,4,2358,4462,6820,3,143,143,396,3,18,478,1036,325.19127798080444
langmem,205,dev_0256,6,11_00124,OK,,1,553,298,851,6,260,260,348,6,24,629,1354,21.14498019218445
langmem,205,dev_0256,7,12_00091,OK,,4,1894,4466,6360,3,144,144,297,3,27,698,1534,302.33123898506165
langmem,205,dev_0256,8,15_00009,OK,,4,2726,4444,7170,3,130,130,460,3,30,755,1700,264.55913400650024
langmem,205,dev_0256,9,1_00051,OK,,4,1226,4449,5675,3,113,113,162,3,33,796,1847,222.32721853256226
langmem,206,dev_0258,1,14_00091,OK,,1,584,337,921,6,299,299,367,6,6,226,346,28.53675627708435
langmem,206,dev_0258,2,8_00015,OK,,4,1998,4465,6463,3,148,148,306,3,9,301,531,357.63185691833496
langmem,206,dev_0258,3,9_00048,OK,,4,2390,4462,6852,3,138,138,383,3,12,367,705,360.3362729549408
langmem,206,dev_0258,4,18_00032,OK,,4,2226,4436,6662,3,124,124,381,3,15,418,860,354.5265266895294
langmem,206,dev_0258,5,12_00107,OK,,4,1866,4447,6313,3,126,126,280,3,18,471,1021,326.12744545936584
langmem,206,dev_0258,6,4_00041,OK,,4,1430,4481,5911,3,131,131,195,3,21,530,1181,305.80233240127563
langmem,206,dev_0258,7,9_00087,OK,,4,1890,4474,6364,3,129,129,310,3,24,587,1339,269.02342796325684
langmem,206,dev_0258,8,15_00060,OK,,4,3014,4464,7478,3,142,142,525,3,27,657,1521,229.51028394699097
langmem,206,dev_0258,9,15_00111,OK,,4,2346,4463,6809,3,130,130,376,3,30,714,1687,187.79620242118835
langmem,207,dev_0260,1,19_00127,OK,,4,1898,4444,6342,3,133,133,292,3,3,60,165,355.2028317451477
langmem,207,dev_0260,2,3_00004,OK,,1,256,345,601,4,198,198,113,4,6,160,329,29.004184007644653
langmem,207,dev_0260,3,13_00049,OK,,4,1978,4487,6465,3,143,143,319,3,9,230,508,361.483549118042
langmem,207,dev_0260,4,12_00042,OK,,4,3226,4478,7704,3,152,152,552,3,12,308,698,358.471800327301
langmem,207,dev_0260,5,15_00122,OK,,4,3378,4469,7847,3,148,148,600,3,15,383,882,326.60824632644653
langmem,207,dev_0260,6,4_00031,OK,,4,2314,4473,6787,3,128,128,382,3,18,438,1044,306.29917311668396
langmem,207,dev_0260,7,4_00094,OK,,2,954,1125,2079,6,317,317,297,6,24,670,1402,68.49622416496277
langmem,207,dev_0260,8,19_00038,OK,,4,2202,4463,6665,3,146,146,361,3,27,744,1581,259.26512932777405
langmem,208,dev_0261,1,6_00101,OK,,4,1666,4449,6115,3,125,125,258,3,3,52,161,356.36683225631714
langmem,208,dev_0261,2,1_00008,OK,,4,1434,4466,5900,3,120,120,208,3,6,100,316,359.8610234260559
langmem,208,dev_0261,3,4_00077,OK,,1,525,334,859,6,293,293,304,6,11,282,607,28.720226049423218
langmem,208,dev_0261,4,9_00007,OK,,1,490,336,826,6,276,276,272,6,16,417,875,27.430368900299072
langmem,208,dev_0261,5,10_00087,OK,,4,1446,4471,5917,3,134,134,213,3,19,479,1043,356.0463716983795
langmem,208,dev_0261,6,6_00127,OK,,4,1058,4440,5498,3,127,127,129,3,22,534,1208,322.1131238937378
langmem,209,dev_0262,1,2_00098,OK,,3,1251,2857,4108,6,296,296,222,6,6,194,341,220.4473114013672
langmem,209,dev_0262,2,2_00124,OK,,4,830,4421,5251,2,88,88,75,2,8,232,455,356.214861869812
langmem,209,dev_0262,3,1_00112,OK,,4,2038,4440,6478,3,131,131,348,3,11,288,617,359.0260126590729
langmem,209,dev_0262,4,1_00127,OK,,4,1230,4462,5692,3,116,116,172,3,14,332,764,340.740754365921
langmem,209,dev_0262,5,18_00024,OK,,1,724,346,1070,6,301,301,467,6,20,548,1107,25.856669902801514
langmem,209,dev_0262,6,11_00096,OK,,1,431,573,1004,6,314,314,235,6,26,780,1464,44.540757179260254
langmem,209,dev_0262,7,5_00000,OK,,4,1606,4452,6058,3,129,129,229,3,29,833,1627,309.33982133865356
langmem,210,dev_0266,1,12_00109,OK,,4,1426,4446,5872,3,127,127,206,3,3,52,164,356.35647892951965
langmem,210,dev_0266,2,5_00019,OK,,4,1518,4444,5962,3,127,127,209,3,6,103,330,357.3052325248718
langmem,210,dev_0266,3,17_00076,OK,,4,3382,4454,7836,3,136,136,588,3,9,166,503,356.02960324287415
langmem,210,dev_0266,4,11_00083,OK,,4,2430,4472,6902,3,135,135,406,3,12,228,674,328.8629984855652
langmem,210,dev_0266,5,3_00036,OK,,4,2250,4452,6702,3,133,133,370,3,15,289,843,304.89454650878906
langmem,210,dev_0266,6,16_00002,OK,,4,2030,4458,6488,3,149,149,319,3,18,365,1023,268.5344502925873
langmem,210,dev_0266,7,12_00025,OK,,4,3018,4491,7509,3,171,171,514,3,21,464,1227,231.79065990447998
langmem,210,dev_0266,8,17_00098,OK,,4,3950,4445,8395,3,134,134,735,3,24,526,1402,188.48793649673462
langmem,210,dev_0266,9,17_00053,OK,,4,1842,4488,6330,3,145,145,298,3,27,598,1579,147.66067028045654
langmem,211,dev_0267,1,20_00038,OK,,2,748,1212,1960,6,278,278,192,6,6,194,323,94.27468156814575
langmem,211,dev_0267,2,16_00047,OK,,4,2682,4454,7136,3,139,139,470,3,9,261,500,358.48213958740234
langmem,211,dev_0267,3,19_00055,OK,,1,680,374,1054,6,322,322,455,6,15,504,875,29.71675443649292
langmem,211,dev_0267,4,12_00047,OK,,4,2418,4481,6899,3,159,159,393,3,18,591,1072,361.51338815689087
langmem,211,dev_0267,5,14_00022,OK,,4,1722,4445,6167,3,126,126,253,3,21,644,1234,346.797664642334
langmem,211,dev_0267,6,7_00025,OK,,1,403,702,1105,7,396,396,249,7,27,886,1637,51.03743004798889
langmem,211,dev_0267,7,10_00113,OK,,4,1586,4460,6046,3,115,115,243,3,30,928,1788,315.34351992607117
langmem,211,dev_0267,8,15_00079,OK,,4,1978,4446,6424,3,132,132,315,3,33,988,1954,286.9967360496521
langmem,212,dev_0268,1,7_00041,OK,,4,1418,4466,5884,3,118,118,188,3,3,43,152,358.28738164901733
langmem,212,dev_0268,2,5_00060,OK,,4,1530,4480,6010,3,135,135,224,3,6,106,320,360.9395697116852
langmem,212,dev_0268,3,13_00024,OK,,4,1646,4470,6116,3,146,146,244,3,9,180,498,357.58275055885315
langmem,212,dev_0268,4,16_00085,OK,,4,2146,4466,6612,3,154,154,344,3,12,260,686,326.2254717350006
langmem,212,dev_0268,5,8_00109,OK,,4,2414,4439,6853,3,126,126,400,3,15,311,849,303.7694823741913
langmem,212,dev_0268,6,1_00068,OK,,4,1114,4428,5542,3,117,117,150,3,18,353,1002,265.9289526939392
langmem,212,dev_0268,7,2_00032,OK,,4,1394,4469,5863,3,126,126,190,3,21,407,1165,228.7751476764679
langmem,213,dev_0270,1,20_00096,OK,,4,2226,4461,6687,3,149,149,359,3,3,75,186,358.19459557533264
langmem,213,dev_0270,2,17_00001,OK,,4,1450,4476,5926,3,133,133,211,3,6,136,356,360.7643702030182
langmem,213,dev_0270,3,11_00115,OK,,4,3550,4448,7998,3,136,136,656,3,9,200,522,355.3921790122986
langmem,213,dev_0270,4,12_00017,OK,,4,2830,4463,7293,3,153,153,486,3,12,279,714,325.8337504863739
langmem,213,dev_0270,5,5_00111,OK,,4,702,4407,5109,2,81,81,57,2,14,310,821,301.0163698196411
langmem,213,dev_0270,6,19_00078,OK,,1,533,359,892,6,304,304,326,6,20,534,1168,23.536386728286743
langmem,214,dev_0271,1,10_00126,OK,,4,1570,4470,6040,3,129,129,241,3,3,57,160,360.11176776885986
langmem,214,dev_0271,2,1_00018,OK,,4,1282,4443,5725,3,129,129,173,3,6,113,321,358.51172399520874
langmem,214,dev_0271,3,18_00051,OK,,4,2334,4448,6782,3,137,137,398,3,9,178,493,347.0470197200775
langmem,214,dev_0271,4,19_00018,OK,,4,2282,4450,6732,3,132,132,370,3,12,238,661,317.4568843841553
langmem,214,dev_0271,5,2_00001,OK,,4,1166,4426,5592,3,115,115,145,3,15,280,810,291.39577078819275
langmem,214,dev_0271,6,1_00037,OK,,4,1098,4422,5520,3,114,114,135,3,18,321,958,253.4164755344391
langmem,214,dev_0271,7,13_00032,OK,,4,954,4433,5387,2,88,88,108,2,20,361,1069,213.49866151809692
langmem,214,dev_0271,8,6_00118,OK,,4,1054,4439,5493,3,125,125,117,3,23,414,1225,175.07017350196838
langmem,214,dev_0271,9,1_00050,OK,,4,970,4426,5396,3,117,117,107,3,26,456,1378,129.8577048778534
langmem,214,dev_0271,10,11_00049,OK,,4,1442,4443,5885,3,123,123,190,3,29,503,1534,98.46775579452515
langmem,215,dev_0272,1,10_00060,OK,,4,1238,4436,5674,3,121,121,165,3,3,49,159,357.0803117752075
langmem,215,dev_0272,2,18_00081,OK,,1,600,436,1036,6,379,379,380,6,8,309,520,34.39485764503479
langmem,215,dev_0272,3,20_00095,OK,,4,1926,4481,6407,3,138,138,276,3,11,374,692,362.21898126602173
langmem,215,dev_0272,4,12_00086,OK,,4,1762,4485,6247,3,136,136,257,3,14,438,865,344.12249088287354
langmem,215,dev_0272,5,13_00039,OK,,4,2682,4427,7109,3,117,117,456,3,17,483,1017,312.54285073280334
langmem,215,dev_0272,6,13_00031,OK,,4,1374,4447,5821,3,130,130,204,3,20,539,1179,286.25394892692566
langmem,216,dev_0273,1,2_00091,OK,,4,2006,4457,6463,3,139,139,320,3,3,67,173,357.8542766571045
langmem,216,dev_0273,2,5_00118,OK,,4,1358,4465,5823,3,132,132,191,3,6,127,342,360.66006088256836
langmem,216,dev_0273,3,15_00117,OK,,4,2002,4457,6459,3,141,141,324,3,9,196,523,335.9254376888275
langmem,216,dev_0273,4,17_00015,OK,,4,1954,4513,6467,3,158,158,320,3,12,281,715,315.27882981300354
langmem,216,dev_0273,5,12_00105,OK,,1,561,364,925,6,309,309,355,6,18,505,1066,27.534030199050903
langmem,217,dev_0274,1,5_00002,OK,,4,1314,4455,5769,3,133,133,175,3,3,58,165,357.91221833229065
langmem,217,dev_0274,2,12_00061,OK,,4,2378,4456,6834,3,138,138,395,3,6,124,337,359.70077896118164
langmem,217,dev_0274,3,17_00123,OK,,4,2198,4448,6646,3,138,138,323,3,9,189,510,334.89269852638245
langmem,217,dev_0274,4,6_00124,OK,,4,1278,4435,5713,3,123,123,172,3,12,239,670,309.5234923362732
langmem,217,dev_0274,5,11_00068,OK,,4,1790,4451,6241,3,136,136,258,3,15,303,842,278.18775749206543
langmem,217,dev_0274,6,6_00003,OK,,4,1190,4427,5617,3,109,109,153,3,18,340,987,237.83921813964844
langmem,217,dev_0274,7,13_00115,OK,,4,2038,4460,6498,3,147,147,332,3,21,415,1168,201.7801856994629
langmem,218,dev_0276,1,12_00084,OK,,4,2130,4431,6561,3,118,118,323,3,3,46,153,355.71262216567993
langmem,218,dev_0276,2,18_00001,OK,,4,4070,4476,8546,3,156,156,765,3,6,130,338,360.77033972740173
langmem,218,dev_0276,3,6_00036,OK,,4,1818,4480,6298,3,133,133,268,3,9,191,502,335.45449709892273
langmem,218,dev_0276,4,6_00050,OK,,3,1245,2636,3881,6,274,274,224,6,15,392,813,187.12997031211853
langmem,218,dev_0276,5,1_00046,OK,,4,1634,4459,6093,3,122,122,252,3,18,442,966,292.4121391773224
langmem,218,dev_0276,6,18_00120,OK,,4,2754,4453,7207,3,138,138,483,3,21,508,1139,253.93248057365417
langmem,218,dev_0276,7,11_00058,OK,,4,2290,4441,6731,3,134,134,404,3,24,569,1306,212.95766472816467
langmem,218,dev_0276,8,12_00049,OK,,4,2702,4478,7180,3,158,158,447,3,27,655,1495,175.1955111026764
langmem,219,dev_0277,1,1_00111,OK,,2,1200,1327,2527,6,300,300,391,6,6,228,343,111.45102167129517
langmem,219,dev_0277,2,2_00008,OK,,4,1310,4447,5757,3,118,118,189,3,9,274,497,358.41249918937683
langmem,219,dev_0277,3,10_00014,OK,,1,488,360,848,6,291,291,306,6,15,484,828,28.7797589302063
langmem,219,dev_0277,4,17_00119,OK,,1,1098,366,1464,6,328,328,794,6,21,738,1204,29.381462335586548
langmem,219,dev_0277,5,12_00110,OK,,4,1706,4428,6134,3,119,119,271,3,24,785,1354,349.05758690834045
langmem,219,dev_0277,6,16_00055,OK,,4,2182,4465,6647,3,143,143,348,3,27,856,1528,320.8498766422272
langmem,219,dev_0277,7,12_00026,OK,,4,3190,4452,7642,3,140,140,540,3,30,924,1701,295.7628402709961
langmem,219,dev_0277,8,3_00113,OK,,4,1074,4456,5530,3,137,137,136,3,33,989,1872,259.9287886619568
langmem,219,dev_0277,9,17_00023,OK,,1,519,370,889,6,324,324,337,6,37,1168,2130,19.197001457214355
langmem,220,dev_0278,1,8_00114,OK,,4,1178,4467,5645,3,122,122,145,3,3,50,155,359.7486264705658
langmem,220,dev_0278,2,2_00038,OK,,4,1134,4433,5567,3,116,116,142,3,6,94,307,356.4715943336487
langmem,220,dev_0278,3,2_00002,OK,,4,1498,4461,5959,3,120,120,219,3,9,142,460,333.4476020336151
langmem,220,dev_0278,4,18_00014,OK,,4,3386,4453,7839,3,144,144,575,3,12,213,639,309.8840215206146
langmem,220,dev_0278,5,14_00039,OK,,4,2074,4443,6517,3,128,128,330,3,15,269,801,274.8101489543915
langmem,220,dev_0278,6,1_00071,OK,,4,1354,4428,5782,3,120,120,201,3,18,316,957,235.94880318641663
langmem,220,dev_0278,7,15_00124,OK,,4,2710,4452,7162,3,134,134,457,3,21,377,1132,199.11002731323242
langmem,220,dev_0278,8,1_00047,OK,,4,1474,4443,5917,3,118,118,216,3,24,423,1282,158.01638412475586
langmem,221,dev_0279,1,18_00072,OK,,4,1754,4446,6200,3,133,133,241,3,3,59,168,357.40077090263367
langmem,221,dev_0279,2,3_00120,OK,,4,898,4452,5350,3,135,135,104,3,6,121,337,357.9884376525879
langmem,221,dev_0279,3,8_00022,OK,,4,2098,4470,6568,3,148,148,316,3,9,195,519,334.2341992855072
langmem,221,dev_0279,4,12_00103,OK,,4,1754,4450,6204,3,129,129,231,3,12,252,688,309.46277141571045
langmem,221,dev_0279,5,18_00009,OK,,4,2306,4437,6743,3,126,126,375,3,15,305,849,274.9495484828949
langmem,221,dev_0279,6,18_00004,OK,,4,3650,4473,8123,3,154,154,644,3,18,387,1036,238.36879110336304
langmem,221,dev_0279,7,12_00014,OK,,4,2666,4481,7147,3,143,143,438,3,21,457,1213,199.59793186187744
langmem,222,dev_0280,1,7_00005,OK,,4,1058,4433,5491,3,119,119,130,3,3,47,154,356.27017307281494
langmem,222,dev_0280,2,8_00036,OK,,4,2358,4458,6816,3,141,141,374,3,6,114,328,359.8320212364197
langmem,222,dev_0280,3,3_00122,OK,,4,1526,4429,5955,3,115,115,225,3,9,157,477,330.8398406505585
langmem,222,dev_0280,4,5_00007,OK,,4,1442,4438,5880,3,123,123,201,3,12,205,643,308.51790618896484
langmem,222,dev_0280,5,12_00035,OK,,4,2402,4470,6872,3,147,147,395,3,15,279,822,276.6475250720978
langmem,222,dev_0280,6,16_00032,OK,,4,3370,4456,7826,3,142,142,615,3,18,348,994,236.87687492370605
langmem,222,dev_0280,7,11_00092,OK,,4,2026,4459,6485,3,140,140,309,3,21,416,1167,198.72273206710815
langmem,222,dev_0280,8,17_00018,OK,,4,1582,4498,6080,3,153,153,226,3,24,496,1352,158.5788426399231
langmem,223,dev_0281,1,10_00045,OK,,4,1630,4469,6099,3,124,124,245,3,3,52,152,359.4540684223175
langmem,223,dev_0281,2,17_00081,OK,,4,2862,4433,7295,3,124,124,493,3,6,104,307,355.8934712409973
langmem,223,dev_0281,3,19_00102,OK,,1,505,334,839,6,293,293,304,6,11,287,591,29.324962854385376
langmem,223,dev_0281,4,15_00123,OK,,4,2138,4476,6614,3,154,154,342,3,14,368,775,331.86356234550476
langmem,223,dev_0281,5,4_00087,OK,,4,2218,4427,6645,3,115,115,362,3,17,410,921,305.9470920562744
langmem,223,dev_0281,6,2_00114,OK,,4,1614,4451,6065,3,136,136,232,3,20,474,1089,271.97457814216614
langmem,223,dev_0281,7,4_00054,OK,,4,1654,4440,6094,3,125,125,245,3,23,527,1250,232.29807925224304
langmem,223,dev_0281,8,17_00052,OK,,4,1610,4475,6085,3,129,129,250,3,26,584,1415,194.6459903717041
langmem,223,dev_0281,9,13_00025,OK,,4,1518,4435,5953,3,120,120,219,3,29,632,1569,150.61708974838257
langmem,223,dev_0281,10,2_00005,OK,,4,1466,4427,5893,3,119,119,223,3,32,677,1724,106.40781879425049
langmem,224,dev_0282,1,6_00032,OK,,4,2206,4442,6648,3,129,129,343,3,3,57,165,357.0960328578949
langmem,224,dev_0282,2,17_00026,OK,,1,498,300,798,6,259,259,328,6,9,212,484,27.337950468063354
langmem,224,dev_0282,3,18_00053,OK,,1,549,475,1024,6,261,261,343,6,15,394,784,40.4709677696228
langmem,224,dev_0282,4,10_00075,OK,,4,1378,4454,5832,3,147,147,193,3,18,468,967,356.95893692970276
langmem,224,dev_0282,5,2_00100,OK,,1,497,347,844,6,301,301,297,6,24,685,1315,27.92334747314453
langmem,225,dev_0283,1,16_00035,OK,,4,2526,4466,6992,3,152,152,433,3,3,77,188,359.636691570282
langmem,225,dev_0283,2,2_00024,OK,,4,1134,4425,5559,3,111,111,147,3,6,116,331,355.4374132156372
langmem,225,dev_0283,3,1_00019,OK,,4,1530,4449,5979,3,122,122,231,3,9,164,479,331.35718178749084
langmem,225,dev_0283,4,14_00019,OK,,4,2406,4433,6839,3,125,125,413,3,12,214,636,307.6155917644501
langmem,225,dev_0283,5,3_00043,OK,,4,2170,4474,6644,3,134,134,377,3,15,276,800,276.2635545730591
langmem,226,dev_0284,1,3_00098,OK,,4,1158,4406,5564,1,47,47,143,1,1,23,57,353.9913327693939
langmem,226,dev_0284,2,14_00028,OK,,4,1562,4493,6055,3,165,165,229,3,4,116,255,361.65647625923157
langmem,226,dev_0284,3,2_00009,OK,,4,1510,4433,5943,3,118,118,225,3,7,162,404,329.7135217189789
langmem,226,dev_0284,4,18_00017,OK,,4,2794,4462,7256,3,149,149,490,3,10,239,589,310.12661814689636
langmem,226,dev_0284,5,16_00036,OK,,4,2478,4469,6947,3,150,150,404,3,13,317,778,274.9086866378784
langmem,227,dev_0285,1,16_00013,OK,,4,2358,4457,6815,3,140,140,388,3,3,68,176,358.67399191856384
langmem,227,dev_0285,2,19_00126,OK,,2,936,1141,2077,6,340,340,270,6,9,325,556,95.40015983581543
langmem,227,dev_0285,3,18_00122,OK,,4,2586,4470,7056,3,151,151,444,3,12,404,743,355.704651594162
langmem,227,dev_0285,4,15_00099,OK,,4,1850,4478,6328,3,136,136,286,3,15,466,915,324.56135535240173
langmem,227,dev_0285,5,2_00069,OK,,4,1990,4446,6436,3,121,121,319,3,18,515,1065,300.27256631851196
langmem,227,dev_0285,6,18_00119,OK,,4,2430,4445,6875,3,130,130,405,3,21,573,1227,264.6871409416199
langmem,227,dev_0285,7,1_00026,OK,,4,1858,4463,6321,3,115,115,301,3,24,613,1372,223.64941716194153
langmem,227,dev_0285,8,11_00105,OK,,4,1658,4459,6117,3,132,132,233,3,27,673,1534,182.74555730819702
langmem,227,dev_0285,9,2_00108,OK,,4,1910,4472,6382,3,143,143,301,3,30,744,1709,141.32575130462646
langmem,227,dev_0285,10,6_00029,OK,,4,1058,4429,5487,3,120,120,126,3,33,791,1862,101.63100123405457
langmem,228,dev_0286,1,10_00108,OK,,4,1698,4434,6132,3,118,118,275,3,3,43,148,356.77934885025024
langmem,228,dev_0286,2,11_00045,OK,,4,1538,4482,6020,3,130,130,209,3,6,98,309,359.03213238716125
langmem,228,dev_0286,3,3_00094,OK,,4,1194,4477,5671,2,116,116,149,2,8,166,445,331.0804374217987
langmem,228,dev_0286,4,8_00080,OK,,4,1794,4435,6229,3,120,120,264,3,11,214,603,305.6861832141876
langmem,228,dev_0286,5,18_00104,OK,,4,2110,4460,6570,3,147,147,333,3,14,286,782,271.86700534820557
langmem,228,dev_0286,6,6_00008,OK,,2,710,1064,1774,6,264,264,192,6,20,468,1095,61.965826749801636
langmem,228,dev_0286,7,15_00106,OK,,4,1806,4464,6270,3,128,128,264,3,23,522,1254,221.62822365760803
langmem,228,dev_0286,8,4_00114,OK,,4,1234,4439,5673,3,123,123,149,3,26,569,1413,181.33088517189026
langmem,228,dev_0286,9,18_00025,OK,,4,3814,4474,8288,3,157,157,680,3,29,654,1605,140.2609806060791
langmem,229,dev_0290,1,9_00021,OK,,4,2066,4446,6512,3,132,132,317,3,3,58,169,357.60729122161865
langmem,229,dev_0290,2,11_00061,OK,,1,636,559,1195,6,306,306,425,6,9,285,523,47.27095651626587
langmem,229,dev_0290,3,17_00103,OK,,4,3526,4478,8004,3,132,132,619,3,12,345,691,357.24040699005127
langmem,229,dev_0290,4,9_00030,OK,,4,1818,4464,6282,3,145,145,275,3,15,418,871,324.68167662620544
langmem,229,dev_0290,5,10_00085,OK,,4,1190,4466,5656,3,127,127,155,3,18,473,1034,302.6795971393585
langmem,230,dev_0291,1,3_00124,OK,,4,1198,4452,5650,3,133,133,165,3,3,61,165,358.17405939102173
langmem,230,dev_0291,2,4_00008,OK,,1,414,572,986,6,328,328,258,6,9,308,530,46.96920323371887
langmem,230,dev_0291,3,7_00010,OK,,4,1754,4435,6189,3,117,117,276,3,12,350,680,354.3621246814728
langmem,230,dev_0291,4,12_00010,OK,,1,741,329,1070,6,286,286,501,6,18,534,1024,26.27481746673584
langmem,230,dev_0291,5,6_00092,OK,,4,1582,4449,6031,3,125,125,240,3,21,587,1188,321.2925260066986
langmem,231,dev_0292,1,17_00110,OK,,4,3562,4467,8029,3,156,156,642,3,3,83,187,359.2115168571472
langmem,231,dev_0292,2,4_00038,OK,,4,2154,4475,6629,3,130,130,353,3,6,140,351,357.8417956829071
langmem,231,dev_0292,3,6_00056,OK,,4,1522,4441,5963,3,128,128,212,3,9,196,510,326.02460384368896
langmem,231,dev_0292,4,18_00035,OK,,4,2166,4480,6646,3,140,140,361,3,12,264,686,307.4476680755615
langmem,231,dev_0292,5,6_00068,OK,,4,1810,4490,6300,3,142,142,268,3,15,334,862,271.206148147583
langmem,231,dev_0292,6,16_00007,OK,,1,807,349,1156,6,302,302,570,6,21,552,1212,22.065367937088013
langmem,231,dev_0292,7,5_00025,OK,,4,862,4430,5292,3,119,119,83,3,24,596,1365,224.37402892112732
langmem,231,dev_0292,8,13_00052,OK,,4,1982,4456,6438,3,128,128,300,3,27,651,1527,184.31046271324158
langmem,231,dev_0292,9,16_00025,OK,,4,2034,4444,6478,3,131,131,328,3,30,708,1691,143.0992443561554
langmem,232,dev_0293,1,5_00018,OK,,4,1214,4483,5697,3,129,129,143,3,3,54,169,361.41150403022766
langmem,232,dev_0293,2,4_00082,OK,,4,1678,4464,6142,3,124,124,245,3,6,106,329,356.7557315826416
langmem,232,dev_0293,3,3_00066,OK,,4,1506,4457,5963,3,129,129,224,3,9,162,494,324.84023880958557
langmem,232,dev_0293,4,1_00033,OK,,4,1278,4432,5710,3,114,114,171,3,12,201,639,302.87229919433594
langmem,232,dev_0293,5,15_00120,OK,,4,2554,4482,7036,3,157,157,423,3,15,285,829,268.2842242717743
langmem,232,dev_0293,6,8_00100,OK,,4,1678,4447,6125,3,129,129,248,3,18,342,990,226.80022740364075
langmem,233,dev_0294,1,13_00057,OK,,4,2166,4443,6609,3,134,134,348,3,3,59,170,358.097048997879
langmem,233,dev_0294,2,20_00004,OK,,4,1954,4444,6398,3,126,126,303,3,6,113,330,355.0144376754761
langmem,233,dev_0294,3,4_00126,OK,,4,1438,4455,5893,3,130,130,192,3,9,167,498,324.8748598098755
langmem,233,dev_0294,4,3_00065,OK,,4,1846,4442,6288,3,132,132,293,3,12,224,673,303.17295956611633
langmem,233,dev_0294,5,14_00000,OK,,4,1862,4481,6343,3,141,141,272,3,15,291,848,268.1977560520172
langmem,233,dev_0294,6,16_00125,OK,,4,1510,4485,5995,3,134,134,214,3,18,353,1013,228.5545608997345
langmem,234,dev_0295,1,2_00097,OK,,1,416,338,754,6,276,276,244,6,6,192,321,26.832319498062134
langmem,234,dev_0295,2,16_00088,OK,,4,1258,4441,5699,3,126,126,148,3,9,245,483,358.4676115512848
langmem,234,dev_0295,3,3_00070,OK,,4,1382,4486,5868,3,141,141,195,3,12,313,655,356.72104811668396
langmem,234,dev_0295,4,8_00010,OK,,4,2562,4482,7044,3,153,153,438,3,15,393,845,324.17571997642517
langmem,234,dev_0295,5,15_00028,OK,,4,2558,4457,7015,3,141,141,445,3,18,462,1017,299.6790568828583
langmem,234,dev_0295,6,17_00067,OK,,4,3594,4444,8038,3,133,133,633,3,21,523,1180,263.64742851257324
langmem,234,dev_0295,7,5_00069,OK,,4,858,4448,5306,3,136,136,92,3,24,584,1349,221.1455647945404
langmem,234,dev_0295,8,20_00094,OK,,4,1594,4468,6062,3,126,126,232,3,27,638,1510,182.44493746757507
langmem,235,dev_0296,1,18_00045,OK,,4,2310,4460,6770,3,143,143,395,3,3,71,181,359.63279485702515
langmem,235,dev_0296,2,18_00088,OK,,4,1918,4462,6380,3,147,147,289,3,6,144,364,355.43878626823425
langmem,235,dev_0296,3,9_00060,OK,,2,944,1312,2256,6,298,298,270,6,12,338,720,94.89726972579956
langmem,235,dev_0296,4,8_00028,OK,,4,2654,4477,7131,3,148,148,448,3,15,413,899,318.8107588291168
langmem,235,dev_0296,5,3_00023,OK,,4,1134,4444,5578,3,125,125,130,3,18,466,1062,291.0470554828644
langmem,235,dev_0296,6,18_00059,OK,,4,3094,4462,7556,3,143,143,535,3,21,537,1243,253.96794152259827
langmem,235,dev_0296,7,11_00050,OK,,4,1578,4440,6018,3,125,125,215,3,24,587,1402,212.57781624794006
langmem,236,dev_0297,1,8_00090,OK,,2,992,1061,2053,6,265,265,297,6,6,185,312,83.37238645553589
langmem,236,dev_0297,2,3_00096,OK,,4,1394,4472,5866,3,129,129,199,3,9,242,471,360.84574794769287
langmem,236,dev_0297,3,8_00123,OK,,4,1750,4481,6231,3,133,133,258,3,12,302,638,349.05419540405273
langmem,236,dev_0297,4,10_00019,OK,,1,443,476,919,6,264,264,259,6,17,450,896,34.61360239982605
langmem,236,dev_0297,5,18_00124,OK,,1,475,379,854,6,312,312,276,6,23,676,1255,28.287184715270996
langmem,236,dev_0297,6,7_00066,OK,,4,1482,4433,5915,3,116,116,200,3,26,720,1406,314.56894302368164
langmem,236,dev_0297,7,10_00038,OK,,3,1263,2607,3870,6,273,273,245,6,29,801,1567,176.1356430053711
langmem,236,dev_0297,8,8_00020,OK,,4,2774,4478,7252,3,154,154,463,3,32,882,1754,264.87528920173645
langmem,237,dev_0298,1,4_00104,OK,,3,1356,2627,3983,6,287,287,259,6,6,206,328,216.58897590637207
langmem,237,dev_0298,2,11_00019,OK,,4,1674,4456,6130,3,133,133,235,3,9,265,495,355.9923813343048
langmem,237,dev_0298,3,5_00124,OK,,1,332,481,813,6,271,271,173,6,15,457,810,38.378117084503174
langmem,237,dev_0298,4,8_00052,OK,,4,1822,4447,6269,3,125,125,287,3,18,510,972,323.58214926719666
langmem,237,dev_0298,5,13_00015,OK,,4,1222,4446,5668,3,130,130,166,3,21,566,1130,301.7731943130493
langmem,238,dev_0300,1,18_00066,OK,,4,1926,4475,6401,3,128,128,294,3,3,55,160,361.6869809627533
langmem,238,dev_0300,2,6_00069,OK,,1,530,435,965,6,370,370,314,6,9,347,571,37.50504684448242
langmem,238,dev_0300,3,18_00010,OK,,1,712,360,1072,6,315,315,485,6,14,551,877,31.787232875823975
langmem,238,dev_0300,4,7_00059,OK,,1,582,623,1205,6,368,368,372,6,19,806,1238,53.154340744018555
langmem,238,dev_0300,5,17_00101,OK,,4,3358,4458,7816,3,139,139,605,3,22,872,1411,326.40509605407715
langmem,238,dev_0300,6,19_00026,OK,,4,2518,4483,7001,3,162,162,422,3,25,962,1607,305.9039433002472
langmem,238,dev_0300,7,3_00025,OK,,4,838,4411,5249,2,83,83,83,2,27,995,1713,264.96672534942627
langmem,238,dev_0300,8,7_00018,OK,,4,1086,4441,5527,3,120,120,136,3,30,1043,1863,228.36715030670166
langmem,238,dev_0300,9,16_00076,OK,,3,2094,2873,4967,6,312,312,468,6,34,1198,2102,122.20350790023804
langmem,239,dev_0302,1,13_00092,OK,,4,2454,4451,6905,3,142,142,412,3,3,70,180,359.2383198738098
langmem,239,dev_0302,2,5_00091,OK,,1,291,277,568,5,235,235,151,5,8,228,457,25.821916103363037
langmem,239,dev_0302,3,12_00008,OK,,4,2994,4452,7446,3,145,145,521,3,11,301,632,332.5064260959625
langmem,239,dev_0302,4,1_00097,OK,,4,1370,4437,5807,3,127,127,190,3,14,353,794,308.80541729927063
langmem,239,dev_0302,5,9_00057,OK,,4,2506,4479,6985,3,154,154,413,3,17,435,978,276.90316915512085
langmem,239,dev_0302,6,20_00065,OK,,1,545,571,1116,6,321,321,339,6,23,677,1347,35.74611520767212
langmem,240,dev_0303,1,9_00075,OK,,4,1174,4437,5611,3,124,124,151,3,3,49,155,357.98474502563477
langmem,240,dev_0303,2,18_00117,OK,,4,1882,4446,6328,3,133,133,300,3,6,109,326,334.7102026939392
langmem,240,dev_0303,3,19_00052,OK,,4,2898,4461,7359,3,143,143,505,3,9,179,507,311.18715167045593
langmem,240,dev_0303,4,10_00103,OK,,4,1806,4465,6271,3,123,123,284,3,12,228,663,278.1950476169586
langmem,240,dev_0303,5,18_00110,OK,,1,507,368,875,6,320,320,298,6,18,461,1025,24.116862773895264
langmem,240,dev_0303,6,9_00015,OK,,3,1698,2691,4389,6,336,336,349,6,21,602,1230,146.46204948425293
langmem,240,dev_0303,7,13_00041,OK,,4,2450,4500,6950,3,169,169,406,3,24,697,1431,213.31379985809326
langmem,240,dev_0303,8,16_00062,OK,,4,2118,4474,6592,3,145,145,316,3,27,770,1607,171.9194028377533
langmem,240,dev_0303,9,19_00084,OK,,1,705,514,1219,6,279,279,477,6,32,926,1868,17.84820055961609
langmem,240,dev_0303,10,13_00086,OK,,4,2022,4446,6468,3,134,134,309,3,35,988,2038,119.3552885055542
langmem,241,dev_0304,1,16_00000,OK,,1,530,370,900,6,318,318,325,6,6,239,365,33.93442702293396
langmem,241,dev_0304,2,3_00050,OK,,4,1998,4464,6462,3,129,129,313,3,9,296,529,358.4018807411194
langmem,241,dev_0304,3,20_00079,OK,,4,1866,4500,6366,3,157,157,274,3,12,380,725,334.911324262619
langmem,241,dev_0304,4,7_00014,OK,,1,409,488,897,5,280,280,244,5,17,574,1043,37.003371715545654
langmem,241,dev_0304,5,17_00004,OK,,4,1898,4446,6344,3,130,130,291,3,20,632,1213,304.2521426677704
langmem,241,dev_0304,6,18_00036,OK,,1,601,299,900,6,256,256,376,6,26,813,1504,21.59552264213562
langmem,241,dev_0304,7,19_00013,OK,,4,2138,4445,6583,3,127,127,342,3,29,868,1662,265.88736057281494
langmem,241,dev_0304,8,17_00010,OK,,4,1614,4475,6089,3,126,126,238,3,32,921,1822,227.77748656272888
langmem,242,dev_0305,1,17_00025,OK,,4,1778,4435,6213,3,117,117,289,3,3,45,154,357.0728440284729
langmem,242,dev_0305,2,20_00077,OK,,4,1870,4487,6357,3,135,135,275,3,6,108,321,336.8094093799591
langmem,242,dev_0305,3,3_00077,OK,,4,1270,4531,5801,3,176,176,171,3,9,211,529,315.31034445762634
langmem,242,dev_0305,4,17_00073,OK,,4,4482,4461,8943,3,141,141,855,3,12,280,701,276.86449432373047
langmem,242,dev_0305,5,20_00073,OK,,4,2338,4442,6780,3,133,133,387,3,15,341,867,236.76168847084045
langmem,243,dev_0306,1,14_00049,OK,,1,661,330,991,6,289,289,454,6,6,210,327,30.148086071014404
langmem,243,dev_0306,2,1_00123,OK,,4,1198,4435,5633,3,124,124,154,3,9,260,480,355.745548248291
langmem,243,dev_0306,3,18_00043,OK,,4,2566,4491,7057,3,149,149,449,3,12,335,666,333.8211600780487
langmem,243,dev_0306,4,10_00035,OK,,4,1698,4449,6147,3,132,132,258,3,15,395,832,307.8463032245636
langmem,243,dev_0306,5,16_00070,OK,,1,583,612,1195,6,350,350,369,6,21,665,1221,42.74980139732361
langmem,243,dev_0306,6,18_00085,OK,,1,523,358,881,6,309,309,333,6,26,838,1517,24.353852033615112
langmem,243,dev_0306,7,8_00007,OK,,1,654,554,1208,6,298,298,410,6,32,1060,1856,33.867934703826904
langmem,244,dev_0307,1,14_00052,OK,,1,615,542,1157,6,306,306,378,6,6,222,358,47.66044020652771
langmem,244,dev_0307,2,18_00037,OK,,4,2150,4438,6588,3,120,120,352,3,9,268,511,355.1763825416565
langmem,244,dev_0307,3,14_00037,OK,,4,1902,4458,6360,3,137,137,307,3,12,333,679,329.2034673690796
langmem,244,dev_0307,4,17_00008,OK,,4,1802,4471,6273,3,130,130,273,3,15,391,843,307.3796434402466
langmem,244,dev_0307,5,11_00029,OK,,1,478,349,827,6,289,289,288,6,20,564,1128,24.999425888061523
langmem,244,dev_0307,6,17_00027,OK,,4,1562,4499,6061,3,149,149,234,3,23,640,1311,270.2342143058777
langmem,245,dev_0308,1,15_00093,OK,,4,1382,4465,5847,3,126,126,173,3,3,49,167,358.7019410133362
langmem,245,dev_0308,2,17_00125,OK,,2,1424,1312,2736,6,296,296,458,6,9,262,505,106.69541645050049
langmem,245,dev_0308,3,5_00075,OK,,4,1162,4435,5597,3,126,126,156,3,12,313,666,321.4538857936859
langmem,245,dev_0308,4,12_00106,OK,,4,1538,4445,5983,3,127,127,205,3,15,367,830,299.9139485359192
langmem,245,dev_0308,5,4_00037,OK,,4,1426,4493,5919,3,147,147,201,3,18,441,1006,267.146399974823
langmem,246,dev_0309,1,12_00003,OK,,1,834,316,1150,6,273,273,572,6,6,169,329,28.166173696517944
langmem,246,dev_0309,2,8_00039,OK,,4,2662,4481,7143,3,149,149,453,3,9,245,515,358.6045844554901
langmem,246,dev_0309,3,17_00019,OK,,4,1786,4505,6291,3,158,158,283,3,12,330,707,332.84907388687134
langmem,246,dev_0309,4,17_00033,OK,,4,1826,4444,6270,3,131,131,294,3,15,389,875,305.78276538848877
langmem,246,dev_0309,5,5_00116,OK,,4,1906,4465,6371,3,125,125,320,3,18,441,1034,270.88135051727295
langmem,246,dev_0309,6,6_00090,OK,,4,1154,4439,5593,3,123,123,150,3,21,492,1188,230.9183793067932
langmem,246,dev_0309,7,4_00032,OK,,4,2238,4470,6708,3,146,146,376,3,24,566,1370,192.62379026412964
langmem,246,dev_0309,8,4_00070,OK,,4,1546,4489,6035,3,137,137,216,3,27,630,1539,150.3149859905243
langmem,246,dev_0309,9,10_00036,OK,,4,1678,4438,6116,2,86,86,244,2,29,666,1650,105.45319867134094
langmem,247,dev_0310,1,9_00072,OK,,4,1290,4442,5732,3,128,128,169,3,3,55,163,356.8940291404724
langmem,247,dev_0310,2,13_00006,OK,,4,1498,4423,5921,3,114,114,224,3,6,94,314,329.153431892395
langmem,247,dev_0310,3,13_00104,OK,,4,2362,4451,6813,3,136,136,360,3,9,158,483,308.79200172424316
langmem,247,dev_0310,4,1_00066,OK,,4,1302,4436,5738,3,123,123,173,3,12,207,641,273.21165680885315
langmem,247,dev_0310,5,11_00126,OK,,4,2830,4460,7290,3,144,144,486,3,15,278,821,235.8697748184204
langmem,247,dev_0310,6,13_00117,OK,,4,2530,4458,6988,3,145,145,425,3,18,351,997,197.21910953521729
langmem,248,dev_0313,1,5_00020,OK,,4,1390,4459,5849,3,133,133,183,3,3,58,168,357.5320875644684
langmem,248,dev_0313,2,11_00091,OK,,4,1798,4481,6279,3,139,139,265,3,6,125,337,333.3547534942627
langmem,248,dev_0313,3,4_00047,OK,,4,1838,4494,6332,3,142,142,281,3,9,194,514,311.15140676498413
langmem,248,dev_0313,4,3_00001,OK,,4,1474,4441,5915,3,129,129,219,3,12,250,682,271.6202471256256
langmem,248,dev_0313,5,3_00032,OK,,4,1598,4460,6058,3,135,135,233,3,15,313,847,234.48658299446106
langmem,248,dev_0313,6,15_00006,OK,,4,2226,4448,6674,3,137,137,353,3,18,378,1016,195.0852403640747
langmem,248,dev_0313,7,5_00015,OK,,4,1310,4445,5755,3,122,122,168,3,21,424,1176,152.39071416854858
langmem,248,dev_0313,8,2_00036,OK,,4,1206,4423,5629,3,114,114,172,3,24,465,1320,106.82603621482849
langmem,248,dev_0313,9,11_00002,OK,,4,1202,4435,5637,3,123,123,161,3,27,516,1477,88.592698097229
langmem,249,dev_0314,1,13_00038,OK,,4,2370,4477,6847,3,163,163,394,3,3,91,194,359.0350215435028
langmem,249,dev_0314,2,14_00034,OK,,4,1742,4449,6191,3,137,137,270,3,6,156,369,330.4732041358948
langmem,249,dev_0314,3,17_00109,OK,,4,4278,4460,8738,3,149,149,750,3,9,233,550,308.89325881004333
langmem,249,dev_0314,4,10_00111,OK,,4,1874,4460,6334,3,121,121,293,3,12,279,701,273.37810134887695
langmem,249,dev_0314,5,3_00108,OK,,4,818,4444,5262,3,131,131,75,3,15,338,864,233.72221446037292
langmem,249,dev_0314,6,4_00076,OK,,4,1846,4443,6289,3,132,132,282,3,18,395,1029,195.25587224960327
langmem,249,dev_0314,7,18_00091,OK,,4,2430,4459,6889,3,134,134,405,3,21,456,1196,153.47456336021423
langmem,249,dev_0314,8,6_00005,OK,,4,1102,4430,5532,3,115,115,141,3,24,496,1346,107.23492646217346
langmem,249,dev_0314,9,3_00074,OK,,4,2002,4471,6473,3,132,132,319,3,27,554,1512,89.62483739852905
langmem,249,dev_0314,10,4_00110,OK,,4,1326,4451,5777,3,136,136,163,3,30,618,1682,76.2507643699646
langmem,250,dev_0315,1,3_00106,OK,,4,1102,4480,5582,3,160,160,135,3,3,88,199,360.78404664993286
langmem,250,dev_0315,2,1_00089,OK,,4,2042,4466,6508,3,131,131,329,3,6,147,364,332.15162539482117
langmem,250,dev_0315,3,9_00106,OK,,4,1682,4452,6134,3,138,138,267,3,9,213,539,308.2443232536316
langmem,250,dev_0315,4,20_00007,OK,,4,1958,4461,6419,3,122,122,308,3,12,263,696,272.83413338661194
langmem,250,dev_0315,5,12_00077,OK,,4,2130,4452,6582,3,131,131,338,3,15,322,865,233.85302424430847
langmem,250,dev_0315,6,20_00047,OK,,4,3058,4491,7549,3,163,163,536,3,18,413,1065,196.39828968048096
langmem,250,dev_0315,7,16_00098,OK,,4,1818,4441,6259,3,123,123,292,3,21,462,1219,151.63438534736633
langmem,251,dev_0317,1,8_00012,OK,,4,2210,4493,6703,3,162,162,338,3,3,89,198,360.833779335022
langmem,251,dev_0317,2,15_00087,OK,,4,1838,4487,6325,3,145,145,281,3,6,161,376,332.9208743572235
langmem,251,dev_0317,3,2_00039,OK,,4,1418,4467,5885,3,121,121,197,3,9,210,529,308.91233134269714
langmem,251,dev_0317,4,16_00101,OK,,4,1794,4445,6239,2,92,92,280,2,11,254,646,271.19218277931213
langmem,251,dev_0317,5,2_00073,OK,,4,2146,4434,6580,3,128,128,349,3,14,309,806,232.40009093284607
langmem,252,dev_0318,1,19_00074,OK,,1,745,367,1112,6,335,335,519,6,6,249,386,31.783223867416382
langmem,252,dev_0318,2,3_00126,OK,,4,1270,4464,5734,3,125,125,177,3,9,302,544,357.3075976371765
langmem,252,dev_0318,3,15_00092,OK,,4,2202,4480,6682,3,158,158,348,3,12,387,734,329.44511008262634
langmem,252,dev_0318,4,4_00053,OK,,4,1810,4489,6299,3,142,142,267,3,15,456,910,307.967209815979
langmem,252,dev_0318,5,13_00098,OK,,4,2198,4492,6690,3,152,152,369,3,18,536,1099,270.5463707447052
langmem,252,dev_0318,6,12_00088,OK,,4,2126,4458,6584,3,134,134,347,3,21,595,1268,229.80844736099243
langmem,252,dev_0318,7,13_00037,OK,,4,2630,4475,7105,3,140,140,431,3,24,662,1439,190.34781551361084
langmem,252,dev_0318,8,7_00064,OK,,4,1666,4442,6108,2,88,88,244,2,26,702,1549,145.7858715057373
langmem,252,dev_0318,9,2_00106,OK,,4,1818,4465,6283,3,120,120,265,3,29,750,1701,105.22749185562134
langmem,252,dev_0318,10,14_00003,OK,,4,2078,4443,6521,3,126,126,308,3,32,804,1861,86.73905920982361
langmem,253,dev_0319,1,11_00076,OK,,4,1922,4463,6385,3,126,126,309,3,3,54,160,357.60425448417664
langmem,253,dev_0319,2,19_00117,OK,,4,1538,4438,5976,3,125,125,225,3,6,107,319,329.24450516700745
langmem,253,dev_0319,3,10_00062,OK,,4,1666,4467,6133,3,130,130,252,3,9,165,484,309.19706749916077
langmem,253,dev_0319,4,5_00030,OK,,4,1194,4449,5643,3,124,124,147,3,12,217,642,271.57547974586487
langmem,253,dev_0319,5,18_00008,OK,,4,2614,4457,7071,3,145,145,433,3,15,289,818,233.5166449546814
langmem,253,dev_0319,6,19_00036,OK,,4,2058,4452,6510,3,134,134,327,3,18,351,986,194.2401933670044
langmem,254,dev_0320,1,7_00040,OK,,4,1666,4426,6092,3,114,114,251,3,3,40,152,354.0077953338623
langmem,254,dev_0320,2,8_00089,OK,,4,1666,4440,6106,3,125,125,250,3,6,91,306,328.0514214038849
langmem,254,dev_0320,3,17_00084,OK,,4,2930,4496,7426,3,145,145,516,3,9,164,486,309.85651326179504
langmem,254,dev_0320,4,19_00095,OK,,1,438,316,754,6,287,287,242,6,15,368,816,22.437771320343018
langmem,254,dev_0320,5,15_00047,OK,,4,2798,4457,7255,3,134,134,474,3,18,430,983,268.17210817337036
langmem,254,dev_0320,6,9_00039,OK,,2,1358,1307,2665,6,285,285,453,6,23,599,1251,70.67385125160217
langmem,254,dev_0320,7,3_00081,OK,,4,854,4439,5293,3,129,129,89,3,26,656,1414,215.1686668395996
langmem,254,dev_0320,8,2_00065,OK,,4,2094,4445,6539,3,134,134,356,3,29,715,1576,176.7526137828827
langmem,255,dev_0321,1,5_00035,OK,,4,1210,4481,5691,3,132,132,152,3,3,60,166,358.2904613018036
langmem,255,dev_0321,2,19_00096,OK,,4,1726,4431,6157,3,113,113,245,3,6,101,314,326.902467250824
langmem,255,dev_0321,3,8_00031,OK,,4,2062,4487,6549,3,156,156,309,3,9,185,508,308.3176016807556
langmem,255,dev_0321,4,2_00058,OK,,4,1714,4455,6169,3,129,129,268,3,12,241,672,269.57604002952576
langmem,255,dev_0321,5,11_00072,OK,,4,1962,4481,6443,3,137,137,318,3,15,306,840,232.4865369796753
langmem,255,dev_0321,6,4_00003,OK,,1,353,588,941,6,335,335,188,6,21,566,1220,29.14847707748413
langmem,256,dev_0322,1,18_00057,OK,,4,2346,4448,6794,3,134,134,379,3,3,62,172,355.87220430374146
langmem,256,dev_0322,2,10_00114,OK,,4,1334,4445,5779,3,129,129,178,3,6,116,335,324.9945788383484
langmem,256,dev_0322,3,13_00016,OK,,4,1634,4457,6091,3,117,117,246,3,9,158,484,303.6763188838959
langmem,256,dev_0322,4,17_00055,OK,,4,1714,4491,6205,3,141,141,260,3,12,226,655,269.616827249527
langmem,256,dev_0322,5,10_00083,OK,,4,1374,4477,5851,3,132,132,187,3,15,286,820,229.90024065971375
langmem,256,dev_0322,6,2_00122,OK,,4,2586,4431,7017,3,118,118,454,3,18,332,971,185.9608542919159
langmem,256,dev_0322,7,15_00012,OK,,4,2482,4441,6923,3,125,125,407,3,21,384,1134,145.09183645248413
langmem,256,dev_0322,8,3_00029,OK,,4,1866,4444,6310,2,89,89,311,2,23,425,1246,104.22642421722412
langmem,256,dev_0322,9,16_00001,OK,,1,652,331,983,6,291,291,415,6,29,631,1574,8.11901044845581
langmem,256,dev_0322,10,7_00058,OK,,4,1798,4470,6268,3,128,128,275,3,32,687,1738,86.28953337669373
langmem,257,dev_0323,1,6_00126,OK,,4,1110,4429,5539,3,116,116,143,3,3,42,152,354.2738823890686
langmem,257,dev_0323,2,18_00005,OK,,4,3094,4447,7541,3,138,138,533,3,6,106,323,325.14487409591675
langmem,257,dev_0323,3,18_00049,OK,,4,2494,4446,6940,3,135,135,417,3,9,166,489,303.2097783088684
langmem,257,dev_0323,4,12_00065,OK,,4,2006,4445,6451,3,132,132,316,3,12,225,653,267.45552802085876
langmem,257,dev_0323,5,2_00116,OK,,4,1630,4465,6095,3,122,122,238,3,15,274,809,229.64793062210083
langmem,257,dev_0323,6,20_00092,OK,,4,1898,4478,6376,3,130,130,304,3,18,332,976,188.50520873069763
langmem,257,dev_0323,7,7_00054,OK,,4,1546,4473,6019,3,125,125,233,3,21,385,1130,146.5115978717804
langmem,257,dev_0323,8,2_00079,OK,,4,1646,4428,6074,3,113,113,242,3,24,426,1271,103.62364435195923
langmem,257,dev_0323,9,6_00084,OK,,4,2150,4453,6603,3,137,137,340,3,27,490,1442,86.51418614387512
langmem,257,dev_0323,10,6_00023,OK,,4,1054,4430,5484,3,119,119,130,3,30,535,1597,73.77208042144775
langmem,258,dev_0325,1,16_00073,OK,,4,1598,4472,6070,3,122,122,217,3,3,50,151,355.95207715034485
langmem,258,dev_0325,2,10_00049,OK,,4,1570,4478,6048,3,131,131,231,3,6,108,318,324.2907407283783
langmem,258,dev_0325,3,8_00118,OK,,4,1898,4442,6340,3,129,129,310,3,9,163,475,299.7577714920044
langmem,258,dev_0325,4,2_00111,OK,,4,1906,4436,6342,3,119,119,299,3,12,210,628,263.76975893974304
langmem,258,dev_0325,5,1_00069,OK,,4,1050,4445,5495,3,132,132,129,3,15,269,797,222.26762127876282
langmem,258,dev_0325,6,9_00027,OK,,4,2066,4437,6503,3,124,124,324,3,18,321,958,182.07357621192932
langmem,258,dev_0325,7,19_00024,OK,,4,2394,4464,6858,3,145,145,411,3,21,394,1138,141.59281945228577
langmem,259,dev_0326,1,12_00115,OK,,4,1586,4446,6032,3,118,118,242,3,3,46,153,353.62983894348145
langmem,259,dev_0326,2,2_00086,OK,,4,1922,4428,6350,3,119,119,302,3,6,93,305,320.47007417678833
langmem,259,dev_0326,3,10_00094,OK,,4,1670,4467,6137,3,143,143,255,3,9,164,479,301.19807839393616
langmem,259,dev_0326,4,5_00005,OK,,4,1470,4446,5916,3,123,123,191,3,12,211,633,263.6000442504883
langmem,259,dev_0326,5,10_00076,OK,,4,1258,4437,5695,3,125,125,162,3,15,263,793,221.09888219833374
langmem,259,dev_0326,6,17_00045,OK,,4,2370,4466,6836,3,133,133,408,3,18,324,964,182.7699739933014
langmem,259,dev_0326,7,10_00082,OK,,4,1430,4444,5874,3,130,130,209,3,21,382,1129,140.34691667556763
langmem,259,dev_0326,8,12_00036,OK,,4,2478,4457,6935,3,143,143,418,3,24,453,1303,101.89569807052612
langmem,259,dev_0326,9,4_00091,OK,,1,500,319,819,6,282,282,298,6,30,647,1629,7.421417236328125
langmem,259,dev_0326,10,14_00017,OK,,4,1894,4450,6344,3,132,132,274,3,33,707,1795,83.75177502632141
langmem,260,dev_0327,1,4_00079,OK,,1,403,366,769,6,301,301,216,6,6,213,348,28.981168508529663
langmem,260,dev_0327,2,17_00099,OK,,4,4330,4457,8787,3,143,143,830,3,9,284,527,350.70827078819275
langmem,260,dev_0327,3,16_00026,OK,,4,2614,4459,7073,3,141,141,451,3,12,353,703,319.9383430480957
langmem,260,dev_0327,4,8_00063,OK,,4,2006,4461,6467,3,133,133,323,3,15,414,867,295.3830406665802
langmem,260,dev_0327,5,17_00036,OK,,4,1978,4464,6442,3,142,142,322,3,18,483,1042,259.4319064617157
langmem,260,dev_0327,6,6_00083,OK,,4,1878,4454,6332,3,137,137,287,3,21,548,1215,216.94025588035583
langmem,260,dev_0327,7,3_00123,OK,,4,1138,4428,5566,3,114,114,141,3,24,590,1367,176.99347496032715
langmem,260,dev_0327,8,5_00102,OK,,1,240,57,297,1,45,45,93,1,25,620,1420,2.192186117172241
langmem,261,dev_0329,1,14_00059,OK,,1,574,325,899,6,280,280,372,6,6,206,328,26.074830055236816
langmem,261,dev_0329,2,2_00057,OK,,4,1706,4471,6177,3,129,129,265,3,9,263,493,342.7947096824646
langmem,261,dev_0329,3,4_00074,OK,,4,1546,4441,5987,3,130,130,220,3,12,320,656,314.637001991272
langmem,261,dev_0329,4,5_00115,OK,,4,1010,4433,5443,3,125,125,120,3,15,371,815,283.18304777145386
langmem,261,dev_0329,5,6_00110,OK,,4,1138,4445,5583,3,135,135,140,3,18,433,985,245.50456190109253
langmem,261,dev_0329,6,1_00056,OK,,4,1350,4445,5795,3,134,134,198,3,21,494,1155,206.6851146221161
langmem,261,dev_0329,7,17_00016,OK,,4,2162,4467,6629,3,142,142,357,3,24,563,1330,167.7261004447937
langmem,262,dev_0330,1,20_00061,OK,,4,1906,4473,6379,3,137,137,305,3,3,65,175,338.6083970069885
langmem,262,dev_0330,2,2_00081,OK,,4,1958,4429,6387,3,119,119,326,3,6,112,327,309.93597435951233
langmem,262,dev_0330,3,2_00023,OK,,4,1354,4439,5793,3,125,125,185,3,9,165,486,278.7456645965576
langmem,262,dev_0330,4,13_00125,OK,,4,2458,4462,6920,3,147,147,421,3,12,239,675,241.84062480926514
langmem,262,dev_0330,5,9_00066,OK,,4,1214,4433,5647,3,123,123,144,3,15,287,833,201.71550941467285
langmem,262,dev_0330,6,1_00091,OK,,4,1838,4437,6275,3,127,127,296,3,18,340,993,161.37112021446228
langmem,262,dev_0330,7,10_00021,OK,,1,411,488,899,6,279,279,244,6,23,500,1266,17.178364276885986
langmem,263,dev_0331,1,9_00031,OK,,4,2338,4453,6791,3,137,137,406,3,3,63,174,336.84870529174805
langmem,263,dev_0331,2,1_00109,OK,,4,1894,4449,6343,3,116,116,305,3,6,107,326,312.1080946922302
langmem,263,dev_0331,3,9_00094,OK,,4,1310,4448,5758,3,131,131,185,3,9,166,485,279.44244170188904
langmem,263,dev_0331,4,14_00112,OK,,4,2858,4458,7316,3,142,142,506,3,12,235,662,241.17220377922058
langmem,263,dev_0331,5,17_00002,OK,,4,1362,4461,5823,3,125,125,187,3,15,288,819,202.78223419189453
langmem,263,dev_0331,6,13_00001,OK,,4,1490,4427,5917,3,118,118,216,3,18,331,970,160.6397922039032
langmem,263,dev_0331,7,14_00111,OK,,4,2450,4489,6939,3,144,144,396,3,21,402,1151,114.48760795593262
langmem,263,dev_0331,8,8_00009,OK,,4,2998,4480,7478,3,151,151,524,3,24,481,1334,92.8848328590393
langmem,264,dev_0332,1,3_00090,OK,,4,982,4414,5396,1,56,56,117,1,1,32,66,333.5307352542877
langmem,264,dev_0332,2,3_00110,OK,,4,1050,4453,5503,3,128,128,123,3,4,88,229,312.09394907951355
langmem,264,dev_0332,3,16_00089,OK,,4,1558,4510,6068,3,143,143,213,3,7,159,405,283.5337953567505
langmem,264,dev_0332,4,17_00056,OK,,4,1674,4469,6143,3,149,149,250,3,10,235,588,241.19965934753418
langmem,264,dev_0332,5,7_00039,OK,,1,459,583,1042,6,323,323,273,6,16,476,950,31.87041974067688
langmem,264,dev_0332,6,16_00028,OK,,4,2422,4456,6878,3,150,150,405,3,19,552,1137,196.36952018737793
langmem,264,dev_0332,7,19_00051,OK,,1,678,314,992,6,283,283,472,6,25,755,1463,13.73414921760559
langmem,264,dev_0332,8,19_00081,OK,,1,715,315,1030,6,284,284,457,6,29,891,1685,13.07564115524292
mem0,0,dev_0003,1,15_00034,OK,,2,3191,531,3722,11,69,69,429,11,11,69,1189,17.258699893951416
mem0,0,dev_0003,2,2_00055,OK,,2,3378,808,4186,8,93,93,410,14,10,100,1127,22.454822540283203
mem0,0,dev_0003,3,15_00056,OK,,2,3289,951,4240,10,72,72,293,10,19,167,2111,27.13166117668152
mem0,0,dev_0003,4,15_00070,OK,,2,3361,878,4239,4,71,71,343,1,20,181,2224,24.41523051261902
mem0,0,dev_0003,5,11_00121,OK,,2,3576,1149,4725,12,98,98,459,12,30,270,3361,33.748109579086304
mem0,0,dev_0003,6,15_00100,OK,,2,3329,851,4180,4,44,44,280,4,34,314,3814,23.530091762542725
mem0,1,dev_0004,1,15_00038,OK,,2,3125,372,3497,7,54,54,383,7,7,54,770,11.893155574798584
mem0,1,dev_0004,2,15_00071,OK,,2,3331,557,3888,11,142,142,387,7,7,80,926,17.481630325317383
mem0,2,dev_0008,1,8_00097,OK,,2,3127,430,3557,8,73,73,376,8,8,73,900,13.52243447303772
mem0,2,dev_0008,2,9_00037,OK,,2,3273,692,3965,7,63,63,348,7,15,136,1689,20.611533164978027
mem0,2,dev_0008,3,9_00042,OK,,2,3488,898,4386,6,82,82,429,6,21,218,2382,25.37979745864868
mem0,2,dev_0008,4,9_00033,OK,,2,3437,1043,4480,7,68,68,320,7,28,286,3169,30.59086012840271
mem0,2,dev_0008,5,8_00058,OK,,2,3501,1030,4531,7,60,60,396,7,35,346,3941,29.118069410324097
mem0,3,dev_0009,1,9_00040,OK,,2,3011,268,3279,5,37,37,295,5,5,37,546,8.51085090637207
mem0,3,dev_0009,2,13_00014,OK,,2,3038,423,3461,5,34,34,245,5,10,71,1093,12.710551738739014
mem0,3,dev_0009,3,17_00074,OK,,2,3684,843,4527,11,89,89,663,11,18,141,2033,25.336830854415894
mem0,3,dev_0009,4,9_00041,OK,,2,3365,1045,4410,7,71,71,278,6,22,181,2522,29.630300283432007
mem0,3,dev_0009,5,17_00092,OK,,2,3710,1240,4950,9,85,85,510,8,28,251,3247,36.19019365310669
mem0,3,dev_0009,6,9_00029,OK,,2,3397,927,4324,6,54,54,372,6,33,296,3821,26.12276554107666
mem0,4,dev_0014,1,17_00063,OK,,2,3364,470,3834,8,88,88,547,8,8,88,905,14.773200511932373
mem0,4,dev_0014,2,14_00088,OK,,2,3407,687,4094,5,74,74,458,5,13,162,1486,19.727447509765625
mem0,4,dev_0014,3,19_00119,OK,,2,3325,770,4095,6,47,47,349,5,17,200,1955,22.165579080581665
mem0,4,dev_0014,4,14_00097,OK,,2,3342,867,4209,7,48,48,327,6,22,239,2531,24.44950032234192
mem0,4,dev_0014,5,19_00111,OK,,2,3133,776,3909,4,37,37,161,4,26,276,2986,21.709024906158447
mem0,4,dev_0014,6,14_00076,OK,,2,3618,998,4616,6,59,59,512,5,31,328,3553,28.690733432769775
mem0,5,dev_0015,1,14_00048,OK,,2,3175,324,3499,5,65,65,410,5,5,65,575,10.10953974723816
mem0,5,dev_0015,2,14_00089,OK,,2,3371,615,3986,10,88,88,455,7,10,108,1171,19.162937879562378
mem0,5,dev_0015,3,19_00035,OK,,2,3297,707,4004,7,48,48,376,7,17,156,1941,20.574788331985474
mem0,5,dev_0015,4,20_00015,OK,,2,3389,868,4257,5,44,44,372,5,22,200,2491,24.741313695907593
mem0,5,dev_0015,5,14_00064,OK,,2,3543,985,4528,6,69,69,421,6,27,261,3087,28.039371490478516
mem0,5,dev_0015,6,19_00032,OK,,2,3493,1187,4680,8,92,92,339,5,31,325,3577,33.94578313827515
mem0,5,dev_0015,7,20_00010,OK,,2,3526,1311,4837,6,49,49,289,6,37,374,4233,36.574251651763916
mem0,5,dev_0015,8,19_00107,OK,,2,3626,1183,4809,7,75,75,455,7,44,449,5009,33.733726024627686
mem0,5,dev_0015,9,17_00066,OK,,2,3977,1542,5519,8,77,77,591,8,52,526,5909,44.07231259346008
mem0,5,dev_0015,10,19_00029,OK,,2,3873,1751,5624,11,78,78,450,11,63,604,7124,50.229790687561035
mem0,6,dev_0020,1,6_00117,OK,,2,2804,156,2960,3,18,18,163,3,3,18,320,5.137170314788818
mem0,6,dev_0020,2,1_00084,OK,,2,3031,550,3581,9,55,55,253,9,12,73,1290,16.763627767562866
mem0,6,dev_0020,3,18_00108,OK,,2,3250,643,3893,5,53,53,352,5,17,126,1857,18.752445936203003
mem0,6,dev_0020,4,12_00034,OK,,2,3523,1269,4792,11,114,114,377,11,28,240,3098,37.00065779685974
mem0,6,dev_0020,5,3_00121,OK,,2,2989,504,3493,3,13,13,148,3,31,253,3423,14.524683952331543
mem0,6,dev_0020,6,13_00123,OK,,2,3733,902,4635,5,49,49,620,5,36,302,3982,25.200637340545654
mem0,6,dev_0020,7,9_00104,OK,,2,3187,923,4110,5,44,44,168,5,41,346,4517,26.019697427749634
mem0,6,dev_0020,8,11_00106,OK,,2,3386,998,4384,6,59,59,300,6,47,405,5192,28.424362421035767
mem0,6,dev_0020,9,9_00113,OK,,2,3202,871,4073,6,55,55,172,5,51,448,5668,24.775089979171753
mem0,6,dev_0020,10,20_00012,OK,,2,3380,917,4297,6,46,46,307,4,53,472,5932,26.099231243133545
mem0,7,dev_0021,1,14_00058,OK,,2,2970,264,3234,4,51,51,270,4,4,51,458,8.257239818572998
mem0,7,dev_0021,2,5_00053,OK,,2,2831,291,3122,2,10,10,90,2,6,61,671,8.459311246871948
mem0,7,dev_0021,3,16_00010,OK,,2,3365,791,4156,10,109,109,410,10,16,170,1815,23.084673404693604
mem0,7,dev_0021,4,6_00078,OK,,2,3464,912,4376,8,70,70,427,8,24,240,2701,26.178294897079468
mem0,7,dev_0021,5,6_00061,OK,,2,3392,958,4350,6,36,36,347,6,30,276,3362,28.317527055740356
mem0,7,dev_0021,6,13_00060,OK,,2,3284,903,4187,9,91,91,287,9,37,348,4192,26.391316890716553
mem0,7,dev_0021,7,9_00061,OK,,2,3359,1121,4480,6,36,36,255,6,43,384,4847,31.415873050689697
mem0,7,dev_0021,8,15_00031,OK,,2,3305,686,3991,4,60,60,337,4,47,444,5316,19.842429161071777
mem0,7,dev_0021,9,20_00091,OK,,2,3469,1206,4675,6,51,51,310,3,50,462,5642,33.94749689102173
mem0,8,dev_0022,1,16_00021,OK,,2,3112,352,3464,6,64,64,372,6,6,64,684,10.853550434112549
mem0,8,dev_0022,2,10_00102,OK,,2,3073,505,3578,4,49,49,237,4,10,113,1136,15.331476926803589
mem0,8,dev_0022,3,17_00107,OK,,2,3798,816,4614,8,90,90,755,8,18,203,2036,23.607656240463257
mem0,8,dev_0022,4,16_00064,OK,,2,3141,704,3845,8,66,66,171,4,21,239,2403,20.923002243041992
mem0,8,dev_0022,5,18_00077,OK,,2,3383,921,4304,6,78,78,330,6,27,317,3085,26.931718349456787
mem0,8,dev_0022,6,3_00044,OK,,2,3193,679,3872,3,35,35,242,3,30,352,3417,19.49018096923828
mem0,8,dev_0022,7,2_00003,OK,,2,3137,656,3793,3,23,23,183,3,33,375,3746,19.389116048812866
mem0,8,dev_0022,8,16_00057,OK,,2,3294,670,3964,4,29,29,349,4,37,404,4182,18.20448660850525
mem0,8,dev_0022,9,9_00091,OK,,2,3044,657,3701,3,18,18,146,3,40,422,4499,19.53303098678589
mem0,9,dev_0025,1,12_00044,OK,,2,3170,670,3840,12,90,90,357,9,9,60,968,21.20674967765808
mem0,9,dev_0025,2,17_00020,OK,,2,3100,609,3709,5,34,34,236,5,14,94,1503,17.770352602005005
mem0,9,dev_0025,3,9_00100,OK,,2,2957,659,3616,4,35,35,85,4,18,129,1954,18.698087453842163
mem0,9,dev_0025,4,18_00100,OK,,2,3368,1084,4452,8,52,52,298,8,26,181,2831,31.6838219165802
mem0,9,dev_0025,5,9_00086,OK,,2,3092,707,3799,6,39,39,200,6,31,217,3402,20.463250875473022
mem0,9,dev_0025,6,1_00064,OK,,2,3048,641,3689,4,24,24,172,4,35,241,3832,17.96816873550415
mem0,9,dev_0025,7,2_00011,OK,,2,3078,782,3860,5,32,32,142,5,39,268,4287,22.49616503715515
mem0,9,dev_0025,8,4_00106,OK,,2,3383,933,4316,6,45,45,328,4,42,299,4651,26.833928108215332
mem0,10,dev_0027,1,19_00068,OK,,2,2915,360,3275,7,52,52,191,7,7,52,766,11.030017852783203
mem0,10,dev_0027,2,7_00052,OK,,2,3044,411,3455,3,23,23,221,3,10,75,1095,12.186331272125244
mem0,10,dev_0027,3,1_00124,OK,,2,2999,535,3534,3,24,24,144,3,13,99,1431,15.468976497650146
mem0,10,dev_0027,4,7_00049,OK,,2,3019,566,3585,3,21,21,160,3,16,120,1756,16.124921798706055
mem0,10,dev_0027,5,1_00014,OK,,2,3001,514,3515,3,16,16,161,3,19,136,2079,14.66352891921997
mem0,10,dev_0027,6,2_00064,OK,,2,3369,1138,4507,10,65,65,297,10,29,201,3159,32.509190797805786
mem0,10,dev_0027,7,3_00076,OK,,2,2946,381,3327,2,39,39,152,2,31,240,3402,11.78458547592163
mem0,11,dev_0028,1,2_00037,OK,,2,2875,325,3200,5,45,45,195,0,0,0,0,10.328427076339722
mem0,11,dev_0028,2,14_00098,OK,,2,2993,336,3329,6,55,55,275,6,6,55,663,10.303603172302246
mem0,11,dev_0028,3,8_00059,OK,,2,3070,483,3553,4,38,38,236,4,10,93,1111,13.979038715362549
mem0,11,dev_0028,4,10_00123,OK,,2,3164,721,3885,7,42,42,239,7,17,135,1860,21.63119912147522
mem0,11,dev_0028,5,14_00024,OK,,2,3500,842,4342,7,57,57,488,7,24,192,2642,24.649494409561157
mem0,11,dev_0028,6,10_00110,OK,,2,3114,752,3866,7,45,45,222,6,29,229,3211,22.11647391319275
mem0,11,dev_0028,7,1_00027,OK,,2,3227,918,4145,7,70,70,231,7,36,299,4000,26.483604907989502
mem0,11,dev_0028,8,16_00038,OK,,2,3693,1249,4942,7,59,59,454,6,42,354,4677,35.60941982269287
mem0,11,dev_0028,9,1_00013,OK,,2,3102,570,3672,3,27,27,219,3,45,381,5007,16.32401752471924
mem0,12,dev_0029,1,12_00006,OK,,2,3177,458,3635,8,80,80,394,8,8,80,900,14.153951406478882
mem0,12,dev_0029,2,2_00013,OK,,2,2939,377,3316,3,18,18,150,3,11,98,1236,11.591736555099487
mem0,12,dev_0029,3,9_00009,OK,,2,3160,536,3696,3,32,32,261,3,14,130,1570,15.008606195449829
mem0,12,dev_0029,4,8_00084,OK,,2,3242,607,3849,4,32,32,303,4,18,162,2012,17.662076950073242
mem0,12,dev_0029,5,17_00065,OK,,2,3793,1177,4970,9,99,99,612,9,27,261,3024,33.79090642929077
mem0,12,dev_0029,6,14_00044,OK,,2,3291,810,4101,4,46,46,294,4,31,307,3481,23.354121208190918
mem0,12,dev_0029,7,5_00023,OK,,2,2988,650,3638,3,23,23,111,3,34,330,3806,18.62528157234192
mem0,12,dev_0029,8,12_00000,OK,,2,3664,1143,4807,13,153,153,445,8,37,362,4242,33.802605867385864
mem0,13,dev_0030,1,2_00104,OK,,2,2833,158,2991,3,20,20,180,3,3,20,323,5.025590419769287
mem0,13,dev_0030,2,1_00024,OK,,2,2940,327,3267,4,27,27,201,4,7,47,765,9.953277826309204
mem0,13,dev_0030,3,8_00016,OK,,2,3371,798,4169,9,97,97,426,9,16,144,1797,23.88553547859192
mem0,13,dev_0030,4,6_00122,OK,,2,3186,566,3752,4,30,30,318,4,20,174,2236,16.37647294998169
mem0,13,dev_0030,5,8_00125,OK,,2,3253,688,3941,4,24,24,311,4,24,198,2669,18.888599157333374
mem0,13,dev_0030,6,14_00110,OK,,2,3558,1092,4650,11,86,86,454,11,33,272,3703,31.228607177734375
mem0,13,dev_0030,7,9_00078,OK,,2,3194,859,4053,5,58,58,222,5,38,330,4274,23.179056644439697
mem0,13,dev_0030,8,14_00032,OK,,2,3263,849,4112,4,36,36,238,4,42,366,4727,22.409276962280273
mem0,13,dev_0030,9,4_00060,OK,,2,3293,655,3948,3,36,36,344,3,45,402,5069,17.979839324951172
mem0,13,dev_0030,10,4_00046,OK,,2,3196,933,4129,6,48,48,182,5,49,441,5539,24.429473638534546
mem0,14,dev_0031,1,9_00067,OK,,2,3116,246,3362,5,29,29,428,5,5,29,544,7.282655715942383
mem0,14,dev_0031,2,6_00091,OK,,2,2975,397,3372,4,25,25,202,4,9,54,985,11.078997373580933
mem0,14,dev_0031,3,17_00040,OK,,2,3187,550,3737,6,51,51,344,6,15,105,1658,15.302642107009888
mem0,14,dev_0031,4,6_00079,OK,,2,3238,701,3939,5,38,38,323,5,20,143,2213,18.806237936019897
mem0,14,dev_0031,5,5_00024,OK,,2,3148,720,3868,6,44,44,249,6,26,187,2878,19.1771502494812
mem0,14,dev_0031,6,2_00016,OK,,2,3100,691,3791,4,23,23,188,4,30,210,3308,18.02469825744629
mem0,14,dev_0031,7,1_00015,OK,,2,3289,955,4244,7,56,56,275,7,36,259,3992,25.984734296798706
mem0,14,dev_0031,8,5_00089,OK,,2,2852,403,3255,2,11,11,83,2,38,270,4203,10.612431764602661
mem0,14,dev_0031,9,14_00121,OK,,2,3226,707,3933,4,51,51,280,4,42,321,4667,18.166818618774414
mem0,14,dev_0031,10,5_00017,OK,,2,2964,327,3291,2,13,13,180,2,44,334,4884,8.507865190505981
mem0,15,dev_0032,1,10_00124,OK,,2,2803,296,3099,6,40,40,145,6,6,40,659,8.013751745223999
mem0,15,dev_0032,2,15_00097,OK,,2,3253,941,4194,13,118,118,334,12,18,153,1984,24.65996289253235
mem0,15,dev_0032,3,18_00087,OK,,2,3319,872,4191,5,53,53,303,5,23,206,2549,21.20407199859619
mem0,15,dev_0032,4,2_00088,OK,,2,3203,914,4117,6,32,32,189,6,29,238,3195,20.985442399978638
mem0,15,dev_0032,5,11_00112,OK,,2,3766,1275,5041,9,101,101,548,8,37,310,4092,28.512030124664307
mem0,15,dev_0032,6,12_00011,OK,,2,3642,1372,5014,14,139,139,439,14,45,397,5108,31.994178295135498
mem0,15,dev_0032,7,19_00100,OK,,2,3399,880,4279,4,54,54,336,4,49,451,5564,19.63167667388916
mem0,16,dev_0035,1,2_00123,OK,,2,2889,268,3157,4,54,54,199,4,4,54,481,7.035913944244385
mem0,16,dev_0035,2,16_00069,OK,,2,3245,829,4074,12,100,100,333,12,16,154,1807,19.15718388557434
mem0,16,dev_0035,3,12_00126,OK,,2,2934,525,3459,4,26,26,118,4,20,180,2242,10.817612409591675
mem0,16,dev_0035,4,20_00001,OK,,2,3125,565,3690,3,21,21,241,3,23,201,2566,11.342627048492432
mem0,16,dev_0035,5,15_00025,OK,,2,3598,1286,4884,12,92,92,464,12,35,293,3876,26.828416109085083
mem0,16,dev_0035,6,16_00086,OK,,2,3345,1069,4414,6,41,41,253,6,41,334,4519,21.93103790283203
mem0,17,dev_0036,1,3_00116,OK,,2,2824,114,2938,2,14,14,195,2,2,14,215,4.303189277648926
mem0,17,dev_0036,2,20_00062,OK,,2,2991,364,3355,5,44,44,211,5,7,58,768,10.738942384719849
mem0,17,dev_0036,3,6_00004,OK,,2,2958,504,3462,5,41,41,165,5,12,99,1324,14.176321506500244
mem0,17,dev_0036,4,2_00033,OK,,2,2963,494,3457,4,25,25,149,4,16,124,1761,14.110741138458252
mem0,17,dev_0036,5,15_00054,OK,,2,3467,950,4417,8,77,77,425,8,24,201,2653,26.12717318534851
mem0,18,dev_0037,1,14_00055,OK,,2,2899,258,3157,4,51,51,194,4,4,51,461,7.940578460693359
mem0,18,dev_0037,2,7_00004,OK,,2,2965,384,3349,3,42,42,178,3,7,93,806,10.611048698425293
mem0,18,dev_0037,3,15_00085,OK,,2,3290,772,4062,9,59,59,341,9,16,152,1799,22.165114879608154
mem0,18,dev_0037,4,11_00125,OK,,2,3323,1088,4411,11,65,65,256,11,27,217,2998,31.640657663345337
mem0,18,dev_0037,5,5_00103,OK,,2,2945,628,3573,3,14,14,81,3,30,231,3323,17.903035879135132
mem0,19,dev_0038,1,8_00018,OK,,2,3247,627,3874,11,112,112,438,11,11,112,1226,20.312102794647217
mem0,19,dev_0038,2,16_00068,OK,,2,3287,886,4173,8,65,65,301,8,19,177,2111,25.929625511169434
mem0,19,dev_0038,3,8_00019,OK,,2,3463,918,4381,6,87,87,406,6,25,264,2818,26.540130853652954
mem0,19,dev_0038,4,12_00012,OK,,2,3515,1405,4920,11,99,99,253,11,36,363,4028,40.77771186828613
mem0,19,dev_0038,5,19_00062,OK,,2,3397,920,4317,7,104,104,338,7,41,441,4642,26.23367428779602
mem0,20,dev_0039,1,20_00072,OK,,2,3122,422,3544,7,78,78,360,7,7,78,776,12.848189353942871
mem0,20,dev_0039,2,6_00066,OK,,2,3256,589,3845,6,50,50,361,12,7,60,781,17.352473974227905
mem0,20,dev_0039,3,16_00011,OK,,2,3213,621,3834,6,54,54,325,6,13,114,1439,18.924993753433228
mem0,20,dev_0039,4,11_00113,OK,,2,3436,874,4310,7,96,96,405,7,19,196,2149,24.852970600128174
mem0,20,dev_0039,5,20_00016,OK,,2,3341,997,4338,6,35,35,261,6,25,231,2815,28.36958336830139
mem0,20,dev_0039,6,1_00093,OK,,2,3273,1024,4297,7,37,37,213,7,32,268,3578,29.045408487319946
mem0,21,dev_0040,1,4_00019,OK,,2,2897,160,3057,3,21,21,244,3,3,21,331,4.710436105728149
mem0,21,dev_0040,2,4_00002,OK,,2,2857,263,3120,5,30,30,151,4,5,30,583,8.528619527816772
mem0,21,dev_0040,3,6_00021,OK,,2,2929,429,3358,5,27,27,173,5,10,57,1141,13.073847532272339
mem0,21,dev_0040,4,15_00043,OK,,2,3192,589,3781,4,61,61,302,4,14,118,1616,17.149675607681274
mem0,21,dev_0040,5,8_00117,OK,,2,3261,851,4112,7,65,65,297,7,21,183,2391,24.68415904045105
mem0,21,dev_0040,6,2_00030,OK,,2,3082,597,3679,4,37,37,205,4,25,220,2839,16.653350591659546
mem0,21,dev_0040,7,12_00099,OK,,2,3322,877,4199,5,45,45,276,5,29,255,3298,24.89949369430542
mem0,21,dev_0040,8,1_00104,OK,,2,3118,634,3752,5,40,40,221,5,33,288,3754,18.862558126449585
mem0,21,dev_0040,9,4_00042,OK,,2,3281,887,4168,6,62,62,229,6,38,343,4315,25.969106674194336
mem0,21,dev_0040,10,3_00085,OK,,2,3194,891,4085,4,39,39,158,4,42,382,4767,24.43860173225403
mem0,22,dev_0041,1,19_00106,OK,,2,2965,182,3147,3,31,31,282,3,3,31,340,5.502418279647827
mem0,22,dev_0041,2,9_00120,OK,,2,2972,423,3395,7,60,60,216,6,8,57,902,13.250673770904541
mem0,22,dev_0041,3,10_00040,OK,,2,2998,523,3521,4,27,27,171,4,12,84,1335,14.157136917114258
mem0,22,dev_0041,4,20_00087,OK,,2,3314,752,4066,7,67,67,363,7,19,151,2119,22.426466941833496
mem0,22,dev_0041,5,18_00034,OK,,2,3469,935,4404,6,42,42,410,6,25,193,2778,26.786919355392456
mem0,22,dev_0041,6,9_00117,OK,,2,3069,882,3951,4,31,31,93,4,29,224,3216,25.485504150390625
mem0,22,dev_0041,7,1_00122,OK,,2,3244,737,3981,5,28,28,290,5,34,252,3747,20.78502917289734
mem0,22,dev_0041,8,14_00073,OK,,2,3351,974,4325,5,47,47,286,5,39,299,4298,27.12496328353882
mem0,22,dev_0041,9,15_00048,OK,,2,3195,517,3712,2,46,46,291,2,41,345,4542,15.482839822769165
mem0,22,dev_0041,10,1_00022,OK,,2,3227,676,3903,7,56,56,286,5,44,373,4923,18.97165608406067
mem0,23,dev_0042,1,19_00079,OK,,2,3415,524,3939,8,106,106,599,8,8,106,922,16.49323058128357
mem0,23,dev_0042,2,13_00029,OK,,2,3091,531,3622,4,27,27,230,4,12,133,1361,15.325498104095459
mem0,23,dev_0042,3,16_00060,OK,,2,3238,775,4013,8,60,60,284,7,18,180,2047,22.975366592407227
mem0,23,dev_0042,4,17_00064,OK,,2,3745,1199,4944,11,101,101,623,11,29,281,3273,35.21896839141846
mem0,23,dev_0042,5,4_00088,OK,,2,3176,763,3939,5,41,41,228,4,33,318,3718,22.256138801574707
mem0,23,dev_0042,6,3_00056,OK,,2,3525,1142,4667,6,49,49,363,6,39,367,4376,32.266945600509644
mem0,23,dev_0042,7,19_00041,OK,,2,3688,1282,4970,8,92,92,464,8,46,451,5189,35.94977951049805
mem0,23,dev_0042,8,1_00118,OK,,2,3313,947,4260,11,90,90,325,11,52,499,5918,27.654502153396606
mem0,24,dev_0044,1,18_00092,OK,,2,2830,178,3008,3,28,28,155,3,3,28,329,5.4710447788238525
mem0,24,dev_0044,2,15_00102,OK,,2,3134,483,3617,6,66,66,312,6,9,94,1005,14.56256103515625
mem0,24,dev_0044,3,8_00056,OK,,2,3266,692,3958,6,40,40,329,6,15,134,1663,19.40440273284912
mem0,24,dev_0044,4,1_00030,OK,,2,2909,442,3351,2,21,21,111,2,17,155,1887,12.40464735031128
mem0,24,dev_0044,5,6_00074,OK,,2,3592,924,4516,6,57,57,548,6,23,212,2556,26.625735759735107
mem0,24,dev_0044,6,13_00050,OK,,2,3495,1077,4572,9,60,60,411,9,32,272,3542,30.786356449127197
mem0,24,dev_0044,7,19_00046,OK,,2,3695,1386,5081,10,79,79,442,10,42,351,4649,39.5297794342041
mem0,24,dev_0044,8,10_00067,OK,,2,3167,945,4112,5,35,35,148,5,47,386,5191,27.826514959335327
mem0,25,dev_0045,1,13_00122,OK,,2,3190,426,3616,7,83,83,437,7,7,83,799,12.520718336105347
mem0,25,dev_0045,2,19_00112,OK,,2,3219,608,3827,6,38,38,310,6,13,121,1448,18.83484125137329
mem0,25,dev_0045,3,6_00038,OK,,2,3548,772,4320,6,40,40,549,6,19,161,2101,22.16239285469055
mem0,25,dev_0045,4,10_00105,OK,,2,3181,806,3987,5,37,37,224,5,24,198,2655,22.931520223617554
mem0,25,dev_0045,5,13_00027,OK,,2,3214,755,3969,5,43,43,285,4,27,226,3002,21.468696117401123
mem0,26,dev_0046,1,11_00031,OK,,2,2837,188,3025,3,30,30,168,3,3,30,345,5.658848524093628
mem0,26,dev_0046,2,3_00114,OK,,2,3083,428,3511,5,49,49,272,5,8,79,896,13.043664693832397
mem0,26,dev_0046,3,17_00124,OK,,2,3529,915,4444,8,108,108,494,6,14,153,1580,26.895355701446533
mem0,26,dev_0046,4,13_00051,OK,,2,3333,671,4004,4,59,59,365,4,18,212,2051,18.72589349746704
mem0,26,dev_0046,5,8_00040,OK,,2,3421,695,4116,11,123,123,422,5,22,275,2535,21.781835079193115
mem0,26,dev_0046,6,11_00109,OK,,2,3425,967,4392,6,81,81,358,5,27,333,3096,28.13739562034607
mem0,27,dev_0047,1,4_00075,OK,,2,2980,192,3172,3,37,37,295,3,3,37,347,5.820935964584351
mem0,27,dev_0047,2,16_00094,OK,,2,3076,388,3464,5,32,32,288,5,8,69,896,11.989431142807007
mem0,27,dev_0047,3,12_00021,OK,,2,3706,1171,4877,16,166,166,643,16,24,235,2696,35.74024748802185
mem0,27,dev_0047,4,6_00075,OK,,2,3397,896,4293,5,42,42,331,5,29,277,3257,26.15536904335022
mem0,27,dev_0047,5,9_00071,OK,,2,3494,1241,4735,7,60,60,321,7,36,337,4032,36.68011260032654
mem0,27,dev_0047,6,8_00105,OK,,2,3380,980,4360,5,53,53,283,5,41,390,4594,27.534899473190308
mem0,28,dev_0048,1,5_00043,OK,,2,2717,104,2821,2,9,9,104,2,2,9,216,3.527151346206665
mem0,28,dev_0048,2,6_00016,OK,,2,2918,313,3231,5,26,26,206,5,7,35,756,9.107226610183716
mem0,28,dev_0048,3,11_00017,OK,,2,3102,494,3596,4,39,39,270,4,11,74,1206,15.266764879226685
mem0,28,dev_0048,4,11_00048,OK,,2,3017,520,3537,4,42,42,180,4,15,116,1657,15.609796285629272
mem0,28,dev_0048,5,4_00022,OK,,2,3154,560,3714,4,29,29,285,4,19,145,2102,15.549910545349121
mem0,28,dev_0048,6,8_00075,OK,,2,3131,570,3701,3,25,25,246,3,22,170,2440,16.282094478607178
mem0,28,dev_0048,7,13_00056,OK,,2,3348,813,4161,7,55,55,387,7,29,225,3218,24.02982211112976
mem0,29,dev_0049,1,10_00022,OK,,2,2957,204,3161,4,25,25,281,4,4,25,436,5.815371751785278
mem0,29,dev_0049,2,20_00066,OK,,2,3076,491,3567,6,58,58,274,6,10,83,1099,14.238716125488281
mem0,29,dev_0049,3,12_00027,OK,,2,3263,687,3950,6,51,51,335,6,16,134,1750,20.26077103614807
mem0,29,dev_0049,4,4_00093,OK,,2,3398,816,4214,6,63,63,413,5,21,173,2301,23.50522804260254
mem0,29,dev_0049,5,10_00042,OK,,2,3157,689,3846,3,25,25,237,3,24,198,2627,19.767485857009888
mem0,29,dev_0049,6,5_00027,OK,,2,3081,738,3819,5,38,38,179,5,29,236,3167,21.309482097625732
mem0,29,dev_0049,7,8_00073,OK,,2,3211,782,3993,5,31,31,252,5,34,267,3706,22.982592821121216
mem0,29,dev_0049,8,20_00046,OK,,2,3334,1062,4396,7,76,76,263,7,39,326,4322,30.267738342285156
mem0,30,dev_0050,1,2_00078,OK,,2,2814,260,3074,5,36,36,160,5,5,36,544,8.535515546798706
mem0,30,dev_0050,2,2_00099,OK,,2,3001,398,3399,4,26,26,220,4,9,62,988,12.113837957382202
mem0,30,dev_0050,3,12_00070,OK,,2,3317,662,3979,6,62,62,412,6,15,124,1661,19.519493341445923
mem0,30,dev_0050,4,14_00119,OK,,2,3378,711,4089,6,69,69,429,5,19,181,2149,20.781482458114624
mem0,30,dev_0050,5,8_00111,OK,,2,3409,943,4352,6,55,55,329,6,25,236,2817,26.586442708969116
mem0,30,dev_0050,6,9_00001,OK,,2,3088,530,3618,3,39,39,222,3,28,275,3159,15.406805276870728
mem0,30,dev_0050,7,7_00043,OK,,2,3255,761,4016,5,27,27,282,5,33,302,3708,21.59067988395691
mem0,30,dev_0050,8,4_00017,OK,,2,3065,614,3679,3,16,16,187,3,36,318,4029,17.77333378791809
mem0,31,dev_0051,1,11_00041,OK,,2,2839,190,3029,3,36,36,185,3,3,36,346,6.127179861068726
mem0,31,dev_0051,2,16_00121,OK,,2,2965,307,3272,3,29,29,211,3,6,65,682,8.62150502204895
mem0,31,dev_0051,3,18_00062,OK,,2,3397,732,4129,9,79,79,473,9,15,144,1670,21.45284867286682
mem0,31,dev_0051,4,14_00078,OK,,2,3362,782,4144,9,86,86,398,8,23,219,2540,23.54176139831543
mem0,31,dev_0051,5,18_00113,OK,,2,3210,618,3828,4,36,36,284,4,27,255,2990,17.178963899612427
mem0,31,dev_0051,6,15_00068,OK,,2,3476,1139,4615,10,77,77,379,10,37,332,4097,33.544986724853516
mem0,31,dev_0051,7,18_00028,OK,,2,3504,1014,4518,5,76,76,368,4,41,397,4569,29.301653623580933
mem0,31,dev_0051,8,16_00052,OK,,2,3456,1156,4612,8,60,60,323,8,49,457,5454,33.291677713394165
mem0,31,dev_0051,9,12_00069,OK,,2,3391,755,4146,4,19,19,411,4,53,476,5883,22.14137554168701
mem0,32,dev_0052,1,11_00056,OK,,2,3027,298,3325,5,51,51,313,5,5,51,566,9.078503370285034
mem0,32,dev_0052,2,17_00072,OK,,2,3421,586,4007,6,69,69,484,6,11,120,1249,16.817179203033447
mem0,32,dev_0052,3,1_00121,OK,,2,3102,646,3748,5,29,29,208,5,16,149,1792,17.57656216621399
mem0,32,dev_0052,4,10_00026,OK,,2,3202,741,3943,4,34,34,251,4,20,183,2239,21.310262203216553
mem0,32,dev_0052,5,8_00124,OK,,2,3284,984,4268,7,55,55,258,6,26,220,2889,27.173349380493164
mem0,32,dev_0052,6,16_00066,OK,,2,3351,897,4248,5,43,43,343,5,31,263,3442,25.1070716381073
mem0,32,dev_0052,7,14_00036,OK,,2,3312,702,4014,4,49,49,346,3,34,291,3768,19.041344165802002
mem0,32,dev_0052,8,13_00093,OK,,2,3470,879,4349,7,70,70,431,7,38,347,4258,23.63634943962097
mem0,32,dev_0052,9,9_00050,OK,,2,3332,904,4236,5,41,41,273,5,43,388,4802,23.32760190963745
mem0,33,dev_0054,1,14_00016,OK,,2,3016,274,3290,5,43,43,297,5,5,43,563,8.293160200119019
mem0,33,dev_0054,2,3_00020,OK,,2,2980,422,3402,5,67,67,178,3,8,85,909,11.515350818634033
mem0,33,dev_0054,3,18_00099,OK,,2,3140,724,3864,7,58,58,225,7,15,143,1673,19.80416989326477
mem0,33,dev_0054,4,5_00085,OK,,2,2839,393,3232,2,12,12,72,2,17,155,1884,9.968460083007812
mem0,33,dev_0054,5,16_00067,OK,,2,3319,670,3989,5,71,71,371,5,22,226,2467,17.34300398826599
mem0,33,dev_0054,6,8_00110,OK,,2,3281,846,4127,4,53,53,243,4,26,279,2934,22.14639139175415
mem0,33,dev_0054,7,14_00093,OK,,2,3438,951,4389,6,63,63,383,6,32,342,3603,24.65926957130432
mem0,33,dev_0054,8,12_00013,OK,,2,3690,1491,5181,11,74,74,393,11,43,416,4809,37.910932540893555
mem0,33,dev_0054,9,8_00021,OK,,2,3600,1103,4703,7,67,67,438,7,50,483,5593,27.356329441070557
mem0,33,dev_0054,10,20_00107,OK,,2,3632,1458,5090,7,55,55,353,7,57,538,6364,33.94663739204407
mem0,34,dev_0055,1,13_00062,OK,,2,3287,518,3805,9,92,92,503,9,9,92,1025,16.96385169029236
mem0,34,dev_0055,2,13_00088,OK,,2,3318,847,4165,7,87,87,320,7,16,179,1829,23.455706119537354
mem0,34,dev_0055,3,4_00073,OK,,2,3212,662,3874,4,29,29,255,3,19,206,2161,17.933463096618652
mem0,34,dev_0055,4,16_00081,OK,,2,3164,608,3772,3,48,48,238,3,22,254,2506,16.866297721862793
mem0,34,dev_0055,5,11_00004,OK,,2,3275,809,4084,4,34,34,250,4,26,288,2956,22.503971338272095
mem0,34,dev_0055,6,6_00064,OK,,2,3281,731,4012,5,40,40,308,5,31,328,3505,20.61337113380432
mem0,34,dev_0055,7,19_00087,OK,,2,3825,1242,5067,8,84,84,570,8,39,412,4411,35.29027962684631
mem0,34,dev_0055,8,9_00098,OK,,2,3154,939,4093,4,17,17,101,4,43,429,4831,26.74158477783203
mem0,35,dev_0056,1,5_00065,OK,,2,2793,198,2991,4,22,22,162,4,4,22,428,6.401992082595825
mem0,35,dev_0056,2,5_00090,OK,,2,2781,266,3047,2,16,16,79,2,6,38,651,7.698448181152344
mem0,35,dev_0056,3,11_00098,OK,,2,3014,364,3378,3,24,24,209,3,9,62,988,10.521730899810791
mem0,35,dev_0056,4,18_00020,OK,,2,3574,788,4362,8,87,87,568,8,17,149,1882,22.82995367050171
mem0,35,dev_0056,5,6_00024,OK,,2,3089,691,3780,5,31,31,190,4,21,173,2323,19.262277603149414
mem0,35,dev_0056,6,15_00010,OK,,2,3667,1004,4671,9,81,81,586,9,30,254,3323,29.997933626174927
mem0,35,dev_0056,7,16_00122,OK,,2,3173,847,4020,4,44,44,196,4,34,298,3776,24.239455223083496
mem0,35,dev_0056,8,17_00043,OK,,2,3149,608,3757,3,26,26,243,3,37,324,4111,17.41905689239502
mem0,35,dev_0056,9,10_00048,OK,,2,3143,567,3710,3,27,27,276,3,40,351,4443,15.74975323677063
mem0,36,dev_0058,1,16_00023,OK,,2,3108,334,3442,6,52,52,367,6,6,52,667,10.915803670883179
mem0,36,dev_0058,2,16_00009,OK,,2,3268,394,3662,7,63,63,396,5,7,57,846,11.907388925552368
mem0,36,dev_0058,3,6_00062,OK,,2,3357,668,4025,7,51,51,453,6,13,98,1516,19.032839059829712
mem0,36,dev_0058,4,6_00000,OK,,2,3007,484,3491,3,29,29,196,3,16,127,1852,13.974555730819702
mem0,36,dev_0058,5,1_00053,OK,,2,3111,613,3724,4,29,29,229,4,20,156,2300,17.400012969970703
mem0,36,dev_0058,6,6_00030,OK,,2,3040,492,3532,3,19,19,227,2,22,168,2520,13.906955003738403
mem0,36,dev_0058,7,20_00039,OK,,2,3500,1136,4636,10,78,78,419,9,30,239,3413,33.62179183959961
mem0,37,dev_0059,1,15_00108,OK,,2,3108,406,3514,7,73,73,351,7,7,73,793,11.810500621795654
mem0,37,dev_0059,2,13_00005,OK,,2,3049,539,3588,5,26,26,214,5,12,99,1313,16.651646614074707
mem0,37,dev_0059,3,10_00033,OK,,2,3055,760,3815,8,47,47,158,8,20,146,2170,21.731714725494385
mem0,37,dev_0059,4,16_00084,OK,,2,3133,603,3736,4,44,44,254,4,24,190,2622,17.69762873649597
mem0,37,dev_0059,5,10_00117,OK,,2,3161,786,3947,5,39,39,218,5,29,229,3174,21.59708023071289
mem0,37,dev_0059,6,19_00017,OK,,2,3402,1097,4499,9,42,42,334,9,38,271,4132,32.527931451797485
mem0,37,dev_0059,7,5_00031,OK,,2,3073,722,3795,5,40,40,135,4,41,299,4489,20.43918490409851
mem0,37,dev_0059,8,3_00041,OK,,2,3353,747,4100,3,39,39,344,3,44,338,4834,20.559784412384033
mem0,38,dev_0060,1,7_00065,OK,,2,2929,174,3103,3,26,26,250,3,3,26,338,6.148565769195557
mem0,38,dev_0060,2,11_00030,OK,,2,2988,315,3303,3,31,31,224,3,6,57,680,9.087894916534424
mem0,38,dev_0060,3,7_00044,OK,,2,3229,557,3786,6,39,39,359,6,12,96,1343,16.057270050048828
mem0,38,dev_0060,4,13_00063,OK,,2,3297,812,4109,7,62,62,326,7,19,158,2138,23.254942655563354
mem0,38,dev_0060,5,18_00074,OK,,2,3171,651,3822,3,45,45,225,3,21,192,2389,18.840381860733032
mem0,38,dev_0060,6,8_00035,OK,,2,3568,1109,4677,11,114,114,463,11,32,306,3649,33.30399417877197
mem0,38,dev_0060,7,10_00018,OK,,2,3211,873,4084,4,33,33,181,4,36,339,4097,24.463035821914673
mem0,38,dev_0060,8,9_00102,OK,,2,3012,676,3688,3,22,22,115,3,39,361,4426,18.49423098564148
mem0,38,dev_0060,9,9_00011,OK,,2,3311,913,4224,5,43,43,259,5,44,404,4977,25.400914430618286
mem0,38,dev_0060,10,19_00065,OK,,2,3535,1178,4713,7,68,68,348,7,51,472,5754,34.27387809753418
mem0,39,dev_0062,1,15_00015,OK,,2,3248,254,3502,4,50,50,489,4,4,50,458,8.634127616882324
mem0,39,dev_0062,2,8_00049,OK,,2,3083,460,3543,4,60,60,236,4,8,110,923,12.750832796096802
mem0,39,dev_0062,3,4_00127,OK,,2,3130,736,3866,7,64,64,198,7,15,174,1703,21.91012406349182
mem0,39,dev_0062,4,17_00013,OK,,2,3165,703,3868,6,56,56,244,6,20,211,2275,20.795536518096924
mem0,39,dev_0062,5,16_00097,OK,,2,3251,777,4028,5,44,44,253,4,23,245,2633,22.03413224220276
mem0,39,dev_0062,6,8_00025,OK,,2,3681,1070,4751,7,105,105,516,7,30,350,3448,30.72006392478943
mem0,39,dev_0062,7,12_00101,OK,,2,3483,1174,4657,8,79,79,325,6,34,380,3929,33.43865489959717
mem0,40,dev_0063,1,2_00056,OK,,2,3009,308,3317,5,56,56,295,5,5,56,579,9.332001209259033
mem0,40,dev_0063,2,17_00029,OK,,2,3015,340,3355,2,18,18,211,2,7,74,795,10.336071014404297
mem0,40,dev_0063,3,4_00023,OK,,2,3135,604,3739,6,38,38,273,6,13,112,1438,17.082704782485962
mem0,40,dev_0063,4,6_00060,OK,,2,3380,885,4265,6,50,50,359,6,19,162,2100,25.29467272758484
mem0,40,dev_0063,5,16_00104,OK,,2,3168,718,3886,5,41,41,235,5,24,203,2657,19.979825735092163
mem0,40,dev_0063,6,11_00010,OK,,2,3276,851,4127,5,48,48,254,5,29,251,3225,24.00395655632019
mem0,40,dev_0063,7,7_00056,OK,,2,3426,999,4425,7,64,64,368,7,36,315,4007,28.4672212600708
mem0,40,dev_0063,8,15_00062,OK,,2,3662,1356,5018,13,116,116,446,14,45,395,5053,39.55093455314636
mem0,40,dev_0063,9,9_00065,OK,,2,3384,1089,4473,5,56,56,264,5,50,451,5611,31.829086303710938
mem0,41,dev_0065,1,9_00093,OK,,2,2809,254,3063,4,47,47,141,4,4,47,447,7.6201560497283936
mem0,41,dev_0065,2,10_00041,OK,,2,3098,422,3520,4,46,46,296,4,8,93,913,11.769437789916992
mem0,41,dev_0065,3,13_00059,OK,,2,3179,575,3754,10,69,69,259,6,12,117,1381,18.44119954109192
mem0,41,dev_0065,4,1_00099,OK,,2,3052,515,3567,3,39,39,210,3,15,156,1731,14.665536880493164
mem0,41,dev_0065,5,1_00036,OK,,2,3118,605,3723,5,40,40,244,5,19,187,2193,17.312867403030396
mem0,41,dev_0065,6,8_00079,OK,,2,3427,1076,4503,7,59,59,314,7,26,246,2972,31.081648588180542
mem0,41,dev_0065,7,9_00000,OK,,2,3418,968,4386,5,46,46,314,5,31,292,3526,27.76462173461914
mem0,41,dev_0065,8,14_00102,OK,,2,3456,1126,4582,10,73,73,357,10,41,365,4619,32.82945370674133
mem0,41,dev_0065,9,16_00072,OK,,2,3372,1009,4381,6,40,40,300,6,47,405,5277,29.013522386550903
mem0,42,dev_0066,1,15_00069,OK,,2,3154,358,3512,6,68,68,407,6,6,68,679,10.934483766555786
mem0,42,dev_0066,2,5_00004,OK,,2,3020,378,3398,2,14,14,205,2,8,82,903,11.146504402160645
mem0,42,dev_0066,3,11_00037,OK,,2,3107,564,3671,4,26,26,225,3,11,104,1240,16.068567514419556
mem0,42,dev_0066,4,9_00053,OK,,2,3008,520,3528,3,11,11,146,3,14,115,1553,15.071795463562012
mem0,42,dev_0066,5,4_00025,OK,,2,3240,650,3890,5,49,49,319,5,19,164,2114,19.303303956985474
mem0,42,dev_0066,6,4_00030,OK,,2,3280,796,4076,6,38,38,316,8,23,186,2545,23.24973750114441
mem0,42,dev_0066,7,10_00057,OK,,2,3123,749,3872,4,30,30,178,4,27,216,2988,21.714579582214355
mem0,42,dev_0066,8,14_00023,OK,,2,3667,1227,4894,10,62,62,481,10,37,278,4070,35.344680309295654
mem0,42,dev_0066,9,4_00014,OK,,2,3011,466,3477,4,21,21,211,5,39,289,4305,13.908717393875122
mem0,43,dev_0068,1,10_00091,OK,,2,2884,358,3242,7,51,51,211,7,7,51,765,10.928714513778687
mem0,43,dev_0068,2,10_00043,OK,,2,3088,567,3655,5,46,46,252,4,11,94,1220,17.087570667266846
mem0,43,dev_0068,3,9_00062,OK,,2,3227,627,3854,5,38,38,322,5,16,132,1771,18.78699827194214
mem0,43,dev_0068,4,20_00054,OK,,2,3379,828,4207,7,60,60,424,7,23,192,2539,24.186399698257446
mem0,43,dev_0068,5,6_00041,OK,,2,3136,666,3802,6,32,32,236,5,27,214,2986,18.593406200408936
mem0,43,dev_0068,6,7_00016,OK,,2,3135,794,3929,5,38,38,183,5,32,252,3538,22.777887105941772
mem0,44,dev_0070,1,18_00090,OK,,2,3077,272,3349,5,43,43,358,5,5,43,568,8.993414402008057
mem0,44,dev_0070,2,11_00036,OK,,2,3010,408,3418,4,24,24,218,4,9,67,993,12.52534294128418
mem0,44,dev_0070,3,11_00099,OK,,2,2988,589,3577,6,38,38,133,6,15,105,1638,17.27851104736328
mem0,44,dev_0070,4,16_00027,OK,,2,3567,897,4464,7,61,61,518,7,22,166,2406,25.64859914779663
mem0,44,dev_0070,5,9_00032,OK,,2,3317,985,4302,6,68,68,239,6,28,234,3093,28.12859010696411
mem0,44,dev_0070,6,3_00047,OK,,2,3227,704,3931,4,35,35,293,4,32,269,3533,20.650601863861084
mem0,44,dev_0070,7,19_00082,OK,,2,3545,1154,4699,7,85,85,395,7,38,348,4237,32.530208587646484
mem0,44,dev_0070,8,11_00117,OK,,2,3671,1209,4880,8,105,105,477,8,46,453,5152,35.404947996139526
mem0,44,dev_0070,9,4_00061,OK,,2,3178,897,4075,7,39,39,186,7,49,473,5530,26.124456882476807
mem0,44,dev_0070,10,10_00020,OK,,2,3283,938,4221,5,57,57,250,5,54,530,6102,26.4905002117157
mem0,45,dev_0071,1,1_00025,OK,,2,2966,276,3242,5,42,42,282,5,5,42,555,9.143996000289917
mem0,45,dev_0071,2,16_00103,OK,,2,2999,422,3421,4,34,34,200,4,9,76,1004,13.132454633712769
mem0,45,dev_0071,3,16_00091,OK,,2,3243,620,3863,6,54,54,355,6,15,130,1673,17.259450912475586
mem0,45,dev_0071,4,12_00001,OK,,2,3728,1322,5050,13,142,142,549,13,28,272,3147,39.123833417892456
mem0,45,dev_0071,5,9_00014,OK,,2,3346,910,4256,6,56,56,292,6,34,328,3815,25.47143006324768
mem0,45,dev_0071,6,9_00025,OK,,2,3402,907,4309,6,48,48,339,6,40,376,4467,26.039052963256836
mem0,45,dev_0071,7,2_00000,OK,,2,2951,453,3404,3,20,20,107,2,41,387,4601,13.272225141525269
mem0,45,dev_0071,8,18_00052,OK,,2,3611,1295,4906,8,55,55,407,8,49,442,5476,37.8474178314209
mem0,45,dev_0071,9,5_00084,OK,,2,2886,363,3249,2,9,9,128,2,51,451,5695,10.385283470153809
mem0,45,dev_0071,10,11_00015,OK,,2,3208,587,3795,3,38,38,234,3,53,478,5942,17.09859800338745
mem0,46,dev_0072,1,19_00125,OK,,2,2926,222,3148,4,33,33,251,4,4,33,450,6.562378883361816
mem0,46,dev_0072,2,12_00039,OK,,2,3282,700,3982,10,86,86,402,10,14,119,1554,20.760369539260864
mem0,46,dev_0072,3,18_00007,OK,,2,3839,1148,4987,11,121,121,674,10,24,236,2702,33.61335229873657
mem0,46,dev_0072,4,19_00083,OK,,2,3641,1358,4999,11,119,119,412,11,35,355,3936,38.078224182128906
mem0,46,dev_0072,5,18_00006,OK,,2,4062,1864,5926,16,155,155,567,14,48,489,5430,52.085503578186035
mem0,46,dev_0072,6,4_00099,OK,,2,3385,1035,4420,6,57,57,282,6,53,542,6014,27.639856338500977
mem0,47,dev_0073,1,3_00022,OK,,2,2738,140,2878,2,26,26,105,2,2,26,235,4.196251153945923
mem0,47,dev_0073,2,6_00042,OK,,2,3107,427,3534,6,54,54,299,6,8,80,906,11.500087976455688
mem0,47,dev_0073,3,8_00041,OK,,2,3689,898,4587,8,123,123,622,8,16,203,1845,24.280932426452637
mem0,47,dev_0073,4,4_00050,OK,,2,3524,1186,4710,9,57,57,360,8,24,255,2706,32.23274350166321
mem0,47,dev_0073,5,3_00088,OK,,2,2842,307,3149,1,8,8,76,1,25,263,2822,7.760091304779053
mem0,47,dev_0073,6,2_00019,OK,,2,3033,663,3696,4,22,22,140,4,29,285,3254,17.39863395690918
mem0,47,dev_0073,7,15_00110,OK,,2,3451,1142,4593,11,97,97,307,7,34,327,3837,30.47544264793396
mem0,47,dev_0073,8,15_00017,OK,,2,3843,1487,5330,11,96,96,520,10,44,416,4957,39.56672120094299
mem0,47,dev_0073,9,2_00089,OK,,2,3397,1021,4418,7,42,42,308,6,49,448,5521,25.511771202087402
mem0,48,dev_0074,1,10_00005,OK,,2,2849,252,3101,5,33,33,180,5,5,33,549,6.61088228225708
mem0,48,dev_0074,2,18_00079,OK,,2,2997,494,3491,5,48,48,169,5,10,81,1105,12.729589700698853
mem0,48,dev_0074,3,11_00006,OK,,2,3071,659,3730,6,61,61,172,6,16,142,1785,17.45681118965149
mem0,48,dev_0074,4,8_00116,OK,,2,3282,720,4002,4,43,43,309,4,20,185,2236,16.157235145568848
mem0,48,dev_0074,5,8_00045,OK,,2,3835,1176,5011,14,107,107,718,14,32,264,3586,28.505728006362915
mem0,48,dev_0074,6,7_00048,OK,,2,3070,600,3670,4,22,22,192,3,34,275,3823,13.297168731689453
mem0,49,dev_0075,1,18_00000,OK,,2,3394,400,3794,7,68,68,594,7,7,68,778,10.250089645385742
mem0,49,dev_0075,2,13_00055,OK,,2,3357,591,3948,5,68,68,424,5,12,136,1361,13.063414573669434
mem0,49,dev_0075,3,1_00020,OK,,2,3382,907,4289,10,95,95,353,10,21,208,2375,21.017489194869995
mem0,49,dev_0075,4,15_00119,OK,,2,3319,944,4263,7,60,60,278,7,28,268,3146,21.20768141746521
mem0,49,dev_0075,5,2_00092,OK,,2,3398,1001,4399,6,66,66,309,6,34,334,3831,20.729474306106567
mem0,49,dev_0075,6,13_00108,OK,,2,3489,1189,4678,10,88,88,344,9,41,410,4665,24.47064781188965
mem0,49,dev_0075,7,18_00015,OK,,2,3945,1692,5637,10,107,107,508,9,49,496,5598,34.38022017478943
mem0,49,dev_0075,8,16_00115,OK,,2,3190,994,4184,4,23,23,117,4,53,519,6026,17.58922529220581
mem0,50,dev_0076,1,3_00105,OK,,2,2710,68,2778,1,8,8,103,1,1,8,107,1.4045674800872803
mem0,50,dev_0076,2,6_00094,OK,,2,2841,218,3059,3,30,30,143,3,4,38,444,4.2061638832092285
mem0,50,dev_0076,3,2_00035,OK,,2,2982,327,3309,4,22,22,231,3,7,56,769,6.116307735443115
mem0,50,dev_0076,4,20_00097,OK,,2,3004,481,3485,5,28,28,200,5,12,84,1308,8.962320327758789
mem0,50,dev_0076,5,16_00050,OK,,2,3204,681,3885,7,53,53,301,7,19,137,2075,12.688290119171143
mem0,50,dev_0076,6,13_00075,OK,,2,3267,735,4002,6,45,45,333,6,25,182,2738,13.053508043289185
mem0,50,dev_0076,7,3_00027,OK,,2,2920,439,3359,2,21,21,122,2,27,203,2962,7.634818077087402
mem0,50,dev_0076,8,13_00119,OK,,2,3397,851,4248,6,58,58,403,4,29,232,3234,14.856095790863037
mem0,51,dev_0078,1,15_00049,OK,,2,3125,362,3487,7,53,53,387,7,7,53,768,8.187888622283936
mem0,51,dev_0078,2,13_00053,OK,,2,3202,614,3816,6,55,55,304,6,13,108,1444,12.0405592918396
mem0,51,dev_0078,3,6_00012,OK,,2,3018,610,3628,4,24,24,156,4,17,132,1882,12.31007719039917
mem0,51,dev_0078,4,20_00009,OK,,2,3184,615,3799,6,39,39,286,5,21,158,2335,13.153588056564331
mem0,51,dev_0078,5,2_00127,OK,,2,2992,529,3521,3,36,36,126,3,24,194,2678,10.205219507217407
mem0,52,dev_0079,1,19_00076,OK,,2,3286,346,3632,6,63,63,536,6,6,63,681,7.531995534896851
mem0,52,dev_0079,2,6_00111,OK,,2,2910,389,3299,3,26,26,125,3,9,89,1014,7.442387104034424
mem0,52,dev_0079,3,1_00113,OK,,2,3087,415,3502,4,20,20,270,4,13,109,1441,8.33247423171997
mem0,52,dev_0079,4,16_00022,OK,,2,3344,1074,4418,12,99,99,336,10,23,190,2556,21.346360206604004
mem0,52,dev_0079,5,18_00105,OK,,2,3470,908,4378,5,66,66,416,5,28,256,3133,17.749963760375977
mem0,52,dev_0079,6,16_00065,OK,,2,3330,829,4159,6,49,49,332,6,33,298,3705,16.6175754070282
mem0,52,dev_0079,7,7_00060,OK,,2,3277,846,4123,5,31,31,268,5,38,329,4251,16.24517250061035
mem0,52,dev_0079,8,19_00057,OK,,2,3840,1425,5265,8,105,105,507,8,46,434,5167,27.508636474609375
mem0,52,dev_0079,9,4_00009,OK,,2,2899,374,3273,3,25,25,137,3,48,449,5403,7.235997676849365
mem0,52,dev_0079,10,15_00064,OK,,2,3449,1055,4504,7,74,74,367,5,52,481,5867,20.54188847541809
mem0,53,dev_0080,1,8_00017,OK,,2,3458,820,4278,16,125,125,613,16,16,125,1737,18.41000986099243
mem0,53,dev_0080,2,11_00043,OK,,2,3167,674,3841,5,41,41,269,5,21,166,2280,13.21602463722229
mem0,53,dev_0080,3,14_00008,OK,,2,3242,784,4026,5,35,35,278,5,26,201,2833,15.128797769546509
mem0,53,dev_0080,4,3_00112,OK,,2,3088,681,3769,3,23,23,199,3,29,224,3163,12.937371730804443
mem0,53,dev_0080,5,18_00022,OK,,2,3872,1543,5415,10,101,101,544,9,38,315,4157,29.460914373397827
mem0,53,dev_0080,6,18_00094,OK,,2,3515,1254,4769,10,76,76,347,10,46,373,5061,24.710755825042725
mem0,53,dev_0080,7,13_00097,OK,,2,3545,1258,4803,7,81,81,323,7,53,454,5855,24.236603260040283
mem0,53,dev_0080,8,10_00052,OK,,2,3158,580,3738,3,18,18,275,3,56,472,6184,11.556845903396606
mem0,54,dev_0081,1,12_00016,OK,,2,3299,566,3865,10,96,96,484,10,10,96,1107,13.031535863876343
mem0,54,dev_0081,2,2_00049,OK,,2,3110,619,3729,7,83,83,220,6,14,143,1598,12.604730606079102
mem0,54,dev_0081,3,11_00110,OK,,2,3717,1311,5028,14,150,150,534,13,24,268,2813,26.6037015914917
mem0,54,dev_0081,4,11_00059,OK,,2,3358,905,4263,5,42,42,297,5,29,310,3372,17.482595920562744
mem0,54,dev_0081,5,10_00046,OK,,2,3333,1066,4399,7,65,65,258,7,36,375,4154,20.575382947921753
mem0,54,dev_0081,6,15_00109,OK,,2,3537,1014,4551,6,65,65,386,6,42,440,4830,19.65691900253296
mem0,54,dev_0081,7,6_00043,OK,,2,3424,1168,4592,7,41,41,280,7,49,481,5586,22.364161014556885
mem0,54,dev_0081,8,20_00075,OK,,2,3259,1051,4310,9,40,40,173,8,55,508,6251,20.58297348022461
mem0,54,dev_0081,9,11_00097,OK,,2,3475,1139,4614,6,49,49,300,6,61,557,6915,21.770569801330566
mem0,55,dev_0082,1,18_00093,OK,,2,3034,468,3502,7,93,93,260,7,7,93,810,9.749427080154419
mem0,55,dev_0082,2,5_00107,OK,,2,2797,280,3077,1,9,9,47,1,8,102,920,5.239268779754639
mem0,55,dev_0082,3,4_00010,OK,,2,2985,594,3579,5,17,17,123,5,13,119,1452,11.63567066192627
mem0,55,dev_0082,4,6_00007,OK,,2,2892,448,3340,3,18,18,116,3,16,137,1781,9.099226713180542
mem0,55,dev_0082,5,17_00077,OK,,2,3704,924,4628,8,59,59,607,8,24,196,2653,18.34277629852295
mem0,55,dev_0082,6,17_00057,OK,,2,3282,760,4042,4,38,38,297,4,28,234,3101,14.61833381652832
mem0,55,dev_0082,7,1_00070,OK,,2,3123,766,3889,6,39,39,196,6,34,273,3747,14.943141222000122
mem0,55,dev_0082,8,17_00049,OK,,2,3386,961,4347,8,63,63,338,6,37,300,4136,19.269831895828247
mem0,55,dev_0082,9,15_00037,OK,,2,3526,1244,4770,8,69,69,339,8,45,369,5031,24.72206211090088
mem0,56,dev_0083,1,6_00048,OK,,2,3074,404,3478,8,53,53,338,8,8,53,863,9.422929525375366
mem0,56,dev_0083,2,16_00043,OK,,2,3283,503,3786,10,103,103,389,7,8,60,964,10.91686201095581
mem0,56,dev_0083,3,16_00096,OK,,2,3049,535,3584,4,26,26,205,4,12,86,1397,10.553733825683594
mem0,56,dev_0083,4,17_00102,OK,,2,3429,653,4082,6,53,53,492,6,18,139,2070,12.907372236251831
mem0,56,dev_0083,5,1_00055,OK,,2,2932,447,3379,3,22,22,132,3,21,161,2405,8.814380884170532
mem0,56,dev_0083,6,18_00002,OK,,2,3830,1244,5074,10,115,115,606,10,31,276,3530,24.627702713012695
mem0,56,dev_0083,7,13_00010,OK,,2,3102,874,3976,5,50,50,118,5,35,318,4004,16.914050579071045
mem0,57,dev_0084,1,11_00127,OK,,2,3356,861,4217,16,135,135,522,0,0,0,0,18.614405155181885
mem0,57,dev_0084,2,6_00034,OK,,2,2921,392,3313,8,51,51,218,8,8,51,864,8.815099716186523
mem0,57,dev_0084,3,3_00084,OK,,2,2904,364,3268,2,23,23,133,2,10,74,1095,7.002447605133057
mem0,57,dev_0084,4,6_00001,OK,,2,3075,792,3867,8,50,50,173,8,18,124,1966,15.81612777709961
mem0,57,dev_0084,5,18_00083,OK,,2,3422,991,4413,8,60,60,396,8,26,184,2847,19.334038496017456
mem0,57,dev_0084,6,14_00115,OK,,2,3456,1165,4621,10,81,81,366,10,36,265,3939,22.987462997436523
mem0,57,dev_0084,7,17_00095,OK,,2,3987,1553,5540,10,68,68,623,10,46,333,5021,30.43360662460327
mem0,58,dev_0085,1,4_00085,OK,,2,2946,188,3134,3,35,35,266,3,3,35,349,3.950282573699951
mem0,58,dev_0085,2,9_00059,OK,,2,3339,416,3755,5,49,49,508,5,8,84,906,8.298442602157593
mem0,58,dev_0085,3,2_00082,OK,,2,3072,445,3517,5,38,38,219,2,10,104,1125,8.904511451721191
mem0,58,dev_0085,4,15_00072,OK,,2,3328,800,4128,7,57,57,356,7,17,161,1910,15.860286235809326
mem0,58,dev_0085,5,11_00020,OK,,2,3216,648,3864,4,30,30,253,4,21,191,2344,12.491634845733643
mem0,58,dev_0085,6,16_00045,OK,,2,3417,1115,4532,9,69,69,323,9,28,243,3161,21.778635025024414
mem0,58,dev_0085,7,12_00089,OK,,2,3242,851,4093,5,50,50,256,3,30,263,3408,16.45350742340088
mem0,59,dev_0086,1,18_00089,OK,,2,3076,290,3366,5,54,54,353,5,5,54,574,6.020331382751465
mem0,59,dev_0086,2,10_00121,OK,,2,2940,455,3395,5,28,28,146,5,10,82,1112,9.282967329025269
mem0,59,dev_0086,3,4_00121,OK,,2,3049,532,3581,4,43,43,198,4,14,125,1552,10.275676488876343
mem0,59,dev_0086,4,13_00099,OK,,2,3379,967,4346,9,76,76,338,9,23,201,2552,19.058655977249146
mem0,59,dev_0086,5,2_00093,OK,,2,3137,603,3740,4,29,29,223,4,27,230,2987,11.689948320388794
mem0,59,dev_0086,6,14_00057,OK,,2,3440,967,4407,6,52,52,359,6,33,282,3644,18.489789962768555
mem0,59,dev_0086,7,1_00114,OK,,2,3239,936,4175,7,38,38,248,7,40,320,4398,18.440598011016846
mem0,59,dev_0086,8,12_00093,OK,,2,3314,886,4200,5,31,31,287,4,44,344,4825,16.863446712493896
mem0,60,dev_0087,1,8_00029,OK,,2,3458,466,3924,7,99,99,635,7,7,99,827,9.88052225112915
mem0,60,dev_0087,2,20_00051,OK,,2,3286,519,3805,3,34,34,391,3,10,133,1165,10.209393978118896
mem0,60,dev_0087,3,10_00090,OK,,2,3071,560,3631,5,37,37,217,5,15,170,1715,10.754611730575562
mem0,60,dev_0087,4,3_00117,OK,,2,3065,601,3666,4,19,19,175,4,19,189,2153,11.794931173324585
mem0,60,dev_0087,5,11_00052,OK,,2,3198,645,3843,3,31,31,255,3,22,220,2497,12.208703517913818
mem0,60,dev_0087,6,13_00017,OK,,2,3259,839,4098,5,32,32,257,5,27,252,3043,16.104296684265137
mem0,60,dev_0087,7,15_00027,OK,,2,3493,961,4454,7,74,74,414,7,34,326,3829,18.928358793258667
mem0,60,dev_0087,8,9_00020,OK,,2,3313,863,4176,4,39,39,277,4,38,365,4286,16.487595319747925
mem0,60,dev_0087,9,2_00071,OK,,2,3512,1351,4863,10,70,70,290,10,48,435,5385,26.603851318359375
mem0,60,dev_0087,10,7_00035,OK,,2,3291,908,4199,7,44,44,278,6,52,462,5861,18.113909244537354
mem0,61,dev_0088,1,11_00000,OK,,2,2881,202,3083,4,22,22,214,4,4,22,422,4.354446172714233
mem0,61,dev_0088,2,2_00060,OK,,2,3118,342,3460,3,33,33,338,3,7,55,764,6.933370113372803
mem0,61,dev_0088,3,19_00031,OK,,2,3279,624,3903,6,78,78,396,6,13,133,1458,12.592127323150635
mem0,61,dev_0088,4,2_00096,OK,,2,3074,576,3650,4,49,49,189,4,17,182,1919,11.436297178268433
mem0,61,dev_0088,5,19_00022,OK,,2,3273,713,3986,4,32,32,281,4,21,214,2352,13.773288488388062
mem0,61,dev_0088,6,6_00102,OK,,2,3053,767,3820,6,39,39,138,6,27,253,3007,15.359728336334229
mem0,61,dev_0088,7,1_00125,OK,,2,3076,627,3703,3,16,16,166,3,30,269,3336,12.048353910446167
mem0,61,dev_0088,8,14_00086,OK,,2,3495,1084,4579,7,58,58,354,6,36,322,3998,21.409712314605713
mem0,61,dev_0088,9,9_00008,OK,,2,3293,606,3899,5,38,38,312,1,37,333,4114,12.063268899917603
mem0,62,dev_0089,1,1_00040,OK,,2,2785,200,2985,4,25,25,162,4,4,25,441,4.854091644287109
mem0,62,dev_0089,2,19_00053,OK,,2,3177,756,3933,13,64,64,272,13,17,89,1832,17.07228684425354
mem0,62,dev_0089,3,11_00008,OK,,2,3090,619,3709,4,36,36,200,4,21,125,2269,12.268337965011597
mem0,62,dev_0089,4,20_00052,OK,,2,3305,1057,4362,11,73,73,296,11,31,191,3392,22.141002655029297
mem0,62,dev_0089,5,9_00055,OK,,2,3271,887,4158,6,48,48,291,6,37,239,4053,18.042903423309326
mem0,62,dev_0089,6,1_00086,OK,,2,3512,1264,4776,10,60,60,389,7,44,281,4811,25.253431797027588
mem0,62,dev_0089,7,18_00068,OK,,2,3237,915,4152,4,46,46,224,3,47,317,5149,17.25764298439026
mem0,62,dev_0089,8,7_00032,OK,,2,3133,790,3923,4,21,21,184,4,51,338,5570,15.036445379257202
mem0,63,dev_0090,1,4_00103,OK,,2,2955,308,3263,5,55,55,249,5,5,55,569,6.6950843334198
mem0,63,dev_0090,2,1_00107,OK,,2,3092,525,3617,6,42,42,255,6,11,97,1232,11.621858596801758
mem0,63,dev_0090,3,15_00059,OK,,2,3454,775,4229,7,67,67,470,7,18,164,2021,15.821107387542725
mem0,63,dev_0090,4,1_00101,OK,,2,3203,782,3985,11,84,84,228,7,21,181,2419,17.22971224784851
mem0,63,dev_0090,5,9_00124,OK,,2,3307,961,4268,6,49,49,277,6,27,230,3082,19.827149868011475
mem0,63,dev_0090,6,19_00042,OK,,2,3452,891,4343,5,59,59,381,5,32,289,3645,17.523714780807495
mem0,63,dev_0090,7,16_00092,OK,,2,3490,996,4486,6,67,67,418,6,38,356,4321,19.234686613082886
mem0,63,dev_0090,8,19_00080,OK,,2,3869,1283,5152,7,101,101,645,5,43,414,4897,23.6110577583313
mem0,64,dev_0091,1,9_00092,OK,,2,2877,330,3207,6,51,51,182,6,6,51,670,6.9850218296051025
mem0,64,dev_0091,2,2_00084,OK,,2,3089,583,3672,7,41,41,247,7,13,92,1421,11.025718450546265
mem0,64,dev_0091,3,11_00075,OK,,2,3250,790,4040,6,55,55,302,6,19,147,2090,15.222579956054688
mem0,64,dev_0091,4,19_00101,OK,,2,3256,733,3989,5,51,51,308,5,24,198,2653,13.563749551773071
mem0,64,dev_0091,5,5_00022,OK,,2,2988,594,3582,5,25,25,146,4,28,221,3087,11.289701223373413
mem0,64,dev_0091,6,12_00041,OK,,2,3515,1092,4607,9,89,89,412,9,37,310,4101,20.531177282333374
mem0,64,dev_0091,7,5_00012,OK,,2,3330,1098,4428,6,48,48,216,6,43,358,4778,19.897296905517578
mem0,64,dev_0091,8,20_00020,OK,,2,3489,1387,4876,9,66,66,262,9,52,424,5770,25.407312631607056
mem0,65,dev_0092,1,20_00074,OK,,2,2933,274,3207,5,43,43,227,5,5,43,563,5.65944504737854
mem0,65,dev_0092,2,2_00010,OK,,2,2933,401,3334,4,21,21,165,4,9,64,993,7.521730422973633
mem0,65,dev_0092,3,20_00014,OK,,2,3263,653,3916,9,66,66,344,8,14,107,1607,13.120672225952148
mem0,65,dev_0092,4,18_00018,OK,,2,3405,783,4188,5,64,64,385,5,19,171,2175,14.46039366722107
mem0,65,dev_0092,5,4_00111,OK,,2,3049,633,3682,5,29,29,171,5,23,191,2627,11.652958393096924
mem0,65,dev_0092,6,12_00096,OK,,2,3256,903,4159,6,49,49,243,4,25,208,2866,16.263511180877686
mem0,65,dev_0092,7,1_00062,OK,,2,3087,680,3767,4,25,25,164,4,29,233,3285,12.439983367919922
mem0,66,dev_0093,1,14_00063,OK,,2,2995,368,3363,7,54,54,275,7,7,54,774,7.601630210876465
mem0,66,dev_0093,2,9_00064,OK,,2,3353,582,3935,5,48,48,469,4,11,83,1209,10.975870132446289
mem0,66,dev_0093,3,14_00062,OK,,2,3423,556,3979,5,61,61,474,5,13,114,1492,10.687182426452637
mem0,66,dev_0093,4,3_00087,OK,,2,2833,298,3131,1,16,16,81,1,14,130,1609,5.260191440582275
mem0,66,dev_0093,5,14_00004,OK,,2,3198,556,3754,4,28,28,294,4,18,158,2040,10.352965831756592
mem0,66,dev_0093,6,6_00035,OK,,2,3349,1048,4397,10,68,68,321,12,26,218,2932,20.25435996055603
mem0,67,dev_0094,1,8_00003,OK,,2,3183,550,3733,10,97,97,395,10,10,97,1130,11.684723615646362
mem0,67,dev_0094,2,3_00052,OK,,2,3320,836,4156,7,90,90,351,7,17,187,1938,15.577044486999512
mem0,67,dev_0094,3,8_00072,OK,,2,3275,644,3919,5,26,26,347,5,22,213,2484,12.280449390411377
mem0,67,dev_0094,4,11_00003,OK,,2,3106,585,3691,3,26,26,217,3,25,239,2828,10.924785614013672
mem0,67,dev_0094,5,11_00033,OK,,2,3253,799,4052,5,50,50,254,5,29,285,3306,14.791611671447754
mem0,67,dev_0094,6,14_00013,OK,,2,3384,926,4310,6,35,35,341,6,35,320,3944,16.614677906036377
mem0,67,dev_0094,7,14_00042,OK,,2,3348,639,3987,7,79,79,378,6,35,343,4052,11.770211219787598
mem0,67,dev_0094,8,8_00108,OK,,2,3262,871,4133,5,51,51,255,4,38,373,4406,15.012840747833252
mem0,67,dev_0094,9,5_00054,OK,,2,2978,584,3562,5,31,31,129,3,41,394,4735,10.569751739501953
mem0,68,dev_0095,1,15_00081,OK,,2,3027,330,3357,6,51,51,301,6,6,51,670,10.644935131072998
mem0,68,dev_0095,2,15_00094,OK,,2,3181,709,3890,10,99,99,297,10,13,120,1514,20.566232442855835
mem0,68,dev_0095,3,4_00080,OK,,2,3188,609,3797,3,32,32,271,3,16,152,1861,16.896651029586792
mem0,68,dev_0095,4,11_00101,OK,,2,3255,737,3992,4,44,44,269,4,20,196,2316,19.727221488952637
mem0,68,dev_0095,5,17_00118,OK,,2,3748,1268,5016,8,98,98,518,7,27,267,3114,35.63569378852844
mem0,69,dev_0096,1,12_00038,OK,,2,3044,350,3394,7,48,48,307,7,7,48,777,10.433570146560669
mem0,69,dev_0096,2,16_00127,OK,,2,3113,549,3662,5,42,42,267,5,12,90,1343,15.940980434417725
mem0,69,dev_0096,3,9_00122,OK,,2,3210,664,3874,5,39,39,300,5,17,129,1890,18.637577295303345
mem0,69,dev_0096,4,10_00053,OK,,2,3160,748,3908,6,49,49,270,5,22,171,2445,21.758122205734253
mem0,69,dev_0096,5,12_00087,OK,,2,3291,905,4196,7,56,56,298,7,29,227,3214,26.800865650177002
mem0,69,dev_0096,6,10_00097,OK,,2,3258,995,4253,5,33,33,220,4,33,255,3649,27.96354866027832
mem0,70,dev_0097,1,12_00117,OK,,2,2928,202,3130,4,26,26,270,4,4,26,435,6.501354932785034
mem0,70,dev_0097,2,20_00029,OK,,2,3020,374,3394,7,44,44,193,7,10,60,1108,11.002933025360107
mem0,70,dev_0097,3,3_00082,OK,,2,2942,406,3348,2,20,20,146,2,12,80,1332,11.067711114883423
mem0,70,dev_0097,4,1_00035,OK,,2,3026,461,3487,4,36,36,215,3,15,113,1668,14.364383697509766
mem0,70,dev_0097,5,20_00024,OK,,2,3413,793,4206,5,51,51,407,5,20,164,2228,22.760217666625977
mem0,70,dev_0097,6,3_00061,OK,,2,3204,691,3895,3,28,28,230,3,23,192,2563,19.411625862121582
mem0,70,dev_0097,7,9_00085,OK,,2,3273,1014,4287,6,45,45,232,6,29,237,3219,28.969518184661865
mem0,70,dev_0097,8,8_00011,OK,,2,3627,1346,4973,12,88,88,436,12,41,325,4526,39.78598928451538
mem0,70,dev_0097,9,20_00090,OK,,2,3426,1225,4651,6,42,42,251,6,47,367,5186,34.49491882324219
mem0,70,dev_0097,10,5_00021,OK,,2,2975,500,3475,2,17,17,118,2,49,384,5402,14.196716070175171
mem0,71,dev_0098,1,1_00076,OK,,2,2807,208,3015,4,26,26,164,4,4,26,433,6.609013080596924
mem0,71,dev_0098,2,12_00079,OK,,2,3048,247,3295,5,44,44,250,2,5,36,569,7.71044659614563
mem0,71,dev_0098,3,17_00093,OK,,2,3574,758,4332,9,113,113,616,9,14,149,1601,22.300002574920654
mem0,71,dev_0098,4,6_00025,OK,,2,3035,596,3631,4,28,28,159,4,18,177,2040,17.368903875350952
mem0,71,dev_0098,5,14_00056,OK,,2,3413,1027,4440,7,71,71,305,7,25,248,2822,28.77335286140442
mem0,72,dev_0099,1,20_00084,OK,,2,2916,192,3108,3,37,37,249,3,3,37,342,5.667935371398926
mem0,72,dev_0099,2,2_00051,OK,,2,3161,509,3670,7,77,77,315,6,9,106,1026,15.15445590019226
mem0,72,dev_0099,3,19_00124,OK,,2,3271,591,3862,4,38,38,339,4,13,144,1477,17.032524824142456
mem0,72,dev_0099,4,11_00116,OK,,2,3794,949,4743,10,79,79,697,9,21,211,2383,28.05475425720215
mem0,72,dev_0099,5,11_00067,OK,,2,3450,891,4341,5,47,47,368,5,26,258,2948,25.424577236175537
mem0,72,dev_0099,6,6_00059,OK,,2,3310,893,4203,5,32,32,283,5,31,290,3495,25.115282773971558
mem0,72,dev_0099,7,19_00085,OK,,2,3543,851,4394,4,53,53,451,4,35,343,3960,24.127230644226074
mem0,72,dev_0099,8,20_00081,OK,,2,3332,1169,4501,7,54,54,161,6,39,379,4447,33.338008642196655
mem0,72,dev_0099,9,3_00111,OK,,2,3295,1041,4336,8,63,63,256,8,47,442,5317,29.459830284118652
mem0,73,dev_0100,1,14_00083,OK,,2,3087,296,3383,5,56,56,372,5,5,56,570,9.662070989608765
mem0,73,dev_0100,2,16_00075,OK,,2,2989,434,3423,4,34,34,180,4,9,90,1018,13.085890769958496
mem0,73,dev_0100,3,7_00042,OK,,2,3185,520,3705,3,29,29,326,3,12,119,1356,15.28796672821045
mem0,73,dev_0100,4,1_00041,OK,,2,3182,733,3915,5,36,36,241,5,17,155,1907,20.85117197036743
mem0,73,dev_0100,5,12_00123,OK,,2,3201,731,3932,6,52,52,291,6,22,201,2484,20.878888607025146
mem0,74,dev_0102,1,3_00018,OK,,2,2768,134,2902,2,23,23,129,2,2,23,224,4.2104997634887695
mem0,74,dev_0102,2,11_00120,OK,,2,3179,520,3699,8,69,69,346,8,10,92,1114,15.450716972351074
mem0,74,dev_0102,3,2_00017,OK,,2,2969,423,3392,3,23,23,166,3,13,115,1443,12.423176288604736
mem0,74,dev_0102,4,17_00117,OK,,2,3319,832,4151,5,68,68,311,5,18,183,2011,23.803283214569092
mem0,74,dev_0102,5,19_00123,OK,,2,3247,647,3894,4,32,32,293,4,22,215,2444,18.54320526123047
mem0,74,dev_0102,6,13_00042,OK,,2,3293,706,3999,5,46,46,337,5,27,261,3007,20.460405826568604
mem0,74,dev_0102,7,4_00049,OK,,2,3228,856,4084,5,38,38,210,5,30,284,3345,24.233427047729492
mem0,74,dev_0102,8,16_00109,OK,,2,3171,693,3864,4,47,47,246,4,34,331,3809,19.962096691131592
mem0,74,dev_0102,9,6_00088,OK,,2,3101,597,3698,6,38,38,251,5,38,348,4254,17.619154691696167
mem0,74,dev_0102,10,9_00083,OK,,2,3278,1054,4332,6,63,63,191,6,44,411,4936,29.02678084373474
mem0,75,dev_0103,1,12_00053,OK,,2,3122,336,3458,5,74,74,379,5,5,74,582,10.09778118133545
mem0,75,dev_0103,2,7_00057,OK,,2,2996,406,3402,3,25,25,190,3,8,99,911,12.069195032119751
mem0,75,dev_0103,3,10_00080,OK,,2,3252,725,3977,7,53,53,341,7,15,152,1682,20.85503602027893
mem0,75,dev_0103,4,14_00012,OK,,2,3199,676,3875,8,65,65,293,9,20,188,2249,19.679173707962036
mem0,75,dev_0103,5,17_00012,OK,,2,3229,711,3940,4,41,41,280,4,24,229,2696,19.832695722579956
mem0,75,dev_0103,6,16_00099,OK,,2,3134,561,3695,4,29,29,254,4,27,253,3045,16.131716012954712
mem0,75,dev_0103,7,11_00122,OK,,2,3502,875,4377,5,82,82,425,5,32,335,3637,25.20810866355896
mem0,75,dev_0103,8,2_00094,OK,,2,3505,1065,4570,7,65,65,371,7,39,400,4417,30.130977869033813
mem0,75,dev_0103,9,11_00025,OK,,2,3335,841,4176,5,57,57,297,5,44,457,4988,23.589593410491943
mem0,76,dev_0104,1,8_00081,OK,,2,3048,402,3450,7,73,73,308,7,7,73,791,12.576033592224121
mem0,76,dev_0104,2,2_00109,OK,,2,3173,595,3768,7,59,59,301,6,12,113,1366,18.33670210838318
mem0,76,dev_0104,3,17_00032,OK,,2,3273,667,3940,4,42,42,343,4,16,155,1826,19.429401874542236
mem0,76,dev_0104,4,10_00104,OK,,2,3149,860,4009,9,51,51,220,9,25,206,2822,25.33136534690857
mem0,76,dev_0104,5,6_00019,OK,,2,3024,649,3673,6,30,30,172,6,30,232,3376,18.45628023147583
mem0,76,dev_0104,6,19_00049,OK,,2,3685,1373,5058,9,83,83,442,9,39,315,4373,39.71544170379639
mem0,77,dev_0105,1,5_00028,OK,,2,2742,108,2850,2,11,11,122,2,2,11,212,3.5724825859069824
mem0,77,dev_0105,2,10_00055,OK,,2,2933,309,3242,5,23,23,212,5,7,34,749,9.637690305709839
mem0,77,dev_0105,3,15_00088,OK,,2,3129,566,3695,5,56,56,269,5,12,90,1315,16.98603892326355
mem0,77,dev_0105,4,1_00012,OK,,2,3163,804,3967,6,72,72,215,4,16,117,1752,22.810970544815063
mem0,77,dev_0105,5,15_00014,OK,,2,3443,832,4275,7,75,75,451,7,23,192,2555,23.989161491394043
mem0,77,dev_0105,6,7_00012,OK,,2,2959,518,3477,2,21,21,110,2,25,213,2791,14.642919063568115
mem0,77,dev_0105,7,8_00008,OK,,2,3594,1058,4652,6,64,64,440,6,31,277,3477,30.613463878631592
mem0,77,dev_0105,8,12_00116,OK,,2,3077,550,3627,2,19,19,206,2,33,296,3705,16.14346170425415
mem0,77,dev_0105,9,6_00049,OK,,2,3262,1031,4293,7,62,62,204,7,39,351,4401,29.999301433563232
mem0,78,dev_0107,1,8_00119,OK,,2,3114,306,3420,5,54,54,386,5,5,54,564,9.082222700119019
mem0,78,dev_0107,2,19_00064,OK,,2,3247,543,3790,5,66,66,334,5,10,120,1129,16.476778030395508
mem0,78,dev_0107,3,20_00017,OK,,2,3337,724,4061,6,50,50,388,6,16,170,1797,20.570448875427246
mem0,78,dev_0107,4,13_00034,OK,,2,3169,709,3878,4,55,55,196,4,20,225,2267,19.827268600463867
mem0,78,dev_0107,5,15_00024,OK,,2,3654,1227,4881,9,106,106,483,8,28,300,3156,35.97038793563843
mem0,78,dev_0107,6,1_00072,OK,,2,3050,672,3722,5,32,32,143,5,32,319,3609,19.44305181503296
mem0,78,dev_0107,7,15_00121,OK,,2,3640,1645,5285,19,175,175,377,15,42,404,4815,48.220463275909424
mem0,78,dev_0107,8,11_00089,OK,,2,3271,714,3985,3,30,30,279,3,45,434,5147,20.31691861152649
mem0,79,dev_0108,1,12_00066,OK,,2,2969,218,3187,4,32,32,272,4,4,32,435,6.558736801147461
mem0,79,dev_0108,2,1_00048,OK,,2,2943,440,3383,6,36,36,193,5,8,55,886,13.576082468032837
mem0,79,dev_0108,3,4_00026,OK,,2,3275,686,3961,7,52,52,364,7,15,107,1655,20.347028493881226
mem0,79,dev_0108,4,17_00106,OK,,2,3590,962,4552,7,89,89,485,7,22,196,2453,27.306407690048218
mem0,79,dev_0108,5,9_00052,OK,,2,3294,838,4132,6,50,50,298,6,28,246,3117,24.629606008529663
mem0,79,dev_0108,6,2_00025,OK,,2,3058,491,3549,2,11,11,201,2,30,257,3330,13.327226161956787
mem0,79,dev_0108,7,7_00001,OK,,2,3158,786,3944,4,23,23,210,4,34,280,3767,22.788583040237427
mem0,79,dev_0108,8,10_00122,OK,,2,3230,1004,4234,7,56,56,216,7,41,336,4530,29.452444553375244
mem0,79,dev_0108,9,13_00079,OK,,2,3473,923,4396,8,74,74,454,8,47,400,5238,26.662214040756226
mem0,80,dev_0109,1,10_00044,OK,,2,2847,220,3067,4,33,33,182,4,4,33,436,7.0671164989471436
mem0,80,dev_0109,2,10_00016,OK,,2,2968,291,3259,2,23,23,213,2,6,56,657,7.944121599197388
mem0,80,dev_0109,3,15_00073,OK,,2,3219,560,3779,5,62,62,363,5,11,118,1236,16.762431859970093
mem0,80,dev_0109,4,20_00022,OK,,2,3409,833,4242,8,54,54,431,8,19,172,2099,24.27989411354065
mem0,80,dev_0109,5,18_00031,OK,,2,3669,1298,4967,12,86,86,510,11,29,244,3212,38.146562576293945
mem0,80,dev_0109,6,4_00024,OK,,2,3318,906,4224,5,35,35,289,5,34,279,3756,25.66713047027588
mem0,80,dev_0109,7,15_00003,OK,,2,3603,1360,4963,16,115,115,469,16,46,352,5150,40.235942363739014
mem0,80,dev_0109,8,17_00080,OK,,2,3659,1002,4661,7,55,55,541,7,51,396,5742,28.680569887161255
mem0,80,dev_0109,9,6_00046,OK,,2,3209,840,4049,4,28,28,191,3,54,421,6076,24.099157571792603
mem0,80,dev_0109,10,13_00072,OK,,2,3707,1587,5294,10,94,94,404,10,64,515,7198,46.184120178222656
mem0,81,dev_0110,1,18_00080,OK,,2,2902,412,3314,7,69,69,171,7,7,69,782,12.93288779258728
mem0,81,dev_0110,2,9_00107,OK,,2,3029,539,3568,5,23,23,189,5,12,92,1319,15.430835008621216
mem0,81,dev_0110,3,14_00038,OK,,2,3290,773,4063,7,45,45,329,7,19,137,2070,23.15091371536255
mem0,81,dev_0110,4,11_00078,OK,,2,3201,669,3870,4,45,45,261,4,23,182,2522,19.24266242980957
mem0,81,dev_0110,5,8_00013,OK,,2,3510,1177,4687,11,89,89,369,10,33,267,3619,33.71223497390747
mem0,81,dev_0110,6,7_00026,OK,,2,2873,420,3293,3,20,20,84,3,35,275,3844,12.346513748168945
mem0,81,dev_0110,7,7_00020,OK,,2,2861,412,3273,4,16,16,95,3,37,283,4074,11.434839010238647
mem0,81,dev_0110,8,5_00100,OK,,2,2950,401,3351,2,12,12,174,2,39,295,4300,10.973822593688965
mem0,81,dev_0110,9,14_00047,OK,,2,3598,1327,4925,9,73,73,371,9,48,368,5290,35.4654381275177
mem0,82,dev_0111,1,3_00095,OK,,2,2747,120,2867,2,20,20,128,2,2,20,211,3.776066303253174
mem0,82,dev_0111,2,2_00012,OK,,2,2820,229,3049,3,15,15,122,3,5,35,532,6.452540636062622
mem0,82,dev_0111,3,8_00037,OK,,2,3220,565,3785,7,57,57,370,7,12,92,1306,15.49693751335144
mem0,82,dev_0111,4,1_00067,OK,,2,3008,551,3559,3,15,15,151,3,15,107,1626,14.550690174102783
mem0,82,dev_0111,5,10_00081,OK,,2,3035,497,3532,3,38,38,206,3,18,145,1970,13.587901830673218
mem0,82,dev_0111,6,15_00074,OK,,2,3389,594,3983,6,53,53,459,5,22,190,2441,15.566458940505981
mem0,82,dev_0111,7,13_00084,OK,,2,3542,1055,4597,6,51,51,406,5,27,236,2997,28.448129177093506
mem0,82,dev_0111,8,1_00126,OK,,2,2944,593,3537,4,15,15,108,3,29,244,3229,15.503193616867065
mem0,82,dev_0111,9,6_00119,OK,,2,2933,401,3334,2,17,17,139,2,31,261,3448,10.328582048416138
mem0,82,dev_0111,10,13_00007,OK,,2,3285,998,4283,7,53,53,239,7,38,314,4220,25.789977312088013
mem0,83,dev_0112,1,9_00036,OK,,2,3058,224,3282,4,32,32,333,4,4,32,443,6.495457172393799
mem0,83,dev_0112,2,10_00024,OK,,2,3005,409,3414,5,31,31,232,5,9,63,984,11.574585199356079
mem0,83,dev_0112,3,14_00081,OK,,2,3259,695,3954,6,76,76,327,6,15,139,1675,18.212204933166504
mem0,83,dev_0112,4,3_00118,OK,,2,3002,515,3517,3,16,16,138,3,18,155,1990,12.545251369476318
mem0,83,dev_0112,5,5_00104,OK,,2,2886,452,3338,3,16,16,110,3,21,171,2317,11.5346097946167
mem0,83,dev_0112,6,20_00102,OK,,2,3299,916,4215,6,45,45,264,6,27,216,2982,22.850627183914185
mem0,83,dev_0112,7,12_00002,OK,,2,3721,1424,5145,12,138,138,498,11,37,340,4154,33.51066255569458
mem0,84,dev_0113,1,6_00087,OK,,2,3020,443,3463,8,59,59,275,7,7,45,757,10.940033435821533
mem0,84,dev_0113,2,10_00006,OK,,2,3133,485,3618,5,35,35,308,5,12,80,1296,11.057849645614624
mem0,84,dev_0113,3,3_00054,OK,,2,3194,565,3759,4,29,29,306,4,16,109,1737,12.926697492599487
mem0,84,dev_0113,4,9_00022,OK,,2,3326,805,4131,6,48,48,353,6,22,157,2391,17.868906021118164
mem0,84,dev_0113,5,5_00096,OK,,2,2821,378,3199,3,18,18,84,3,25,175,2716,8.561455488204956
mem0,84,dev_0113,6,15_00005,OK,,2,3391,982,4373,8,63,63,359,8,33,238,3588,21.210444688796997
mem0,84,dev_0113,7,13_00124,OK,,2,3434,830,4264,3,42,42,382,3,36,280,3929,17.920143127441406
mem0,85,dev_0114,1,8_00060,OK,,2,2949,212,3161,3,44,44,266,3,3,44,349,6.911887884140015
mem0,85,dev_0114,2,4_00123,OK,,2,2935,308,3243,3,21,21,174,3,6,65,681,9.15082573890686
mem0,85,dev_0114,3,5_00049,OK,,2,2868,335,3203,2,17,17,108,2,8,82,908,9.469269752502441
mem0,85,dev_0114,4,11_00011,OK,,2,3045,478,3523,2,23,23,192,2,10,105,1129,12.92180848121643
mem0,85,dev_0114,5,4_00096,OK,,2,3250,756,4006,13,107,107,311,7,17,172,1911,22.16652274131775
mem0,85,dev_0114,6,7_00019,OK,,2,3177,476,3653,2,21,21,310,2,19,193,2139,13.13427996635437
mem0,86,dev_0115,1,13_00061,OK,,2,3281,480,3761,8,91,91,481,8,8,91,907,14.219241857528687
mem0,86,dev_0115,2,7_00006,OK,,2,3005,465,3470,2,13,13,163,2,10,104,1132,12.989702463150024
mem0,86,dev_0115,3,16_00083,OK,,2,3251,761,4012,6,52,52,295,6,16,156,1783,21.7520911693573
mem0,86,dev_0115,4,6_00125,OK,,2,3014,431,3445,3,9,9,218,3,18,158,2016,12.454988241195679
mem0,86,dev_0115,5,14_00118,OK,,2,3454,887,4341,7,52,52,404,6,24,205,2681,25.62363839149475
mem0,87,dev_0116,1,13_00008,OK,,2,2831,539,3370,11,72,72,130,11,11,72,1194,17.848719835281372
mem0,87,dev_0116,2,5_00067,OK,,2,2751,251,3002,1,6,6,47,1,12,78,1302,7.1420958042144775
mem0,87,dev_0116,3,8_00054,OK,,2,3075,668,3743,5,55,55,166,5,16,130,1778,19.525187730789185
mem0,87,dev_0116,4,10_00106,OK,,2,3158,741,3899,7,46,46,211,7,23,176,2542,21.818914890289307
mem0,87,dev_0116,5,12_00068,OK,,2,3183,931,4114,6,40,40,162,6,29,216,3196,26.244386196136475
mem0,87,dev_0116,6,12_00031,OK,,2,3583,1151,4734,8,75,75,447,8,37,291,4092,33.40616273880005
mem0,87,dev_0116,7,6_00052,OK,,2,3395,830,4225,7,37,37,404,7,42,319,4666,24.072837591171265
mem0,88,dev_0117,1,20_00008,OK,,2,2984,300,3284,6,40,40,289,6,6,40,654,9.745744943618774
mem0,88,dev_0117,2,2_00101,OK,,2,3079,528,3607,7,33,33,255,7,12,70,1315,15.69386100769043
mem0,88,dev_0117,3,12_00097,OK,,2,3090,475,3565,3,28,28,250,3,15,98,1658,14.248485803604126
mem0,88,dev_0117,4,15_00061,OK,,2,3423,1009,4432,10,85,85,400,10,25,183,2772,29.421480417251587
mem0,88,dev_0117,5,10_00116,OK,,2,3150,574,3724,4,20,20,281,4,29,203,3190,16.2210910320282
mem0,88,dev_0117,6,17_00108,OK,,2,3531,1078,4609,7,75,75,429,7,36,278,3982,31.206166982650757
mem0,88,dev_0117,7,2_00050,OK,,2,3293,888,4181,7,59,59,302,5,40,306,4438,25.889023065567017
mem0,89,dev_0118,1,17_00122,OK,,2,3140,272,3412,4,54,54,375,4,4,54,462,8.312008619308472
mem0,89,dev_0118,2,12_00067,OK,,2,3304,480,3784,9,63,63,398,8,12,107,1330,15.177672147750854
mem0,89,dev_0118,3,15_00008,OK,,2,3626,901,4527,9,76,76,596,9,21,183,2308,26.589553833007812
mem0,89,dev_0118,4,5_00121,OK,,2,2984,602,3586,5,41,41,135,5,26,224,2858,17.9227557182312
mem0,89,dev_0118,5,14_00040,OK,,2,3327,783,4110,5,47,47,329,5,31,271,3414,21.74226951599121
mem0,89,dev_0118,6,9_00077,OK,,2,3230,832,4062,5,42,42,276,5,36,313,3963,24.591872930526733
mem0,89,dev_0118,7,11_00018,OK,,2,3344,1066,4410,11,81,81,259,9,43,365,4764,31.449456930160522
mem0,89,dev_0118,8,4_00100,OK,,2,3180,761,3941,4,36,36,233,4,47,401,5210,21.680225133895874
mem0,89,dev_0118,9,19_00108,OK,,2,3276,894,4170,4,40,40,236,4,51,441,5670,24.39223599433899
mem0,89,dev_0118,10,9_00103,OK,,2,3171,901,4072,4,50,50,161,4,55,491,6133,25.27592706680298
mem0,90,dev_0119,1,7_00034,OK,,2,3133,283,3416,5,47,47,414,5,5,47,552,9.013252973556519
mem0,90,dev_0119,2,10_00066,OK,,2,3137,475,3612,5,41,41,333,5,10,88,1110,13.649843215942383
mem0,90,dev_0119,3,19_00071,OK,,2,3504,747,4251,7,80,80,516,7,17,168,1894,22.027020692825317
mem0,90,dev_0119,4,20_00063,OK,,2,3163,725,3888,5,31,31,224,5,22,199,2426,20.617448091506958
mem0,90,dev_0119,5,17_00096,OK,,2,3687,993,4680,6,82,82,548,6,28,281,3120,27.938719272613525
mem0,90,dev_0119,6,5_00036,OK,,2,3096,543,3639,3,14,14,238,3,31,295,3447,16.209298372268677
mem0,90,dev_0119,7,5_00050,OK,,2,2985,452,3437,3,17,17,210,3,34,312,3776,11.959990739822388
mem0,90,dev_0119,8,6_00095,OK,,2,2973,472,3445,2,10,10,138,2,36,322,3991,14.118551015853882
mem0,90,dev_0119,9,1_00103,OK,,2,3326,851,4177,5,36,36,316,5,41,358,4542,24.004093408584595
mem0,91,dev_0120,1,12_00032,OK,,2,3170,361,3531,15,168,168,359,4,4,85,489,12.340120077133179
mem0,91,dev_0120,2,13_00089,OK,,2,3262,605,3867,7,55,55,344,7,11,140,1263,18.283593893051147
mem0,91,dev_0120,3,11_00009,OK,,2,3165,679,3844,3,23,23,197,3,14,163,1597,19.290191650390625
mem0,91,dev_0120,4,3_00049,OK,,2,3354,676,4030,5,50,50,372,5,18,208,2069,19.7542724609375
mem0,91,dev_0120,5,13_00110,OK,,2,3475,1053,4528,8,61,61,333,5,21,240,2428,30.824171781539917
mem0,92,dev_0122,1,8_00047,OK,,2,3310,725,4035,15,95,95,497,15,15,95,1650,23.13314127922058
mem0,92,dev_0122,2,20_00080,OK,,2,3296,759,4055,6,47,47,354,6,21,142,2306,21.02748465538025
mem0,92,dev_0122,3,18_00046,OK,,2,3291,908,4199,7,53,53,305,7,28,195,3064,26.438007593154907
mem0,92,dev_0122,4,9_00046,OK,,2,3100,506,3606,3,30,30,242,3,31,225,3388,14.16163182258606
mem0,92,dev_0122,5,16_00058,OK,,2,3270,825,4095,5,51,51,275,5,36,276,3954,23.138511180877686
mem0,93,dev_0124,1,9_00006,OK,,2,2963,296,3259,5,49,49,255,5,5,49,566,8.72868013381958
mem0,93,dev_0124,2,2_00048,OK,,2,3212,569,3781,6,65,65,334,6,11,114,1254,17.35710597038269
mem0,93,dev_0124,3,10_00127,OK,,2,3044,728,3772,6,36,36,137,6,17,150,1890,20.355533599853516
mem0,93,dev_0124,4,12_00033,OK,,2,3730,1297,5027,16,116,116,609,16,33,266,3635,38.216901779174805
mem0,93,dev_0124,5,10_00012,OK,,2,3166,765,3931,4,32,32,207,4,37,298,4076,22.110512495040894
mem0,93,dev_0124,6,5_00061,OK,,2,3026,576,3602,3,25,25,175,3,40,323,4408,16.649038553237915
mem0,94,dev_0126,1,14_00084,OK,,2,3090,306,3396,5,57,57,365,5,5,57,564,9.2859468460083
mem0,94,dev_0126,2,4_00021,OK,,2,2924,348,3272,3,18,18,146,3,8,75,889,10.442002058029175
mem0,94,dev_0126,3,17_00115,OK,,2,3740,802,4542,8,82,82,714,8,16,157,1778,22.99917769432068
mem0,94,dev_0126,4,19_00118,OK,,2,3302,700,4002,5,36,36,347,5,20,179,2229,20.581351280212402
mem0,94,dev_0126,5,11_00040,OK,,2,3246,816,4062,4,30,30,241,4,24,209,2683,22.58578109741211
mem0,94,dev_0126,6,12_00029,OK,,2,3467,1067,4534,10,80,80,390,10,33,286,3698,31.218957662582397
mem0,94,dev_0126,7,16_00080,OK,,2,3395,1148,4543,7,61,61,260,7,40,347,4480,32.658249616622925
mem0,94,dev_0126,8,19_00067,OK,,2,3901,1473,5374,8,88,88,564,8,48,435,5391,42.81342387199402
mem0,94,dev_0126,9,11_00027,OK,,2,3213,711,3924,3,23,23,237,3,51,458,5715,19.820902824401855
mem0,94,dev_0126,10,7_00062,OK,,2,3403,1023,4426,7,51,51,311,7,56,499,6300,29.682564973831177
mem0,95,dev_0127,1,15_00063,OK,,2,3079,308,3387,5,60,60,345,5,5,60,575,9.128957509994507
mem0,95,dev_0127,2,17_00091,OK,,2,3929,626,4555,8,56,56,944,8,13,116,1458,19.646137714385986
mem0,95,dev_0127,3,1_00120,OK,,2,3173,741,3914,7,46,46,261,5,16,135,1816,21.344104766845703
mem0,95,dev_0127,4,19_00115,OK,,2,3188,636,3824,5,46,46,299,13,13,122,1502,18.591541290283203
mem0,95,dev_0127,5,13_00112,OK,,2,3600,1010,4610,9,105,105,536,9,22,227,2523,29.31340217590332
mem0,96,dev_0128,1,19_00004,OK,,2,3105,498,3603,10,71,71,346,10,10,71,1086,15.733047008514404
mem0,96,dev_0128,2,6_00076,OK,,2,3127,666,3793,6,45,45,246,6,16,116,1738,19.209352254867554
mem0,96,dev_0128,3,8_00048,OK,,2,3444,780,4224,7,92,92,456,7,21,192,2358,23.173574924468994
mem0,96,dev_0128,4,11_00103,OK,,2,3516,662,4178,4,37,37,518,4,25,229,2814,19.014752864837646
mem0,96,dev_0128,5,14_00094,OK,,2,3378,1031,4409,6,72,72,287,6,31,301,3511,29.225378274917603
mem0,96,dev_0128,6,9_00089,OK,,2,3143,877,4020,5,46,46,180,5,36,347,4068,24.886937856674194
mem0,96,dev_0128,7,13_00064,OK,,2,3483,1093,4576,7,60,60,356,7,43,407,4832,31.48012924194336
mem0,96,dev_0128,8,5_00057,OK,,2,3105,737,3842,4,32,32,184,4,47,439,5273,20.89970588684082
mem0,97,dev_0130,1,10_00007,OK,,2,2830,180,3010,3,32,32,175,3,3,32,340,5.8866095542907715
mem0,97,dev_0130,2,7_00028,OK,,2,2881,342,3223,4,29,29,138,4,7,61,788,10.314947128295898
mem0,97,dev_0130,3,10_00032,OK,,2,3048,594,3642,6,42,42,206,6,13,103,1442,17.636393785476685
mem0,97,dev_0130,4,13_00118,OK,,2,3306,617,3923,5,48,48,352,5,18,151,1995,17.34406852722168
mem0,97,dev_0130,5,15_00091,OK,,2,3493,779,4272,11,108,108,484,5,23,209,2559,24.01782250404358
mem0,97,dev_0130,6,3_00086,OK,,2,2955,492,3447,3,26,26,112,3,26,235,2896,14.337105512619019
mem0,98,dev_0131,1,13_00095,OK,,2,3111,408,3519,7,73,73,341,7,7,73,786,12.379134893417358
mem0,98,dev_0131,2,1_00080,OK,,2,3166,444,3610,3,31,31,325,3,10,104,1126,12.844139575958252
mem0,98,dev_0131,3,2_00076,OK,,2,3265,855,4120,9,99,99,274,7,17,180,1916,24.98484778404236
mem0,98,dev_0131,4,15_00115,OK,,2,3426,822,4248,5,79,79,404,5,22,259,2514,23.614486932754517
mem0,98,dev_0131,5,9_00114,OK,,2,3172,910,4082,6,34,34,174,6,28,293,3167,26.312511682510376
mem0,98,dev_0131,6,12_00095,OK,,2,3335,939,4274,5,38,38,258,5,33,331,3724,27.728559255599976
mem0,98,dev_0131,7,13_00106,OK,,2,3487,1319,4806,11,74,74,296,11,40,383,4566,38.288143157958984
mem0,98,dev_0131,8,3_00059,OK,,2,3333,764,4097,5,30,30,305,4,43,407,4914,22.29398822784424
mem0,99,dev_0132,1,12_00030,OK,,2,3191,650,3841,13,72,72,409,12,12,66,1273,20.04622793197632
mem0,99,dev_0132,2,9_00096,OK,,2,3035,434,3469,3,30,30,233,3,15,96,1604,12.744598388671875
mem0,99,dev_0132,3,13_00113,OK,,2,3383,769,4152,5,77,77,391,5,20,173,2195,21.823344945907593
mem0,99,dev_0132,4,12_00125,OK,,2,3006,611,3617,4,28,28,152,4,23,194,2541,17.636922121047974
mem0,99,dev_0132,5,20_00057,OK,,2,3472,1166,4638,9,63,63,377,9,32,257,3522,34.29162311553955
mem0,99,dev_0132,6,5_00042,OK,,2,2871,383,3254,2,9,9,93,2,34,266,3742,10.74573040008545
mem0,99,dev_0132,7,13_00096,OK,,2,3512,1023,4535,5,50,50,399,5,39,316,4306,29.0811505317688
mem0,99,dev_0132,8,10_00010,OK,,2,3351,1140,4491,7,69,69,243,7,46,385,5085,33.09696936607361
mem0,99,dev_0132,9,13_00121,OK,,2,3559,1031,4590,6,79,79,442,6,52,464,5780,29.175382375717163
mem0,99,dev_0132,10,4_00016,OK,,2,2982,520,3502,2,18,18,140,2,54,482,5999,14.241357803344727
mem0,100,dev_0133,1,18_00070,OK,,2,2957,198,3155,3,37,37,277,3,3,37,337,6.177349328994751
mem0,100,dev_0133,2,11_00051,OK,,2,3080,407,3487,7,62,62,245,4,7,83,797,13.04173469543457
mem0,100,dev_0133,3,16_00005,OK,,2,3340,607,3947,5,48,48,413,5,12,131,1351,16.683106660842896
mem0,100,dev_0133,4,20_00013,OK,,2,3361,756,4117,5,41,41,366,5,17,172,1909,20.616082429885864
mem0,100,dev_0133,5,1_00002,OK,,2,3026,595,3621,4,27,27,159,4,21,199,2341,15.744486570358276
mem0,100,dev_0133,6,16_00108,OK,,2,3138,885,4023,6,30,30,166,6,27,229,2984,24.52374029159546
mem0,100,dev_0133,7,6_00063,OK,,2,3356,1025,4381,7,56,56,274,7,34,285,3758,26.75019407272339
mem0,101,dev_0134,1,2_00029,OK,,2,2910,152,3062,3,16,16,278,3,3,16,325,4.623758554458618
mem0,101,dev_0134,2,17_00111,OK,,2,3426,576,4002,7,86,86,507,7,10,102,1127,15.958679676055908
mem0,101,dev_0134,3,5_00003,OK,,2,2979,424,3403,2,13,13,139,2,12,115,1336,11.332109212875366
mem0,101,dev_0134,4,6_00010,OK,,2,2976,549,3525,4,27,27,136,4,16,142,1767,14.437351703643799
mem0,101,dev_0134,5,11_00047,OK,,2,3190,541,3731,2,25,25,262,2,18,167,1998,13.905522346496582
mem0,101,dev_0134,6,19_00070,OK,,2,3348,926,4274,8,56,56,312,8,26,223,2875,24.759872913360596
mem0,101,dev_0134,7,9_00080,OK,,2,3299,1136,4435,6,71,71,192,6,32,294,3564,28.877060174942017
mem0,101,dev_0134,8,12_00082,OK,,2,3348,939,4287,6,41,41,298,6,38,335,4218,24.54657816886902
mem0,102,dev_0135,1,11_00104,OK,,2,3022,138,3160,2,27,27,337,2,2,27,230,4.041277170181274
mem0,102,dev_0135,2,2_00040,OK,,2,3092,487,3579,7,86,86,279,3,5,64,569,9.971899509429932
mem0,102,dev_0135,3,13_00116,OK,,2,3262,323,3585,6,72,72,388,4,8,102,934,6.814794540405273
mem0,102,dev_0135,4,4_00122,OK,,2,2982,503,3485,4,34,34,138,4,12,136,1376,9.486597061157227
mem0,102,dev_0135,5,11_00012,OK,,2,3299,1059,4358,11,85,85,270,10,21,199,2366,23.523199319839478
mem0,102,dev_0135,6,8_00001,OK,,2,3632,1037,4669,11,92,92,538,11,32,291,3603,20.94463300704956
mem0,103,dev_0136,1,6_00073,OK,,2,3005,280,3285,5,42,42,303,5,5,42,555,6.148953437805176
mem0,103,dev_0136,2,9_00018,OK,,2,3089,404,3493,3,39,39,281,3,8,81,901,7.753525972366333
mem0,103,dev_0136,3,4_00065,OK,,2,3210,612,3822,5,38,38,308,5,13,119,1450,12.283731937408447
mem0,103,dev_0136,4,19_00001,OK,,2,3443,901,4344,8,48,48,414,8,21,167,2326,17.986296892166138
mem0,103,dev_0136,5,18_00109,OK,,2,3372,1114,4486,10,90,90,255,8,28,232,3130,22.24920892715454
mem0,103,dev_0136,6,12_00121,OK,,2,3103,692,3795,5,27,27,200,5,32,255,3583,13.425191879272461
mem0,103,dev_0136,7,10_00011,OK,,2,3069,832,3901,4,18,18,100,4,36,273,4020,15.851756572723389
mem0,103,dev_0136,8,5_00072,OK,,2,2815,250,3065,1,7,7,103,1,37,280,4133,4.833174228668213
mem0,103,dev_0136,9,13_00035,OK,,2,3526,1255,4781,9,81,81,380,9,46,361,5132,24.88464331626892
mem0,103,dev_0136,10,11_00005,OK,,2,3179,830,4009,6,55,55,213,6,50,393,5591,16.875253438949585
mem0,104,dev_0137,1,18_00048,OK,,2,3107,322,3429,6,50,50,364,6,6,50,657,7.22564959526062
mem0,104,dev_0137,2,16_00077,OK,,2,3065,480,3545,5,45,45,243,5,11,95,1208,10.118369817733765
mem0,104,dev_0137,3,16_00017,OK,,2,3612,969,4581,10,80,80,578,10,21,175,2304,19.820473194122314
mem0,104,dev_0137,4,9_00076,OK,,2,3118,714,3832,3,31,31,182,3,24,206,2644,13.678200483322144
mem0,104,dev_0137,5,16_00116,OK,,2,3208,724,3932,4,26,26,243,3,27,226,2968,14.088222980499268
mem0,104,dev_0137,6,4_00112,OK,,2,3167,817,3984,5,28,28,200,5,32,254,3497,15.729651927947998
mem0,104,dev_0137,7,14_00095,OK,,2,3309,1056,4365,8,91,91,246,8,39,333,4304,20.866917848587036
mem0,104,dev_0137,8,1_00010,OK,,2,3366,1124,4490,9,71,71,289,9,48,404,5293,21.8455970287323
mem0,104,dev_0137,9,9_00013,OK,,2,3398,961,4359,6,49,49,296,5,51,433,5673,19.019268035888672
mem0,105,dev_0138,1,13_00111,OK,,2,3261,278,3539,4,57,57,505,4,4,57,463,5.810431480407715
mem0,105,dev_0138,2,4_00108,OK,,2,2963,432,3395,4,35,35,142,4,8,92,910,9.02212643623352
mem0,105,dev_0138,3,12_00122,OK,,2,3000,472,3472,3,36,36,176,3,11,128,1239,9.050634145736694
mem0,105,dev_0138,4,1_00115,OK,,2,3317,662,3979,7,54,54,399,7,17,167,1914,13.263191223144531
mem0,105,dev_0138,5,11_00123,OK,,2,3780,1407,5187,14,126,126,572,14,31,293,3474,28.30486822128296
mem0,105,dev_0138,6,3_00031,OK,,2,3068,565,3633,3,34,34,181,3,34,327,3819,10.776930093765259
mem0,106,dev_0139,1,3_00115,OK,,2,2836,116,2952,2,16,16,204,2,2,16,220,2.6828579902648926
mem0,106,dev_0139,2,15_00007,OK,,2,3273,550,3823,9,72,72,447,9,11,88,1219,11.577762365341187
mem0,106,dev_0139,3,5_00074,OK,,2,2963,451,3414,2,20,20,151,2,13,108,1441,8.493517398834229
mem0,106,dev_0139,4,3_00042,OK,,2,3120,751,3871,6,39,39,201,6,19,147,2087,14.611713171005249
mem0,106,dev_0139,5,15_00105,OK,,2,3331,625,3956,4,51,51,400,4,23,198,2543,12.122388124465942
mem0,106,dev_0139,6,8_00002,OK,,2,3590,1038,4628,9,99,99,487,9,32,297,3565,20.27771759033203
mem0,106,dev_0139,7,14_00006,OK,,2,3442,1166,4608,10,80,80,348,8,38,350,4269,22.91484546661377
mem0,107,dev_0140,1,4_00113,OK,,2,2897,338,3235,6,49,49,199,6,6,49,660,7.362791538238525
mem0,107,dev_0140,2,5_00125,OK,,2,2995,599,3594,7,46,46,170,7,13,95,1422,11.880766153335571
mem0,107,dev_0140,3,17_00011,OK,,2,3241,669,3910,5,57,57,338,5,18,152,1994,12.954102754592896
mem0,107,dev_0140,4,16_00018,OK,,2,3244,583,3827,4,46,46,311,4,22,198,2447,11.438362121582031
mem0,107,dev_0140,5,2_00015,OK,,2,3006,381,3387,3,37,37,220,3,24,215,2689,7.6645307540893555
mem0,107,dev_0140,6,2_00004,OK,,2,3066,805,3871,6,43,43,143,5,28,234,3130,15.697477340698242
mem0,107,dev_0140,7,19_00088,OK,,2,3313,885,4198,5,73,73,284,5,33,307,3718,16.8203387260437
mem0,107,dev_0140,8,2_00028,OK,,2,3124,688,3812,5,41,41,211,4,36,337,4076,13.388335466384888
mem0,107,dev_0140,9,15_00042,OK,,2,3712,904,4616,5,101,101,582,5,40,419,4581,17.370787382125854
mem0,108,dev_0142,1,20_00085,OK,,2,3061,478,3539,9,70,70,307,9,9,70,988,10.43213677406311
mem0,108,dev_0142,2,12_00064,OK,,2,3057,565,3622,3,33,33,179,3,12,103,1328,11.13794469833374
mem0,108,dev_0142,3,8_00103,OK,,2,3161,735,3896,6,54,54,240,5,16,137,1792,14.631033658981323
mem0,108,dev_0142,4,16_00014,OK,,2,3505,766,4271,11,174,174,461,4,20,217,2289,16.266228914260864
mem0,108,dev_0142,5,1_00102,OK,,2,3259,969,4228,8,44,44,241,8,28,261,3167,19.256349086761475
mem0,108,dev_0142,6,1_00063,OK,,2,3063,672,3735,5,29,29,125,3,29,274,3322,13.118165254592896
mem0,108,dev_0142,7,9_00088,OK,,2,3041,790,3831,5,20,20,117,5,34,294,3853,15.202240228652954
mem0,108,dev_0142,8,10_00058,OK,,2,3038,501,3539,4,24,24,238,4,38,318,4277,9.827096939086914
mem0,108,dev_0142,9,2_00112,OK,,2,3148,673,3821,3,25,25,213,3,41,343,4606,12.50112247467041
mem0,108,dev_0142,10,6_00067,OK,,2,3363,905,4268,9,60,60,294,6,44,370,5001,17.81936502456665
mem0,109,dev_0143,1,5_00009,OK,,2,2826,112,2938,2,13,13,182,2,2,13,218,2.50675892829895
mem0,109,dev_0143,2,6_00080,OK,,2,3150,429,3579,6,57,57,348,6,8,70,881,8.984057664871216
mem0,109,dev_0143,3,13_00013,OK,,2,3058,417,3475,3,15,15,226,3,11,85,1204,8.050180435180664
mem0,109,dev_0143,4,14_00126,OK,,2,3408,805,4213,7,74,74,440,7,18,159,1996,15.922018051147461
mem0,109,dev_0143,5,11_00111,OK,,2,3428,1093,4521,12,95,95,361,11,29,251,3211,21.71413230895996
mem0,109,dev_0143,6,10_00063,OK,,2,3126,664,3790,4,25,25,237,4,33,276,3650,13.16917109489441
mem0,109,dev_0143,7,4_00107,OK,,2,3281,924,4205,4,46,46,234,4,37,322,4110,17.307982921600342
mem0,109,dev_0143,8,4_00055,OK,,2,3248,860,4108,8,60,60,288,10,41,362,4610,17.34059977531433
mem0,109,dev_0143,9,6_00123,OK,,2,3134,639,3773,3,30,30,211,3,44,392,4940,12.140913248062134
mem0,110,dev_0144,1,10_00089,OK,,2,2977,324,3301,6,51,51,276,6,6,51,688,6.881047248840332
mem0,110,dev_0144,2,12_00071,OK,,2,3169,559,3728,6,43,43,294,6,12,94,1352,11.583791971206665
mem0,110,dev_0144,3,7_00053,OK,,2,3149,572,3721,10,76,76,277,5,16,136,1816,11.902830600738525
mem0,110,dev_0144,4,19_00003,OK,,2,3276,728,4004,7,52,52,329,7,23,188,2589,14.215655326843262
mem0,110,dev_0144,5,13_00012,OK,,2,3044,542,3586,3,30,30,202,3,26,218,2927,10.702158689498901
mem0,110,dev_0144,6,1_00074,OK,,2,3119,881,4000,6,43,43,157,6,31,247,3490,17.10646653175354
mem0,110,dev_0144,7,15_00126,OK,,2,3535,1252,4787,9,110,110,400,7,38,324,4295,24.482423782348633
mem0,110,dev_0144,8,11_00100,OK,,2,3533,1184,4717,6,52,52,347,6,44,376,4958,22.441511631011963
mem0,111,dev_0145,1,11_00074,OK,,2,2946,242,3188,4,40,40,254,4,4,40,449,5.387094020843506
mem0,111,dev_0145,2,5_00080,OK,,2,2787,280,3067,2,11,11,63,2,6,51,667,5.304459810256958
mem0,111,dev_0145,3,18_00084,OK,,2,3069,503,3572,4,48,48,229,4,10,99,1131,10.042899370193481
mem0,111,dev_0145,4,4_00116,OK,,2,3060,417,3477,2,18,18,218,2,12,117,1351,8.100656747817993
mem0,111,dev_0145,5,13_00114,OK,,2,3512,826,4338,8,64,64,504,7,18,170,2036,16.7589213848114
mem0,111,dev_0145,6,6_00058,OK,,2,3388,1109,4497,7,55,55,256,7,25,225,2797,21.604668140411377
mem0,111,dev_0145,7,5_00058,OK,,2,3225,951,4176,6,51,51,213,6,31,276,3464,18.34556818008423
mem0,111,dev_0145,8,5_00087,OK,,2,2753,298,3051,2,15,15,46,2,33,291,3680,5.966278076171875
mem0,111,dev_0145,9,14_00030,OK,,2,3600,1368,4968,12,78,78,365,12,43,357,4813,26.93662405014038
mem0,111,dev_0145,10,20_00076,OK,,2,3359,977,4336,5,62,62,313,5,48,419,5371,18.735223293304443
mem0,112,dev_0146,1,14_00074,OK,,2,3022,324,3346,6,55,55,320,6,6,55,670,7.203752517700195
mem0,112,dev_0146,2,17_00100,OK,,2,3658,775,4433,10,84,84,660,10,16,139,1781,16.267301559448242
mem0,112,dev_0146,3,1_00081,OK,,2,3214,728,3942,6,44,44,280,6,21,174,2349,14.556515455245972
mem0,112,dev_0146,4,8_00033,OK,,2,3573,1149,4722,10,76,76,438,10,31,250,3446,23.00797724723816
mem0,112,dev_0146,5,2_00044,OK,,2,3365,843,4208,9,86,86,328,7,35,286,3950,17.07626962661743
mem0,113,dev_0147,1,9_00125,OK,,2,2996,270,3266,5,41,41,321,5,5,41,551,6.218065023422241
mem0,113,dev_0147,2,3_00000,OK,,2,2885,497,3382,6,37,37,108,3,8,63,884,10.111455202102661
mem0,113,dev_0147,3,11_00035,OK,,2,3039,460,3499,3,26,26,205,3,11,89,1214,9.105318546295166
mem0,113,dev_0147,4,1_00032,OK,,2,3186,658,3844,5,31,31,293,5,16,120,1755,12.661118507385254
mem0,113,dev_0147,5,20_00078,OK,,2,3247,770,4017,6,56,56,304,6,22,176,2425,15.366555452346802
mem0,113,dev_0147,6,13_00090,OK,,2,3387,785,4172,4,44,44,368,4,26,220,2879,15.158416032791138
mem0,113,dev_0147,7,6_00114,OK,,2,3122,675,3797,4,24,24,213,4,30,244,3321,13.102560043334961
mem0,113,dev_0147,8,16_00059,OK,,2,3497,908,4405,6,44,44,471,6,35,283,3892,17.962548971176147
mem0,113,dev_0147,9,17_00082,OK,,2,3709,1253,4962,8,86,86,473,8,43,369,4793,25.20064687728882
mem0,113,dev_0147,10,10_00071,OK,,2,3037,665,3702,4,36,36,151,4,47,405,5239,12.718326568603516
mem0,114,dev_0148,1,6_00072,OK,,2,3017,300,3317,5,48,48,296,5,5,48,565,6.892371892929077
mem0,114,dev_0148,2,12_00114,OK,,2,3137,438,3575,4,35,35,314,4,9,83,1029,8.667325496673584
mem0,114,dev_0148,3,6_00109,OK,,2,3006,449,3455,2,14,14,177,2,11,97,1255,8.742215156555176
mem0,114,dev_0148,4,18_00061,OK,,2,3236,691,3927,4,38,38,289,4,15,135,1699,13.559080362319946
mem0,114,dev_0148,5,2_00054,OK,,2,3307,871,4178,7,66,66,301,7,22,201,2480,17.078575372695923
mem0,114,dev_0148,6,2_00046,OK,,2,3236,821,4057,7,66,66,277,7,29,267,3267,16.429059267044067
mem0,114,dev_0148,7,20_00059,OK,,2,3387,1146,4533,8,53,53,280,8,37,320,4149,22.541409969329834
mem0,115,dev_0149,1,14_00020,OK,,2,3012,334,3346,7,37,37,308,7,7,37,762,8.300248384475708
mem0,115,dev_0149,2,12_00037,OK,,2,3359,797,4156,11,99,99,398,9,15,117,1686,17.255030632019043
mem0,115,dev_0149,3,16_00120,OK,,2,3269,837,4106,5,41,41,276,5,20,158,2234,16.343316078186035
mem0,115,dev_0149,4,19_00021,OK,,2,3490,982,4472,8,57,57,458,8,28,215,3119,20.56205105781555
mem0,115,dev_0149,5,16_00024,OK,,2,3409,836,4245,5,46,46,353,4,31,254,3475,16.822693586349487
mem0,115,dev_0149,6,17_00003,OK,,2,3239,874,4113,6,35,35,232,6,36,285,4043,17.057639837265015
mem0,115,dev_0149,7,5_00073,OK,,2,2857,469,3326,2,17,17,65,2,38,302,4270,8.798207521438599
mem0,115,dev_0149,8,10_00051,OK,,2,3147,740,3887,5,43,43,237,5,43,345,4827,13.940475940704346
mem0,115,dev_0149,9,4_00059,OK,,2,3420,873,4293,5,33,33,403,5,48,378,5389,16.033649444580078
mem0,115,dev_0149,10,12_00075,OK,,2,3242,1071,4313,6,29,29,171,6,54,407,6040,19.5166974067688
mem0,116,dev_0150,1,3_00104,OK,,2,2741,112,2853,2,13,13,116,2,2,13,222,2.3935439586639404
mem0,116,dev_0150,2,5_00056,OK,,2,2842,227,3069,3,16,16,140,3,5,29,539,4.466571569442749
mem0,116,dev_0150,3,20_00109,OK,,2,3424,591,4015,8,55,55,573,8,13,84,1416,12.504749774932861
mem0,116,dev_0150,4,4_00020,OK,,2,2991,433,3424,2,17,17,180,2,15,101,1636,8.055745363235474
mem0,116,dev_0150,5,19_00113,OK,,2,3293,804,4097,5,50,50,325,5,20,151,2192,14.72389006614685
mem0,116,dev_0150,6,18_00114,OK,,2,3430,1138,4568,9,68,68,349,9,29,219,3179,21.3287832736969
mem0,116,dev_0150,7,11_00042,OK,,2,3127,707,3834,4,24,24,206,4,33,243,3619,12.804346084594727
mem0,116,dev_0150,8,8_00074,OK,,2,3284,744,4028,6,39,39,341,6,37,271,4095,13.830831289291382
mem0,116,dev_0150,9,2_00026,OK,,2,2990,492,3482,3,21,21,159,3,39,286,4327,9.070232152938843
mem0,116,dev_0150,10,3_00003,OK,,2,2975,604,3579,3,33,33,101,3,42,319,4665,11.078510999679565
mem0,117,dev_0152,1,6_00020,OK,,2,2833,192,3025,4,19,19,184,4,4,19,433,4.31038761138916
mem0,117,dev_0152,2,14_00045,OK,,2,3167,399,3566,4,45,45,342,4,8,64,893,7.7621166706085205
mem0,117,dev_0152,3,5_00013,OK,,2,3084,509,3593,3,28,28,231,3,11,92,1227,9.547890424728394
mem0,117,dev_0152,4,4_00035,OK,,2,3021,459,3480,3,21,21,182,3,14,113,1566,8.501458644866943
mem0,117,dev_0152,5,1_00016,OK,,2,3046,640,3686,5,34,34,171,5,19,147,2119,11.637048959732056
mem0,117,dev_0152,6,3_00014,OK,,2,2911,449,3360,3,20,20,98,2,21,162,2342,8.298116683959961
mem0,117,dev_0152,7,5_00052,OK,,2,3017,634,3651,3,23,23,113,3,24,185,2673,11.398331880569458
mem0,117,dev_0152,8,20_00089,OK,,2,3449,1121,4570,8,53,53,340,8,32,238,3530,20.64449167251587
mem0,117,dev_0152,9,1_00090,OK,,2,3328,890,4218,6,47,47,322,6,38,285,4193,16.29390811920166
mem0,117,dev_0152,10,16_00123,OK,,2,3356,976,4332,5,40,40,302,5,43,325,4741,17.717344760894775
mem0,118,dev_0153,1,14_00087,OK,,2,3173,366,3539,6,71,71,424,6,6,71,679,8.032731056213379
mem0,118,dev_0153,2,10_00092,OK,,2,3091,580,3671,6,45,45,229,6,12,116,1336,11.017325162887573
mem0,118,dev_0153,3,12_00090,OK,,2,3310,675,3985,5,45,45,361,5,17,161,1890,12.47676157951355
mem0,118,dev_0153,4,5_00046,OK,,2,2869,411,3280,2,12,12,71,2,19,173,2103,7.529121160507202
mem0,118,dev_0153,5,20_00067,OK,,2,3398,1116,4514,9,71,71,324,9,28,244,3100,20.61930799484253
mem0,118,dev_0153,6,12_00073,OK,,2,3406,1070,4476,9,73,73,322,9,37,317,4095,20.222753763198853
mem0,118,dev_0153,7,19_00109,OK,,2,3438,934,4372,5,54,54,358,5,42,371,4651,17.139856100082397
mem0,119,dev_0154,1,13_00101,OK,,2,3064,266,3330,5,38,38,348,5,5,38,557,9.009955644607544
mem0,119,dev_0154,2,4_00052,OK,,2,3012,461,3473,5,37,37,214,5,10,75,1107,13.510496854782104
mem0,119,dev_0154,3,20_00101,OK,,2,3401,733,4134,7,55,55,476,7,17,130,1880,20.727460145950317
mem0,119,dev_0154,4,12_00056,OK,,2,3526,1106,4632,12,68,68,458,12,27,183,2998,31.10279679298401
mem0,119,dev_0154,5,9_00112,OK,,2,3170,922,4092,5,36,36,194,5,32,219,3547,25.475321769714355
mem0,119,dev_0154,6,6_00033,OK,,2,3349,868,4217,8,61,61,322,8,36,253,4014,25.376800537109375
mem0,119,dev_0154,7,4_00097,OK,,2,3291,747,4038,4,33,33,313,4,40,286,4450,21.25185465812683
mem0,120,dev_0155,1,11_00024,OK,,2,2955,268,3223,5,40,40,271,5,5,40,560,8.172991275787354
mem0,120,dev_0155,2,20_00049,OK,,2,3099,469,3568,5,43,43,273,5,10,83,1107,14.194226026535034
mem0,120,dev_0155,3,6_00040,OK,,2,3176,655,3831,7,72,72,273,6,14,130,1607,18.732876300811768
mem0,120,dev_0155,4,18_00012,OK,,2,3753,1100,4853,10,89,89,650,10,24,219,2714,32.11255764961243
mem0,120,dev_0155,5,1_00006,OK,,2,3178,806,3984,6,39,39,240,6,30,258,3367,22.667620182037354
mem0,120,dev_0155,6,3_00058,OK,,2,3004,478,3482,2,21,21,152,2,32,279,3593,13.607726812362671
mem0,120,dev_0155,7,18_00029,OK,,2,3425,963,4388,7,53,53,367,7,39,332,4366,28.341744899749756
mem0,120,dev_0155,8,15_00112,OK,,2,3526,1210,4736,7,74,74,356,7,46,406,5157,34.27749943733215
mem0,120,dev_0155,9,7_00045,OK,,2,3306,841,4147,6,52,52,302,6,50,438,5607,24.293876886367798
mem0,120,dev_0155,10,3_00101,OK,,2,3232,825,4057,5,37,37,262,5,54,466,6049,23.322147846221924
mem0,121,dev_0156,1,6_00028,OK,,2,2825,250,3075,5,30,30,167,5,5,30,546,7.885178565979004
mem0,121,dev_0156,2,3_00091,OK,,2,2841,319,3160,2,19,19,101,2,7,49,765,9.372923612594604
mem0,121,dev_0156,3,1_00004,OK,,2,2997,423,3420,4,31,31,196,4,11,80,1206,12.166150569915771
mem0,121,dev_0156,4,19_00061,OK,,2,3381,903,4284,10,90,90,398,10,21,170,2320,26.70734190940857
mem0,121,dev_0156,5,1_00079,OK,,2,3306,941,4247,9,58,58,333,9,30,228,3304,27.516388654708862
mem0,121,dev_0156,6,1_00052,OK,,2,2952,500,3452,5,26,26,133,5,31,237,3460,14.436473369598389
mem0,121,dev_0156,7,9_00012,OK,,2,3390,896,4286,5,55,55,338,5,36,292,4023,25.422790050506592
mem0,121,dev_0156,8,13_00065,OK,,2,3480,1043,4523,6,69,69,370,6,42,361,4701,29.3559250831604
mem0,121,dev_0156,9,16_00090,OK,,2,3425,1333,4758,10,66,66,262,10,52,427,5800,38.94554018974304
mem0,122,dev_0158,1,4_00071,OK,,2,3091,346,3437,7,45,45,391,7,7,45,765,10.692382574081421
mem0,122,dev_0158,2,1_00038,OK,,2,2901,437,3338,3,24,24,120,3,10,69,1107,13.309546947479248
mem0,122,dev_0158,3,5_00051,OK,,2,2839,386,3225,2,13,13,75,2,12,82,1324,10.603169202804565
mem0,122,dev_0158,4,4_00072,OK,,2,3239,620,3859,5,39,39,317,5,17,121,1870,17.90710163116455
mem0,122,dev_0158,5,1_00023,OK,,2,3137,717,3854,5,41,41,235,5,22,162,2419,20.82538366317749
mem0,122,dev_0158,6,5_00079,OK,,2,2941,631,3572,4,22,22,93,4,26,184,2853,18.36101794242859
mem0,122,dev_0158,7,18_00069,OK,,2,3314,875,4189,5,55,55,293,5,31,239,3426,25.246191263198853
mem0,123,dev_0160,1,11_00044,OK,,2,2897,244,3141,4,38,38,212,4,4,38,440,7.294184684753418
mem0,123,dev_0160,2,13_00067,OK,,2,3110,409,3519,4,41,41,297,4,8,79,894,11.883553981781006
mem0,123,dev_0160,3,7_00022,OK,,2,2945,457,3402,5,29,29,131,3,11,99,1224,13.718986749649048
mem0,123,dev_0160,4,10_00013,OK,,2,2991,562,3553,4,20,20,138,4,15,119,1648,16.31822180747986
mem0,123,dev_0160,5,16_00031,OK,,2,3434,791,4225,10,67,67,445,9,23,177,2546,23.77430295944214
mem0,123,dev_0160,6,5_00033,OK,,2,2881,508,3389,3,15,15,68,3,26,192,2861,13.798141241073608
mem0,124,dev_0161,1,7_00003,OK,,2,2808,198,3006,3,38,38,157,3,3,38,356,6.100254535675049
mem0,124,dev_0161,2,10_00070,OK,,2,2986,337,3323,4,27,27,227,4,7,65,797,10.320616483688354
mem0,124,dev_0161,3,2_00066,OK,,2,3184,576,3760,6,54,54,296,6,13,119,1470,16.253559350967407
mem0,124,dev_0161,4,9_00043,OK,,2,3302,663,3965,7,48,48,354,6,17,139,1937,20.050647020339966
mem0,124,dev_0161,5,5_00008,OK,,2,3082,685,3767,5,41,41,176,5,22,180,2483,20.349757432937622
mem0,124,dev_0161,6,12_00083,OK,,2,3273,889,4162,5,35,35,252,5,27,215,3030,25.442551136016846
mem0,125,dev_0162,1,11_00007,OK,,2,2889,110,2999,2,11,11,238,2,2,11,217,3.705932855606079
mem0,125,dev_0162,2,14_00050,OK,,2,3128,292,3420,3,45,45,364,3,5,56,570,8.709901094436646
mem0,125,dev_0162,3,3_00079,OK,,2,2932,336,3268,2,14,14,146,2,7,70,802,10.092008352279663
mem0,125,dev_0162,4,14_00025,OK,,2,3215,559,3774,5,34,34,347,5,12,104,1352,16.099010467529297
mem0,125,dev_0162,5,16_00020,OK,,2,3453,981,4434,10,70,70,411,10,22,174,2449,29.173836946487427
mem0,125,dev_0162,6,9_00068,OK,,2,3419,1021,4440,7,58,58,337,7,29,232,3230,29.340722799301147
mem0,125,dev_0162,7,8_00098,OK,,2,3326,1065,4391,7,59,59,256,7,36,291,3996,29.618265628814697
mem0,125,dev_0162,8,2_00121,OK,,2,3199,776,3975,4,40,40,231,4,40,331,4449,22.08956789970398
mem0,125,dev_0162,9,18_00086,OK,,2,3191,966,4157,5,50,50,148,5,45,381,5007,27.423055171966553
mem0,125,dev_0162,10,12_00118,OK,,2,3285,856,4141,4,36,36,276,4,49,417,5459,23.976016998291016
mem0,126,dev_0163,1,8_00086,OK,,2,2964,326,3290,6,50,50,257,6,6,50,660,10.136305093765259
mem0,126,dev_0163,2,16_00110,OK,,2,3083,462,3545,4,33,33,260,4,10,83,1101,12.99946928024292
mem0,126,dev_0163,3,6_00014,OK,,2,2951,445,3396,3,25,25,159,3,13,108,1434,13.524925708770752
mem0,126,dev_0163,4,18_00101,OK,,2,3354,779,4133,5,60,60,366,5,18,168,2004,22.04324984550476
mem0,126,dev_0163,5,15_00089,OK,,2,3373,835,4208,7,72,72,386,7,25,240,2799,24.468017101287842
mem0,126,dev_0163,6,16_00093,OK,,2,3438,1055,4493,8,60,60,349,8,33,300,3678,30.38299059867859
mem0,126,dev_0163,7,14_00054,OK,,2,3470,1141,4611,7,44,44,329,6,39,340,4331,32.87350511550903
mem0,126,dev_0163,8,17_00075,OK,,2,4192,1959,6151,20,164,164,668,16,52,454,5841,58.17872095108032
mem0,127,dev_0164,1,11_00071,OK,,2,3045,248,3293,4,46,46,336,3,3,31,342,7.7454750537872314
mem0,127,dev_0164,2,5_00048,OK,,2,2885,283,3168,3,17,17,164,3,6,48,677,7.942524671554565
mem0,127,dev_0164,3,15_00096,OK,,2,3204,568,3772,5,55,55,312,5,11,103,1246,16.871182918548584
mem0,127,dev_0164,4,19_00105,OK,,2,3247,674,3921,5,45,45,317,5,16,148,1804,20.614373683929443
mem0,127,dev_0164,5,11_00069,OK,,2,3308,660,3968,5,52,52,323,3,19,191,2152,18.886221408843994
mem0,128,dev_0165,1,16_00037,OK,,2,3161,368,3529,7,56,56,424,7,7,56,766,12.3123037815094
mem0,128,dev_0165,2,13_00069,OK,,2,3388,721,4109,8,73,73,487,8,15,129,1652,20.887022733688354
mem0,128,dev_0165,3,13_00040,OK,,2,3285,760,4045,5,66,66,324,4,19,181,2110,22.164517879486084
mem0,128,dev_0165,4,16_00056,OK,,2,3421,840,4261,5,53,53,400,5,24,234,2662,24.48387098312378
mem0,128,dev_0165,5,20_00069,OK,,2,3099,662,3761,3,32,32,149,3,27,266,2990,19.464162826538086
mem0,128,dev_0165,6,8_00034,OK,,2,3817,1444,5261,11,103,103,519,11,38,369,4215,43.5588014125824
mem0,128,dev_0165,7,5_00055,OK,,2,2870,326,3196,3,18,18,97,2,39,374,4346,9.410040616989136
mem0,129,dev_0166,1,19_00122,OK,,2,3015,286,3301,5,50,50,317,5,5,50,559,8.696081638336182
mem0,129,dev_0166,2,4_00012,OK,,2,3191,479,3670,5,40,40,357,5,10,90,1121,14.661354303359985
mem0,129,dev_0166,3,4_00078,OK,,2,3311,668,3979,6,45,45,388,5,15,123,1658,19.66341733932495
mem0,129,dev_0166,4,20_00058,OK,,2,3453,866,4319,6,37,37,446,6,21,160,2317,24.896408557891846
mem0,129,dev_0166,5,15_00041,OK,,2,3428,868,4296,14,165,165,321,2,23,233,2599,26.96565055847168
mem0,129,dev_0166,6,1_00073,OK,,2,3018,597,3615,5,32,32,133,4,25,251,2856,16.738483428955078
mem0,129,dev_0166,7,3_00078,OK,,2,2769,251,3020,1,6,6,64,1,26,257,2962,7.142074823379517
mem0,129,dev_0166,8,12_00080,OK,,2,3310,1070,4380,9,59,59,241,8,32,303,3642,30.920353174209595
mem0,130,dev_0168,1,18_00041,OK,,2,3350,498,3848,9,90,90,586,9,9,90,1011,15.30098581314087
mem0,130,dev_0168,2,9_00079,OK,,2,3154,690,3844,6,64,64,218,6,15,154,1690,20.51781177520752
mem0,130,dev_0168,3,4_00081,OK,,2,3153,557,3710,3,26,26,247,3,18,180,2022,15.797776937484741
mem0,130,dev_0168,4,16_00044,OK,,2,3574,998,4572,9,56,56,498,9,27,236,3004,28.62696647644043
mem0,130,dev_0168,5,14_00026,OK,,2,3421,912,4333,8,78,78,416,8,35,314,3890,26.943996906280518
mem0,131,dev_0169,1,19_00045,OK,,2,3171,444,3615,8,76,76,419,8,8,76,897,14.793160200119019
mem0,131,dev_0169,2,2_00047,OK,,2,3100,598,3698,5,35,35,227,5,13,111,1452,17.61027240753174
mem0,131,dev_0169,3,12_00007,OK,,2,3369,738,4107,8,85,85,383,7,15,137,1738,22.059324502944946
mem0,131,dev_0169,4,20_00034,OK,,2,3636,932,4568,7,57,57,578,7,22,194,2515,26.584712505340576
mem0,131,dev_0169,5,11_00081,OK,,2,3426,983,4409,6,54,54,322,6,28,248,3200,28.1899836063385
mem0,131,dev_0169,6,7_00021,OK,,2,3019,630,3649,3,23,23,124,3,31,271,3525,17.97799301147461
mem0,132,dev_0170,1,13_00103,OK,,2,3056,306,3362,5,53,53,345,5,5,53,559,9.567912578582764
mem0,132,dev_0170,2,3_00097,OK,,1,1095,6,1101,0,0,0,115,0,5,53,559,0.2245633602142334
mem0,132,dev_0170,3,14_00071,OK,,2,3212,558,3770,6,56,56,341,6,11,109,1230,16.887821197509766
mem0,132,dev_0170,4,1_00000,OK,,2,3176,874,4050,7,55,55,209,6,17,151,1889,24.970836877822876
mem0,132,dev_0170,5,7_00029,OK,,2,2865,377,3242,2,11,11,99,2,19,162,2107,10.851064682006836
mem0,132,dev_0170,6,4_00045,OK,,2,3416,920,4336,7,56,56,374,7,26,218,2872,27.14763617515564
mem0,132,dev_0170,7,9_00116,OK,,2,3076,661,3737,3,28,28,171,3,29,246,3210,18.491209268569946
mem0,133,dev_0171,1,20_00108,OK,,2,3044,386,3430,8,50,50,328,7,7,44,764,12.068524599075317
mem0,133,dev_0171,2,6_00037,OK,,2,3072,402,3474,10,59,59,261,6,8,53,968,13.480870962142944
mem0,133,dev_0171,3,6_00105,OK,,2,3020,437,3457,4,27,27,230,4,12,80,1402,12.65535569190979
mem0,133,dev_0171,4,17_00042,OK,,2,2991,663,3654,8,36,36,129,8,18,105,2038,20.392094373703003
mem0,133,dev_0171,5,12_00085,OK,,2,3358,862,4220,7,61,61,374,7,25,166,2818,24.415122270584106
mem0,133,dev_0171,6,6_00115,OK,,2,3087,396,3483,4,29,29,245,4,27,185,3080,12.084805965423584
mem0,134,dev_0172,1,13_00074,OK,,2,3187,392,3579,7,65,65,420,7,7,65,787,12.463886499404907
mem0,134,dev_0172,2,9_00097,OK,,2,3087,505,3592,4,29,29,266,4,11,94,1217,14.6207115650177
mem0,134,dev_0172,3,17_00022,OK,,2,3262,730,3992,6,44,44,330,6,17,138,1881,21.252941608428955
mem0,134,dev_0172,4,12_00048,OK,,2,3378,895,4273,8,60,60,364,7,24,191,2646,26.084242343902588
mem0,134,dev_0172,5,18_00013,OK,,2,3443,1099,4542,6,69,69,308,6,30,260,3329,30.319493770599365
mem0,134,dev_0172,6,13_00100,OK,,2,3517,1051,4568,7,46,46,408,6,35,298,3912,30.756784200668335
mem0,135,dev_0173,1,10_00059,OK,,2,2874,282,3156,5,47,47,187,5,5,47,558,8.24983024597168
mem0,135,dev_0173,2,18_00065,OK,,2,3222,524,3746,6,48,48,357,6,11,95,1213,14.74921441078186
mem0,135,dev_0173,3,2_00031,OK,,2,3003,530,3533,3,18,18,153,3,14,113,1545,14.446117401123047
mem0,135,dev_0173,4,4_00000,OK,,2,2967,444,3411,4,24,24,166,4,18,137,1985,11.749245643615723
mem0,135,dev_0173,5,8_00053,OK,,2,3002,489,3491,3,31,31,162,3,21,168,2324,13.707104444503784
mem0,136,dev_0174,1,20_00071,OK,,2,2887,311,3198,6,37,37,174,5,5,31,546,10.171390056610107
mem0,136,dev_0174,2,14_00085,OK,,2,3264,460,3724,4,56,56,438,4,9,87,1008,13.138935327529907
mem0,136,dev_0174,3,1_00029,OK,,2,2954,451,3405,3,20,20,149,3,12,107,1332,12.400068998336792
mem0,136,dev_0174,4,1_00007,OK,,2,3181,824,4005,7,54,54,241,7,19,161,2093,22.871585607528687
mem0,136,dev_0174,5,9_00028,OK,,2,3472,922,4394,5,54,54,408,5,24,215,2657,26.11221981048584
mem0,136,dev_0174,6,14_00124,OK,,2,3462,1016,4478,9,77,77,412,8,31,277,3454,28.826313495635986
mem0,136,dev_0174,7,13_00070,OK,,2,3276,634,3910,3,50,50,336,3,34,327,3810,18.225016832351685
mem0,137,dev_0175,1,13_00033,OK,,2,3067,452,3519,8,74,74,319,8,8,74,911,13.829803228378296
mem0,137,dev_0175,2,20_00082,OK,,2,3160,870,4030,9,95,95,203,9,17,169,1929,26.01574468612671
mem0,137,dev_0175,3,10_00096,OK,,2,3214,847,4061,6,29,29,225,6,23,198,2581,24.432432174682617
mem0,137,dev_0175,4,19_00060,OK,,2,3556,1095,4651,8,72,72,421,8,31,270,3477,31.18579602241516
mem0,137,dev_0175,5,1_00001,OK,,2,3269,902,4171,6,77,77,270,6,37,347,4164,25.06997799873352
mem0,137,dev_0175,6,15_00095,OK,,2,3570,1403,4973,12,90,90,371,12,49,437,5476,41.08035755157471
mem0,137,dev_0175,7,5_00112,OK,,2,2863,338,3201,2,12,12,101,1,50,440,5583,9.671032905578613
mem0,137,dev_0175,8,10_00023,OK,,2,3443,1397,4840,8,46,46,244,8,58,486,6454,39.2586088180542
mem0,138,dev_0176,1,15_00050,OK,,2,3287,440,3727,7,92,92,519,7,7,92,812,13.678908824920654
mem0,138,dev_0176,2,16_00078,OK,,2,3293,618,3911,5,59,59,356,5,12,151,1389,17.118549585342407
mem0,138,dev_0176,3,12_00108,OK,,2,3107,713,3820,6,45,45,200,6,18,196,2055,21.064006090164185
mem0,138,dev_0176,4,19_00025,OK,,2,3227,620,3847,5,49,49,277,5,22,235,2522,18.023889541625977
mem0,138,dev_0176,5,8_00077,OK,,2,3283,928,4211,5,27,27,232,5,27,262,3061,26.400932788848877
mem0,138,dev_0176,6,9_00108,OK,,2,3409,1152,4561,8,66,66,301,8,35,328,3941,33.18377733230591
mem0,138,dev_0176,7,1_00105,OK,,2,3372,1097,4469,6,54,54,265,6,41,382,4605,31.033804893493652
mem0,138,dev_0176,8,1_00119,OK,,2,3553,1599,5152,13,79,79,326,10,49,440,5530,45.731987714767456
mem0,139,dev_0177,1,2_00117,OK,,2,2883,244,3127,5,29,29,221,5,5,29,548,7.938097238540649
mem0,139,dev_0177,2,16_00048,OK,,2,3227,630,3857,7,84,84,349,7,12,113,1344,18.653363466262817
mem0,139,dev_0177,3,8_00102,OK,,2,3254,679,3933,4,57,57,298,4,16,170,1817,19.308924913406372
mem0,139,dev_0177,4,6_00045,OK,,2,3464,825,4289,6,58,58,447,6,22,228,2487,23.33437204360962
mem0,139,dev_0177,5,17_00048,OK,,2,3355,917,4272,6,48,48,332,5,27,270,3051,25.556387186050415
mem0,139,dev_0177,6,5_00120,OK,,2,2973,633,3606,5,28,28,123,5,32,298,3590,18.761623859405518
mem0,139,dev_0177,7,7_00046,OK,,2,3133,598,3731,3,25,25,219,3,35,323,3922,17.24793767929077
mem0,139,dev_0177,8,4_00064,OK,,2,3144,661,3805,3,36,36,218,3,38,359,4266,18.955322742462158
mem0,140,dev_0178,1,12_00045,OK,,2,3491,450,3941,9,67,67,687,9,9,67,1000,14.074696063995361
mem0,140,dev_0178,2,14_00031,OK,,2,3215,570,3785,4,31,31,330,4,13,98,1431,16.70893931388855
mem0,140,dev_0178,3,7_00055,OK,,2,3139,600,3739,3,37,37,247,3,16,135,1774,16.74079203605652
mem0,140,dev_0178,4,19_00014,OK,,2,3364,829,4193,7,65,65,387,7,22,196,2464,23.198418855667114
mem0,140,dev_0178,5,11_00013,OK,,2,3264,823,4087,4,38,38,250,4,26,234,2911,23.59131383895874
mem0,140,dev_0178,6,7_00009,OK,,2,3066,648,3714,4,58,58,177,4,30,292,3383,19.172679901123047
mem0,140,dev_0178,7,10_00118,OK,,2,3216,956,4172,8,38,38,217,8,38,330,4229,27.957824230194092
mem0,140,dev_0178,8,5_00109,OK,,2,2744,244,2988,1,9,9,53,1,39,339,4338,6.818110704421997
mem0,140,dev_0178,9,6_00071,OK,,2,3207,836,4043,5,52,52,227,4,43,381,4792,24.476604461669922
mem0,141,dev_0179,1,7_00050,OK,,2,2835,180,3015,3,31,31,181,3,3,31,334,5.711052894592285
mem0,141,dev_0179,2,14_00106,OK,,2,3225,549,3774,8,64,64,382,8,11,95,1223,16.74757480621338
mem0,141,dev_0179,3,13_00046,OK,,2,3402,800,4202,9,81,81,461,9,18,160,2061,24.52899408340454
mem0,141,dev_0179,4,6_00055,OK,,2,3395,924,4319,7,48,48,343,7,25,208,2819,25.953648567199707
mem0,141,dev_0179,5,17_00007,OK,,2,3210,626,3836,4,43,43,282,4,28,244,3192,18.325626134872437
mem0,141,dev_0179,6,1_00003,OK,,2,3261,1022,4283,5,37,37,196,5,33,281,3750,28.688493490219116
mem0,141,dev_0179,7,11_00070,OK,,2,3183,512,3695,2,26,26,299,2,35,307,3982,14.372454643249512
mem0,141,dev_0179,8,10_00101,OK,,2,3275,1009,4284,6,63,63,206,6,41,370,4663,28.337734937667847
mem0,141,dev_0179,9,5_00086,OK,,2,3016,615,3631,4,18,18,146,4,45,388,5087,17.279331922531128
mem0,141,dev_0179,10,1_00092,OK,,2,3330,955,4285,9,62,62,309,9,50,431,5693,27.761229515075684
mem0,142,dev_0180,1,15_00125,OK,,2,3207,474,3681,9,72,72,443,9,9,72,1012,15.248540878295898
mem0,142,dev_0180,2,8_00066,OK,,2,3271,749,4020,7,54,54,326,7,16,126,1777,20.908093690872192
mem0,142,dev_0180,3,17_00014,OK,,2,3307,779,4086,4,46,46,329,4,20,172,2241,22.664045572280884
mem0,142,dev_0180,4,1_00108,OK,,2,3154,661,3815,4,41,41,228,4,24,213,2694,17.956369400024414
mem0,142,dev_0180,5,14_00007,OK,,2,3315,733,4048,4,38,38,314,4,28,251,3133,21.52195167541504
mem0,143,dev_0181,1,19_00006,OK,,2,3039,366,3405,6,73,73,302,6,6,73,693,11.951842308044434
mem0,143,dev_0181,2,3_00039,OK,,2,3044,587,3631,5,59,59,180,5,11,132,1251,16.445664644241333
mem0,143,dev_0181,3,7_00002,OK,,2,3167,719,3886,5,43,43,222,5,16,175,1806,21.40885090827942
mem0,143,dev_0181,4,13_00068,OK,,2,3378,904,4282,7,60,60,349,7,23,235,2592,26.03218674659729
mem0,143,dev_0181,5,17_00071,OK,,2,3663,1238,4901,9,75,75,460,10,29,284,3255,36.12942314147949
mem0,143,dev_0181,6,2_00067,OK,,2,3305,708,4013,8,64,64,343,5,31,298,3523,21.09454083442688
mem0,143,dev_0181,7,11_00086,OK,,2,3194,714,3908,4,38,38,232,4,35,336,3967,20.614375829696655
mem0,144,dev_0182,1,14_00127,OK,,2,3399,635,4034,11,104,104,542,11,11,104,1237,20.194405794143677
mem0,144,dev_0182,2,2_00052,OK,,2,3111,367,3478,2,33,33,286,2,13,137,1480,10.135635375976562
mem0,144,dev_0182,3,3_00046,OK,,2,3277,773,4050,4,49,49,287,4,17,186,1938,21.883354425430298
mem0,144,dev_0182,4,13_00019,OK,,2,3105,626,3731,5,24,24,201,5,22,210,2465,19.021723747253418
mem0,144,dev_0182,5,14_00015,OK,,2,3394,861,4255,5,54,54,342,5,27,264,3026,25.07253623008728
mem0,144,dev_0182,6,9_00045,OK,,2,3409,945,4354,5,32,32,336,4,31,294,3474,27.467018842697144
mem0,145,dev_0183,1,2_00113,OK,,2,2917,315,3232,6,40,40,227,5,5,36,549,9.762391805648804
mem0,145,dev_0183,2,18_00056,OK,,2,3262,400,3662,4,25,25,433,4,9,61,993,11.872408151626587
mem0,145,dev_0183,3,7_00063,OK,,2,3104,508,3612,4,38,38,251,4,13,99,1447,14.802747011184692
mem0,145,dev_0183,4,19_00110,OK,,2,3170,607,3777,4,43,43,258,4,17,142,1899,17.475011825561523
mem0,145,dev_0183,5,16_00126,OK,,2,3135,653,3788,4,39,39,237,4,21,181,2340,18.206940412521362
mem0,145,dev_0183,6,13_00048,OK,,2,3385,888,4273,7,53,53,356,7,27,228,3011,26.280811548233032
mem0,145,dev_0183,7,4_00011,OK,,2,3122,675,3797,4,19,19,211,4,31,247,3444,19.771280765533447
mem0,145,dev_0183,8,6_00082,OK,,2,3280,738,4018,5,33,33,317,5,36,280,3997,21.063860177993774
mem0,146,dev_0184,1,20_00070,OK,,2,3194,436,3630,8,66,66,444,8,8,66,890,13.7622971534729
mem0,146,dev_0184,2,12_00120,OK,,2,3055,432,3487,2,27,27,221,2,10,93,1123,12.11257815361023
mem0,146,dev_0184,3,4_00006,OK,,2,3004,411,3415,3,21,21,208,3,13,114,1444,11.665614366531372
mem0,146,dev_0184,4,6_00031,OK,,2,3012,429,3441,3,20,20,213,3,16,134,1779,12.663562774658203
mem0,146,dev_0184,5,13_00020,OK,,2,3069,873,3942,6,31,31,108,5,21,162,2317,24.905322790145874
mem0,146,dev_0184,6,18_00003,OK,,2,3610,1162,4772,8,79,79,440,8,29,241,3218,33.52290368080139
mem0,146,dev_0184,7,3_00007,OK,,2,2930,433,3363,2,21,21,108,2,31,262,3446,12.509338617324829
mem0,146,dev_0184,8,2_00126,OK,,2,3052,663,3715,7,82,82,143,5,35,311,3913,19.619133234024048
mem0,146,dev_0184,9,15_00051,OK,,2,3382,847,4229,5,76,76,341,5,40,387,4504,24.815780878067017
mem0,147,dev_0186,1,14_00043,OK,,2,2987,234,3221,4,42,42,291,4,4,42,454,7.310968399047852
mem0,147,dev_0186,2,8_00004,OK,,2,3346,773,4119,11,100,100,408,11,15,142,1678,22.904791116714478
mem0,147,dev_0186,3,3_00011,OK,,2,3181,674,3855,5,51,51,247,5,20,193,2234,19.91957950592041
mem0,147,dev_0186,4,15_00055,OK,,2,3403,1007,4410,6,85,85,327,5,25,247,2809,29.1493718624115
mem0,147,dev_0186,5,5_00092,OK,,2,2888,555,3443,3,20,20,66,3,28,267,3126,15.472995519638062
mem0,147,dev_0186,6,14_00120,OK,,2,3694,1162,4856,8,63,63,511,8,36,330,4018,33.67530941963196
mem0,148,dev_0187,1,9_00019,OK,,2,2962,240,3202,4,39,39,256,4,4,39,446,7.103296518325806
mem0,148,dev_0187,2,13_00109,OK,,2,3311,592,3903,7,72,72,428,7,11,111,1229,18.02766489982605
mem0,148,dev_0187,3,9_00118,OK,,2,3060,559,3619,4,45,45,212,4,15,156,1672,15.4522225856781
mem0,148,dev_0187,4,4_00043,OK,,2,3324,805,4129,6,47,47,353,6,21,203,2319,23.333648204803467
mem0,148,dev_0187,5,8_00106,OK,,2,3384,892,4276,7,58,58,345,7,27,256,3003,25.575201749801636
mem0,148,dev_0187,6,8_00085,OK,,2,3191,679,3870,4,29,29,257,4,31,285,3444,20.068984508514404
mem0,148,dev_0187,7,18_00047,OK,,2,3456,1118,4574,9,70,70,373,9,40,355,4438,31.596990823745728
mem0,149,dev_0189,1,14_00067,OK,,2,3203,374,3577,6,70,70,445,6,6,70,678,12.52480435371399
mem0,149,dev_0189,2,3_00080,OK,,2,2852,294,3146,1,6,6,90,1,7,76,782,7.599059104919434
mem0,149,dev_0189,3,14_00066,OK,,2,3241,619,3860,6,68,68,328,5,12,135,1352,18.170734643936157
mem0,149,dev_0189,4,6_00022,OK,,2,3153,815,3968,7,32,32,188,7,19,167,2101,23.260395050048828
mem0,149,dev_0189,5,3_00064,OK,,2,3443,1031,4474,7,70,70,372,7,26,237,2883,29.976642608642578
mem0,150,dev_0190,1,4_00084,OK,,2,3067,400,3467,6,72,72,302,6,6,72,681,13.625775575637817
mem0,150,dev_0190,2,7_00008,OK,,2,3078,498,3576,5,31,31,234,5,11,103,1225,14.65956997871399
mem0,150,dev_0190,3,8_00099,OK,,2,3398,1057,4455,11,115,115,361,11,21,210,2382,30.011633157730103
mem0,150,dev_0190,4,4_00036,OK,,2,3225,629,3854,3,31,31,270,3,24,241,2722,18.01045846939087
mem0,150,dev_0190,5,2_00105,OK,,2,3517,1134,4651,10,77,77,443,9,32,308,3624,31.993786573410034
mem0,150,dev_0190,6,16_00008,OK,,2,3829,1442,5271,7,83,83,513,3,35,342,3964,38.38236665725708
mem0,150,dev_0190,7,4_00120,OK,,2,3175,671,3846,3,25,25,219,3,38,367,4295,17.728644371032715
mem0,150,dev_0190,8,18_00071,OK,,2,3498,1215,4713,6,60,60,282,6,44,427,4975,31.56796908378601
mem0,150,dev_0190,9,18_00111,OK,,2,3366,927,4293,5,64,64,281,5,48,480,5454,24.86582374572754
mem0,151,dev_0192,1,11_00073,OK,,2,2988,244,3232,4,45,45,305,4,4,45,443,6.987285137176514
mem0,151,dev_0192,2,7_00015,OK,,2,2966,420,3386,5,30,30,189,5,9,75,979,11.848705530166626
mem0,151,dev_0192,3,20_00104,OK,,2,2993,574,3567,5,30,30,135,5,14,105,1508,14.920915126800537
mem0,151,dev_0192,4,18_00044,OK,,2,3199,700,3899,5,29,29,300,5,19,134,2053,18.47737431526184
mem0,151,dev_0192,5,17_00031,OK,,2,3357,724,4081,5,40,40,416,5,24,174,2605,18.857380628585815
mem0,151,dev_0192,6,2_00075,OK,,2,3353,997,4350,6,73,73,292,6,30,247,3292,26.174293279647827
mem0,151,dev_0192,7,4_00124,OK,,2,3233,793,4026,4,31,31,237,4,34,278,3731,19.795093059539795
mem0,151,dev_0192,8,15_00066,OK,,2,3606,1059,4665,8,93,93,466,5,39,342,4308,27.221527338027954
mem0,152,dev_0193,1,8_00062,OK,,2,2940,264,3204,4,54,54,244,4,4,54,457,6.683421850204468
mem0,152,dev_0193,2,11_00085,OK,,2,3039,379,3418,3,36,36,220,3,7,90,798,10.025837659835815
mem0,152,dev_0193,3,15_00052,OK,,2,3384,685,4069,9,60,60,432,9,16,150,1774,16.506588459014893
mem0,152,dev_0193,4,8_00042,OK,,2,3572,981,4553,7,81,81,470,7,23,231,2576,22.672462463378906
mem0,152,dev_0193,5,17_00116,OK,,2,3928,1424,5352,12,74,74,669,12,35,305,3872,33.109318256378174
mem0,152,dev_0193,6,4_00067,OK,,2,3264,910,4174,6,47,47,229,6,41,352,4539,19.72555422782898
mem0,152,dev_0193,7,14_00041,OK,,2,3461,1105,4566,7,38,38,350,6,47,385,5176,24.771231174468994
mem0,152,dev_0193,8,16_00079,OK,,2,3263,899,4162,4,38,38,231,4,51,423,5626,18.661728382110596
mem0,153,dev_0194,1,10_00068,OK,,2,2740,148,2888,3,14,14,109,3,3,14,320,5.7181315422058105
mem0,153,dev_0194,2,14_00082,OK,,2,3231,406,3637,5,51,51,434,5,8,65,880,12.361340761184692
mem0,153,dev_0194,3,12_00020,OK,,2,3348,710,4058,8,76,76,417,8,16,141,1771,19.61605453491211
mem0,153,dev_0194,4,10_00086,OK,,2,3202,756,3958,8,60,60,284,8,23,198,2573,21.23378324508667
mem0,153,dev_0194,5,8_00107,OK,,2,3318,823,4141,5,62,62,323,5,28,260,3140,23.156965017318726
mem0,153,dev_0194,6,10_00047,OK,,2,3017,436,3453,3,20,20,211,3,31,280,3459,12.220067024230957
mem0,153,dev_0194,7,10_00072,OK,,2,3161,776,3937,4,33,33,219,4,35,313,3895,21.80298089981079
mem0,154,dev_0195,1,3_00017,OK,,2,2742,184,2926,3,32,32,102,3,3,32,341,5.761586666107178
mem0,154,dev_0195,2,3_00109,OK,,2,2960,308,3268,3,27,27,206,3,6,59,673,9.353472232818604
mem0,154,dev_0195,3,13_00047,OK,,2,3275,745,4020,9,78,78,360,9,15,137,1669,21.756840229034424
mem0,154,dev_0195,4,18_00023,OK,,2,3808,1017,4825,7,103,103,668,7,22,240,2493,29.530885696411133
mem0,154,dev_0195,5,14_00072,OK,,2,3576,895,4471,5,67,67,510,5,27,307,3079,25.595888137817383
mem0,154,dev_0195,6,14_00060,OK,,2,3488,1406,4894,10,66,66,246,10,37,373,4166,40.18435883522034
mem0,154,dev_0195,7,9_00035,OK,,2,3447,1125,4572,6,52,52,293,6,43,425,4829,33.01073217391968
mem0,154,dev_0195,8,5_00006,OK,,2,3099,653,3752,4,35,35,191,4,46,449,5174,18.400144577026367
mem0,154,dev_0195,9,6_00097,OK,,2,3038,528,3566,3,20,20,196,3,49,469,5501,15.335386991500854
mem0,155,dev_0196,1,16_00012,OK,,2,3136,484,3620,10,62,62,383,10,10,62,1096,15.099157094955444
mem0,155,dev_0196,2,17_00005,OK,,2,3190,668,3858,5,47,47,309,5,15,109,1658,19.903411149978638
mem0,155,dev_0196,3,4_00090,OK,,2,3355,785,4140,7,55,55,395,7,21,159,2342,22.149722814559937
mem0,155,dev_0196,4,7_00017,OK,,2,3072,612,3684,4,17,17,195,4,25,176,2778,17.665990591049194
mem0,155,dev_0196,5,15_00030,OK,,2,3412,976,4388,7,93,93,367,7,31,262,3506,27.71139359474182
mem0,155,dev_0196,6,13_00080,OK,,2,3453,1030,4483,7,70,70,363,7,37,321,4192,29.43457269668579
mem0,155,dev_0196,7,20_00083,OK,,2,3477,1161,4638,7,53,53,341,6,42,350,4766,33.472373247146606
mem0,156,dev_0197,1,5_00001,OK,,2,2807,88,2895,1,15,15,167,1,1,15,119,2.7555718421936035
mem0,156,dev_0197,2,9_00010,OK,,2,3240,354,3594,5,54,54,450,5,6,69,671,10.627297163009644
mem0,156,dev_0197,3,14_00079,OK,,2,3313,532,3845,4,54,54,394,4,10,123,1131,15.106574535369873
mem0,156,dev_0197,4,8_00115,OK,,2,3200,715,3915,5,54,54,245,4,13,152,1486,20.287993669509888
mem0,156,dev_0197,5,19_00090,OK,,2,3477,946,4423,9,85,85,425,9,22,237,2493,27.916640520095825
mem0,157,dev_0198,1,14_00117,OK,,2,2976,334,3310,7,42,42,250,7,7,42,755,10.556045770645142
mem0,157,dev_0198,2,15_00002,OK,,2,3360,542,3902,6,55,55,489,7,11,80,1221,16.528353929519653
mem0,157,dev_0198,3,19_00093,OK,,2,3246,644,3890,5,48,48,320,5,16,128,1776,18.895759344100952
mem0,157,dev_0198,4,18_00096,OK,,2,3450,947,4397,8,58,58,428,8,24,186,2643,27.239039182662964
mem0,157,dev_0198,5,15_00075,OK,,2,3237,631,3868,6,95,95,290,4,26,235,2937,18.36522912979126
mem0,158,dev_0199,1,13_00004,OK,,2,2834,296,3130,6,38,38,172,6,6,38,657,9.301106214523315
mem0,158,dev_0199,2,20_00027,OK,,2,3079,472,3551,5,29,29,261,5,11,67,1203,13.676692485809326
mem0,158,dev_0199,3,17_00006,OK,,2,3152,753,3905,6,51,51,230,6,17,118,1862,21.28439712524414
mem0,158,dev_0199,4,5_00063,OK,,2,2994,454,3448,2,12,12,176,2,19,130,2077,12.804660558700562
mem0,158,dev_0199,5,15_00058,OK,,2,3420,952,4372,6,68,68,365,6,25,198,2758,27.229305744171143
mem0,158,dev_0199,6,14_00069,OK,,2,3444,1182,4626,8,61,61,313,8,33,259,3642,33.29813003540039
mem0,158,dev_0199,7,18_00039,OK,,2,3371,1154,4525,7,55,55,253,7,40,314,4406,33.01856207847595
mem0,158,dev_0199,8,17_00030,OK,,2,3156,542,3698,3,33,33,254,3,42,335,4649,15.258817672729492
mem0,159,dev_0200,1,4_00034,OK,,2,2944,258,3202,5,36,36,253,5,5,36,541,8.632646799087524
mem0,159,dev_0200,2,3_00092,OK,,2,2818,311,3129,2,15,15,85,2,7,51,766,9.278788328170776
mem0,159,dev_0200,3,13_00094,OK,,2,3241,578,3819,5,52,52,328,5,12,103,1336,16.71604013442993
mem0,159,dev_0200,4,7_00024,OK,,2,3101,626,3727,5,31,31,205,5,17,134,1875,18.314939498901367
mem0,159,dev_0200,5,2_00115,OK,,2,3042,590,3632,4,29,29,168,4,21,163,2311,17.61202049255371
mem0,159,dev_0200,6,10_00054,OK,,2,3106,639,3745,6,35,35,235,6,27,198,2967,18.157606601715088
mem0,159,dev_0200,7,14_00014,OK,,2,3566,1224,4790,10,75,75,410,10,37,273,4058,36.2356960773468
mem0,159,dev_0200,8,14_00002,OK,,2,3426,1163,4589,9,93,93,298,9,44,343,4888,33.35999298095703
mem0,160,dev_0201,1,16_00033,OK,,2,3175,276,3451,5,43,43,446,5,5,43,551,8.448056936264038
mem0,160,dev_0201,2,2_00070,OK,,2,3025,361,3386,4,30,30,222,4,8,61,901,11.028162002563477
mem0,160,dev_0201,3,17_00083,OK,,2,3508,774,4282,8,78,78,524,8,16,139,1810,22.21945810317993
mem0,160,dev_0201,4,14_00010,OK,,2,3197,756,3953,5,37,37,256,5,21,176,2359,21.643742561340332
mem0,160,dev_0201,5,3_00026,OK,,2,2973,588,3561,3,28,28,106,3,24,204,2694,16.320860862731934
mem0,160,dev_0201,6,20_00100,OK,,2,3279,867,4146,5,50,50,286,5,29,254,3252,25.04120969772339
mem0,160,dev_0201,7,5_00064,OK,,2,2995,517,3512,4,25,25,186,4,33,279,3683,15.150181770324707
mem0,160,dev_0201,8,15_00040,OK,,2,3535,1230,4765,9,79,79,358,9,41,349,4570,35.227039098739624
mem0,160,dev_0201,9,12_00028,OK,,2,3758,1486,5244,12,98,98,465,12,52,438,5806,42.94503092765808
mem0,160,dev_0201,10,17_00087,OK,,2,3828,1219,5047,6,72,72,595,6,58,510,6494,34.58907437324524
mem0,161,dev_0202,1,15_00046,OK,,2,3126,571,3697,11,87,87,344,11,11,87,1217,17.929645776748657
mem0,161,dev_0202,2,15_00020,OK,,2,3587,718,4305,14,112,112,581,14,15,114,1697,22.22058391571045
mem0,161,dev_0202,3,9_00038,OK,,2,3245,818,4063,6,58,58,273,6,21,172,2364,24.15948176383972
mem0,161,dev_0202,4,8_00026,OK,,2,3474,936,4410,7,101,101,420,5,25,221,2822,27.0862979888916
mem0,161,dev_0202,5,1_00065,OK,,2,3099,729,3828,5,41,41,184,5,29,254,3278,21.59938073158264
mem0,161,dev_0202,6,5_00123,OK,,2,3206,852,4058,5,41,41,237,4,33,285,3711,23.868311166763306
mem0,161,dev_0202,7,19_00059,OK,,2,3808,1419,5227,9,109,109,552,9,42,394,4742,40.16071844100952
mem0,162,dev_0203,1,17_00113,OK,,2,3258,332,3590,5,66,66,465,5,5,66,580,10.407451868057251
mem0,162,dev_0203,2,8_00126,OK,,2,3149,529,3678,5,68,68,289,5,9,124,1068,15.465832710266113
mem0,162,dev_0203,3,8_00051,OK,,2,3320,659,3979,7,52,52,384,7,16,176,1831,19.90747308731079
mem0,162,dev_0203,4,19_00034,OK,,2,3294,837,4131,6,45,45,276,6,22,221,2493,23.96135187149048
mem0,162,dev_0203,5,18_00055,OK,,2,3356,804,4160,5,51,51,347,5,27,272,3056,23.64983105659485
mem0,162,dev_0203,6,8_00104,OK,,2,3453,1025,4478,5,53,53,308,5,31,314,3539,28.777663707733154
mem0,163,dev_0204,1,20_00099,OK,,2,2981,196,3177,3,38,38,298,3,3,38,335,6.44835901260376
mem0,163,dev_0204,2,4_00102,OK,,2,3138,422,3560,5,52,52,328,5,8,90,904,11.922987222671509
mem0,163,dev_0204,3,5_00082,OK,,2,2829,303,3132,2,13,13,113,2,10,103,1116,9.251927137374878
mem0,163,dev_0204,4,5_00113,OK,,2,2796,347,3143,2,15,15,53,2,12,118,1334,9.814915180206299
mem0,163,dev_0204,5,8_00046,OK,,2,3531,694,4225,6,63,63,521,6,18,181,2001,21.06477999687195
mem0,163,dev_0204,6,10_00050,OK,,2,3036,574,3610,5,41,41,183,5,22,216,2462,16.791913747787476
mem0,163,dev_0204,7,1_00095,OK,,2,3233,650,3883,5,35,35,303,5,27,251,3003,18.470105409622192
mem0,163,dev_0204,8,15_00114,OK,,2,3275,755,4030,5,45,45,300,5,32,296,3563,21.980207443237305
mem0,164,dev_0205,1,15_00053,OK,,2,3146,444,3590,7,85,85,357,7,7,85,807,13.540537595748901
mem0,164,dev_0205,2,12_00055,OK,,2,3278,822,4100,9,91,91,293,7,14,139,1593,24.032251596450806
mem0,164,dev_0205,3,18_00063,OK,,2,3339,887,4226,8,53,53,346,8,22,192,2459,26.000850200653076
mem0,164,dev_0205,4,2_00007,OK,,2,3149,876,4025,6,42,42,168,6,28,234,3113,25.48937153816223
mem0,164,dev_0205,5,3_00053,OK,,2,3356,1014,4370,6,58,58,279,6,34,292,3786,27.809064149856567
mem0,164,dev_0205,6,4_00092,OK,,2,3364,695,4059,4,39,39,403,4,38,331,4228,20.38303232192993
mem0,164,dev_0205,7,11_00028,OK,,2,3314,1008,4322,5,39,39,220,5,43,370,4788,28.32097315788269
mem0,164,dev_0205,8,16_00041,OK,,2,3733,1512,5245,11,107,107,415,11,54,477,6008,43.99566054344177
mem0,164,dev_0205,9,12_00005,OK,,2,3792,1197,4989,8,101,101,578,8,62,578,6931,35.59745526313782
mem0,164,dev_0205,10,9_00016,OK,,2,3314,761,4075,4,39,39,325,4,66,617,7383,21.359533309936523
mem0,165,dev_0206,1,4_00083,OK,,2,3022,226,3248,4,35,35,318,4,4,35,445,7.328795671463013
mem0,165,dev_0206,2,15_00033,OK,,2,3212,631,3843,9,68,68,327,9,13,103,1436,19.86887264251709
mem0,165,dev_0206,3,12_00018,OK,,2,3449,1034,4483,11,111,111,415,11,22,190,2479,30.654841899871826
mem0,165,dev_0206,4,7_00067,OK,,2,3390,1014,4404,7,54,54,331,7,29,244,3245,29.043124198913574
mem0,165,dev_0206,5,15_00021,OK,,2,3742,1385,5127,11,66,66,506,11,40,310,4418,39.816086530685425
mem0,165,dev_0206,6,10_00109,OK,,2,3026,536,3562,3,16,16,181,3,43,326,4740,15.044251203536987
mem0,166,dev_0207,1,9_00005,OK,,2,3060,214,3274,3,44,44,346,3,3,44,360,6.78284764289856
mem0,166,dev_0207,2,18_00050,OK,,2,3238,536,3774,8,51,51,398,8,11,95,1235,16.447290658950806
mem0,166,dev_0207,3,11_00039,OK,,2,3079,483,3562,2,22,22,212,2,13,117,1455,13.835303783416748
mem0,166,dev_0207,4,16_00046,OK,,2,3377,847,4224,7,41,41,379,7,20,158,2216,25.23711848258972
mem0,166,dev_0207,5,12_00098,OK,,2,3054,505,3559,3,27,27,160,3,22,174,2453,14.810975551605225
mem0,166,dev_0207,6,18_00107,OK,,2,3279,700,3979,3,30,30,335,3,25,204,2788,20.009658813476562
mem0,166,dev_0207,7,16_00019,OK,,2,3453,1114,4567,8,57,57,334,8,33,261,3666,31.777708768844604
mem0,166,dev_0207,8,4_00069,OK,,2,3303,800,4103,5,57,57,302,4,37,306,4119,21.913799047470093
mem0,167,dev_0210,1,12_00057,OK,,2,3161,588,3749,12,74,74,398,11,11,66,1197,18.897525310516357
mem0,167,dev_0210,2,13_00105,OK,,2,3344,780,4124,6,78,78,388,6,17,144,1891,21.212037563323975
mem0,167,dev_0210,3,13_00009,OK,,2,3030,568,3598,3,26,26,181,3,20,170,2223,15.305453062057495
mem0,167,dev_0210,4,18_00027,OK,,2,3893,1178,5071,9,144,144,683,8,27,299,3084,31.974047422409058
mem0,167,dev_0210,5,10_00074,OK,,2,3189,799,3988,6,43,43,247,6,33,342,3741,21.733022689819336
mem0,167,dev_0210,6,5_00045,OK,,2,3150,796,3946,4,40,40,152,4,37,382,4188,20.585735321044922
mem0,167,dev_0210,7,3_00033,OK,,2,3080,503,3583,2,27,27,195,2,39,409,4419,13.802648067474365
mem0,167,dev_0210,8,8_00065,OK,,2,3440,990,4430,7,80,80,409,6,45,480,5099,26.162614107131958
mem0,167,dev_0210,9,16_00030,OK,,2,3792,1512,5304,9,76,76,426,9,54,556,6088,39.187583446502686
mem0,168,dev_0211,1,4_00098,OK,,2,3038,382,3420,7,63,63,325,7,7,63,775,11.501668214797974
mem0,168,dev_0211,2,19_00039,OK,,2,3164,538,3702,4,46,46,287,4,11,109,1232,14.222630977630615
mem0,168,dev_0211,3,19_00063,OK,,2,3432,838,4270,7,62,62,409,6,16,159,1808,23.090558528900146
mem0,168,dev_0211,4,6_00002,OK,,2,2949,492,3441,4,17,17,131,4,20,176,2232,12.756247758865356
mem0,168,dev_0211,5,18_00016,OK,,2,3526,1067,4593,7,76,76,400,7,27,252,3028,26.423468112945557
mem0,168,dev_0211,6,15_00103,OK,,2,3589,930,4519,8,91,91,497,6,33,325,3701,23.379252910614014
mem0,168,dev_0211,7,19_00054,OK,,2,3822,1337,5159,9,98,98,582,9,42,423,4729,31.400670289993286
mem0,168,dev_0211,8,18_00064,OK,,2,3470,1098,4568,7,47,47,368,6,48,462,5386,24.644551515579224
mem0,169,dev_0212,1,6_00027,OK,,2,2864,202,3066,4,24,24,212,4,4,24,436,5.008405447006226
mem0,169,dev_0212,2,18_00098,OK,,2,3121,420,3541,4,58,58,320,4,8,82,902,10.051403999328613
mem0,169,dev_0212,3,16_00114,OK,,2,3149,520,3669,3,32,32,273,3,11,114,1236,11.487459897994995
mem0,169,dev_0212,4,7_00036,OK,,2,3062,559,3621,3,26,26,166,3,14,140,1571,12.162467002868652
mem0,169,dev_0212,5,15_00029,OK,,2,3376,756,4132,5,50,50,397,5,19,190,2143,17.08066201210022
mem0,169,dev_0212,6,3_00067,OK,,2,3198,868,4066,5,52,52,197,5,24,242,2711,19.559080600738525
mem0,169,dev_0212,7,3_00075,OK,,2,3307,713,4020,4,40,40,286,1,25,262,2831,14.165164947509766
mem0,169,dev_0212,8,19_00073,OK,,2,3535,968,4503,5,66,66,417,5,30,328,3408,19.219780921936035
mem0,169,dev_0212,9,3_00009,OK,,2,3002,555,3557,3,31,31,117,3,33,359,3747,11.1079580783844
mem0,169,dev_0212,10,18_00054,OK,,2,3532,1065,4597,8,63,63,418,8,41,422,4634,22.298063278198242
mem0,170,dev_0213,1,11_00094,OK,,2,3094,264,3358,4,48,48,368,4,4,48,457,8.688314199447632
mem0,170,dev_0213,2,2_00022,OK,,2,3017,315,3332,2,19,19,230,2,6,67,684,9.23747205734253
mem0,170,dev_0213,3,13_00127,OK,,2,3328,406,3734,5,47,47,441,4,7,82,859,11.518398523330688
mem0,170,dev_0213,4,20_00105,OK,,2,3163,541,3704,4,35,35,285,4,11,117,1302,15.058973550796509
mem0,170,dev_0213,5,3_00040,OK,,2,3151,572,3723,4,40,40,247,4,14,153,1649,15.51076078414917
mem0,170,dev_0213,6,1_00017,OK,,2,3156,700,3856,4,32,32,221,4,18,185,2092,19.69321608543396
mem0,170,dev_0213,7,18_00097,OK,,2,3146,763,3909,4,44,44,167,4,22,229,2546,21.210969924926758
mem0,171,dev_0214,1,19_00121,OK,,2,2986,264,3250,5,37,37,286,5,5,37,558,7.974713087081909
mem0,171,dev_0214,2,8_00064,OK,,2,3162,446,3608,4,46,46,321,4,9,83,1003,12.927727460861206
mem0,171,dev_0214,3,18_00030,OK,,2,3279,671,3950,6,60,60,349,6,15,143,1673,19.131183624267578
mem0,171,dev_0214,4,11_00077,OK,,2,3352,640,3992,4,45,45,391,3,18,171,2006,18.375128269195557
mem0,171,dev_0214,5,18_00058,OK,,2,3355,1252,4607,12,63,63,212,12,30,234,3286,36.803595781326294
mem0,171,dev_0214,6,18_00042,OK,,2,3527,1197,4724,9,58,58,409,9,39,292,4267,34.3565788269043
mem0,171,dev_0214,7,14_00011,OK,,2,3411,1065,4476,6,55,55,309,6,45,347,4940,31.189766883850098
mem0,172,dev_0215,1,15_00016,OK,,2,3270,468,3738,8,86,86,477,8,8,86,912,13.514325618743896
mem0,172,dev_0215,2,18_00103,OK,,2,3349,758,4107,7,70,70,373,7,15,156,1693,22.158289909362793
mem0,172,dev_0215,3,16_00074,OK,,2,3270,700,3970,5,34,34,324,5,20,190,2248,20.34886407852173
mem0,172,dev_0215,4,3_00073,OK,,2,3218,653,3871,3,31,31,277,3,23,221,2583,18.273659467697144
mem0,172,dev_0215,5,5_00083,OK,,2,2933,597,3530,3,20,20,90,3,26,241,2896,17.63751721382141
mem0,172,dev_0215,6,11_00114,OK,,2,3342,1072,4414,11,74,74,229,9,33,288,3694,31.15228509902954
mem0,173,dev_0216,1,13_00054,OK,,2,3164,559,3723,11,82,82,389,11,11,82,1205,17.3784282207489
mem0,173,dev_0216,2,1_00044,OK,,2,2993,598,3591,4,26,26,150,4,15,108,1644,16.87462854385376
mem0,173,dev_0216,3,1_00009,OK,,2,3189,893,4082,7,54,54,205,7,22,162,2406,25.872034788131714
mem0,173,dev_0216,4,6_00044,OK,,2,3210,916,4126,6,59,59,201,6,28,221,3082,25.90085458755493
mem0,173,dev_0216,5,9_00099,OK,,2,3068,611,3679,3,41,41,180,3,31,262,3427,17.397141933441162
mem0,173,dev_0216,6,9_00026,OK,,2,3412,934,4346,6,55,55,372,6,37,317,4092,26.49696969985962
mem0,173,dev_0216,7,14_00021,OK,,2,3294,815,4109,5,40,40,295,5,42,357,4646,23.189796924591064
mem0,174,dev_0217,1,3_00062,OK,,2,2818,200,3018,4,26,26,156,4,4,26,431,6.123217582702637
mem0,174,dev_0217,2,7_00031,OK,,2,2829,305,3134,2,33,33,103,2,6,59,666,9.4332594871521
mem0,174,dev_0217,3,13_00066,OK,,2,3311,650,3961,7,70,70,403,7,13,129,1446,19.20447826385498
mem0,174,dev_0217,4,8_00122,OK,,2,3136,685,3821,5,43,43,206,5,18,172,1998,19.481916904449463
mem0,174,dev_0217,5,19_00104,OK,,2,3317,1063,4380,7,65,65,242,7,25,237,2777,30.38873815536499
mem0,174,dev_0217,6,19_00044,OK,,2,3720,1436,5156,12,94,94,476,12,37,331,4090,40.83868980407715
mem0,174,dev_0217,7,6_00011,OK,,2,3046,743,3789,4,19,19,133,4,41,350,4522,21.222022771835327
mem0,174,dev_0217,8,10_00003,OK,,2,3307,950,4257,5,33,33,268,5,46,383,5071,27.05556011199951
mem0,174,dev_0217,9,17_00105,OK,,2,3821,1363,5184,9,115,115,536,8,51,461,5718,39.21041774749756
mem0,174,dev_0217,10,11_00055,OK,,2,3221,706,3927,5,60,60,262,5,55,508,6178,19.524826526641846
mem0,175,dev_0218,1,18_00040,OK,,2,3050,322,3372,6,48,48,352,6,6,48,665,10.223415851593018
mem0,175,dev_0218,2,12_00078,OK,,2,3266,748,4014,10,69,69,365,10,16,117,1770,22.171523571014404
mem0,175,dev_0218,3,9_00063,OK,,2,3484,735,4219,6,54,54,525,6,22,171,2428,21.118433952331543
mem0,175,dev_0218,4,18_00126,OK,,2,3360,931,4291,7,57,57,333,7,29,228,3200,27.26608395576477
mem0,175,dev_0218,5,20_00037,OK,,2,3193,787,3980,4,42,42,235,4,33,270,3657,23.23983669281006
mem0,175,dev_0218,6,20_00006,OK,,2,3561,872,4433,6,62,62,543,6,39,332,4332,24.878952980041504
mem0,175,dev_0218,7,3_00045,OK,,2,3211,621,3832,3,25,25,294,3,42,357,4662,18.441574096679688
mem0,175,dev_0218,8,18_00095,OK,,2,3233,726,3959,3,41,41,268,3,45,398,5006,20.09217596054077
mem0,176,dev_0219,1,18_00078,OK,,2,3059,348,3407,6,58,58,331,6,6,58,677,10.693750381469727
mem0,176,dev_0219,2,16_00049,OK,,2,3372,587,3959,6,52,52,458,6,12,110,1343,16.970561027526855
mem0,176,dev_0219,3,2_00061,OK,,2,3253,850,4103,7,73,73,273,5,17,144,1884,24.32878017425537
mem0,176,dev_0219,4,5_00105,OK,,1,1081,6,1087,0,0,0,109,0,17,144,1884,0.1957097053527832
mem0,176,dev_0219,5,18_00021,OK,,2,3798,1045,4843,7,83,83,660,7,24,227,2693,30.034631729125977
mem0,176,dev_0219,6,8_00061,OK,,2,3433,1106,4539,7,41,41,310,7,31,268,3435,30.622177839279175
mem0,176,dev_0219,7,10_00064,OK,,2,3104,647,3751,5,35,35,214,5,36,303,3972,18.786623001098633
mem0,176,dev_0219,8,19_00091,OK,,2,3443,1134,4577,6,58,58,284,6,42,361,4643,32.37743639945984
mem0,176,dev_0219,9,6_00086,OK,,2,3385,1145,4530,10,99,99,275,10,49,426,5483,32.86520481109619
mem0,176,dev_0219,10,19_00114,OK,,2,3317,853,4170,6,55,55,308,6,53,474,5987,24.466386079788208
mem0,177,dev_0220,1,2_00080,OK,,2,3065,352,3417,6,65,65,335,6,6,65,671,11.5756356716156
mem0,177,dev_0220,2,1_00021,OK,,2,3034,577,3611,6,48,48,197,6,12,113,1334,17.692049026489258
mem0,177,dev_0220,3,19_00043,OK,,2,3444,809,4253,8,63,63,439,8,20,176,2222,24.221949100494385
mem0,177,dev_0220,4,13_00085,OK,,2,3491,975,4466,6,72,72,416,6,26,248,2900,27.5331392288208
mem0,177,dev_0220,5,19_00023,OK,,2,3338,969,4307,6,61,61,255,6,32,309,3576,28.057260036468506
mem0,177,dev_0220,6,2_00062,OK,,2,3422,1110,4532,6,77,77,297,6,38,386,4258,31.05747079849243
mem0,177,dev_0220,7,2_00027,OK,,2,3114,782,3896,5,30,30,149,4,41,400,4600,23.14364767074585
mem0,177,dev_0220,8,1_00054,OK,,2,3280,1003,4283,5,32,32,215,5,46,432,5133,28.631555557250977
mem0,178,dev_0221,1,13_00087,OK,,2,3079,328,3407,6,54,54,380,6,6,54,672,10.160935640335083
mem0,178,dev_0221,2,12_00024,OK,,2,3284,520,3804,5,82,82,373,3,9,99,1026,15.005859851837158
mem0,178,dev_0221,3,11_00022,OK,,2,3128,567,3695,4,28,28,238,4,13,127,1459,16.527007579803467
mem0,178,dev_0221,4,19_00028,OK,,2,3474,1030,4504,11,77,77,443,11,24,204,2659,30.623534202575684
mem0,178,dev_0221,5,12_00009,OK,,2,3693,1216,4909,10,110,110,508,10,33,299,3692,36.333903551101685
mem0,178,dev_0221,6,1_00031,OK,,2,3232,907,4139,6,38,38,237,6,39,337,4347,25.868942260742188
mem0,178,dev_0221,7,18_00125,OK,,2,3297,771,4068,4,33,33,302,4,43,370,4782,21.58269715309143
mem0,178,dev_0221,8,16_00016,OK,,2,3724,1223,4947,7,79,79,519,7,49,429,5479,34.80128288269043
mem0,178,dev_0221,9,11_00032,OK,,2,3187,558,3745,3,21,21,270,3,50,438,5627,16.468132972717285
mem0,178,dev_0221,10,5_00081,OK,,2,2801,259,3060,1,4,4,82,1,51,442,5731,7.7092931270599365
mem0,179,dev_0222,1,9_00044,OK,,2,2935,184,3119,3,33,33,243,3,3,33,336,5.3243794441223145
mem0,179,dev_0222,2,19_00098,OK,,2,3125,424,3549,6,38,38,342,6,9,71,977,13.442835807800293
mem0,179,dev_0222,3,20_00026,OK,,2,3401,780,4181,9,65,65,470,9,18,136,1966,22.733983993530273
mem0,179,dev_0222,4,16_00105,OK,,2,3331,818,4149,8,48,48,368,7,24,174,2645,23.70553421974182
mem0,179,dev_0222,5,6_00120,OK,,2,2906,463,3369,3,19,19,116,3,27,193,2971,13.472222566604614
mem0,180,dev_0223,1,20_00045,OK,,2,2968,260,3228,5,37,37,274,5,5,37,553,7.815631866455078
mem0,180,dev_0223,2,5_00078,OK,,2,2807,268,3075,1,10,10,85,1,6,47,664,7.553158760070801
mem0,180,dev_0223,3,4_00027,OK,,2,2980,452,3432,4,32,32,181,4,10,79,1110,14.430943965911865
mem0,180,dev_0223,4,6_00077,OK,,2,3189,730,3919,8,58,58,298,8,18,137,1979,21.861621856689453
mem0,180,dev_0223,5,12_00059,OK,,2,3391,886,4277,7,84,84,380,6,23,199,2579,24.755322217941284
mem0,180,dev_0223,6,15_00078,OK,,2,3562,1156,4718,8,87,87,444,5,28,243,3131,32.87354636192322
mem0,180,dev_0223,7,16_00106,OK,,2,3330,1034,4364,6,41,41,223,6,34,284,3780,29.778361558914185
mem0,180,dev_0223,8,3_00072,OK,,2,3240,799,4039,4,36,36,234,4,38,320,4227,23.07852554321289
mem0,181,dev_0224,1,12_00072,OK,,2,2849,222,3071,4,30,30,166,4,4,30,447,7.253515720367432
mem0,181,dev_0224,2,8_00006,OK,,2,3380,610,3990,10,116,116,436,9,13,142,1473,17.767266035079956
mem0,181,dev_0224,3,13_00078,OK,,2,3420,740,4160,5,71,71,426,5,18,213,2052,21.491618633270264
mem0,181,dev_0224,4,8_00082,OK,,2,3587,982,4569,7,67,67,494,7,25,280,2842,28.317552089691162
mem0,181,dev_0224,5,8_00024,OK,,2,3890,1545,5435,13,103,103,559,10,34,362,3873,45.38778018951416
mem0,182,dev_0226,1,12_00104,OK,,2,2944,440,3384,9,54,54,219,9,9,54,984,14.091190576553345
mem0,182,dev_0226,2,4_00033,OK,,2,3169,543,3712,4,40,40,309,4,13,94,1426,15.65090298652649
mem0,182,dev_0226,3,10_00115,OK,,2,3190,824,4014,6,43,43,231,6,19,137,2076,23.615169048309326
mem0,182,dev_0226,4,5_00077,OK,,2,2931,430,3361,3,24,24,159,3,22,161,2411,12.171095609664917
mem0,182,dev_0226,5,10_00095,OK,,2,3117,758,3875,7,56,56,216,7,28,210,3083,22.320871591567993
mem0,182,dev_0226,6,15_00036,OK,,2,3367,767,4134,5,79,79,378,5,33,289,3668,21.97419548034668
mem0,182,dev_0226,7,20_00019,OK,,2,3455,976,4431,5,56,56,358,5,38,345,4228,27.601643323898315
mem0,182,dev_0226,8,13_00126,OK,,2,3344,735,4079,3,39,39,310,3,41,384,4572,21.52755856513977
mem0,183,dev_0227,1,18_00115,OK,,2,3010,154,3164,2,32,32,333,2,2,32,232,4.383193254470825
mem0,183,dev_0227,2,4_00117,OK,,2,2949,218,3167,2,17,17,214,2,4,49,460,6.881834506988525
mem0,183,dev_0227,3,14_00065,OK,,2,3299,643,3942,8,80,80,415,8,12,129,1353,18.77153706550598
mem0,183,dev_0227,4,15_00045,OK,,2,3338,809,4147,7,80,80,322,5,17,172,1904,24.2789409160614
mem0,183,dev_0227,5,1_00106,OK,,2,3405,895,4300,6,46,46,372,6,23,218,2559,25.796633005142212
mem0,183,dev_0227,6,12_00054,OK,,2,3527,863,4390,5,69,69,447,5,28,287,3136,23.620426416397095
mem0,184,dev_0228,1,5_00068,OK,,2,2643,64,2707,1,6,6,56,1,1,6,107,2.053095817565918
mem0,184,dev_0228,2,3_00103,OK,,2,2812,198,3010,2,29,29,123,2,3,35,346,5.773463010787964
mem0,184,dev_0228,3,16_00015,OK,,2,3397,591,3988,9,61,61,518,9,12,96,1346,17.316601276397705
mem0,184,dev_0228,4,16_00063,OK,,2,3227,780,4007,6,46,46,260,6,18,142,2007,21.609904050827026
mem0,184,dev_0228,5,5_00101,OK,,2,2878,586,3464,4,22,22,60,4,22,164,2439,16.053760528564453
mem0,185,dev_0230,1,14_00027,OK,,2,3009,280,3289,5,45,45,303,5,5,45,551,7.737976789474487
mem0,185,dev_0230,2,10_00056,OK,,2,3072,525,3597,6,45,45,254,6,11,90,1199,15.192043542861938
mem0,185,dev_0230,3,4_00066,OK,,2,3111,660,3771,4,46,46,197,4,15,136,1659,17.46365213394165
mem0,185,dev_0230,4,5_00076,OK,,2,2955,571,3526,4,29,29,105,4,19,165,2099,14.860986709594727
mem0,185,dev_0230,5,10_00000,OK,,2,3296,1026,4322,7,60,60,256,7,26,225,2883,26.82347321510315
mem0,185,dev_0230,6,8_00096,OK,,2,3263,678,3941,5,33,33,328,5,31,258,3430,18.247528076171875
mem0,185,dev_0230,7,19_00050,OK,,2,3512,1178,4690,9,89,89,373,9,40,347,4436,31.073689460754395
mem0,185,dev_0230,8,9_00049,OK,,2,3714,1493,5207,9,85,85,404,9,49,432,5437,38.88532614707947
mem0,185,dev_0230,9,14_00116,OK,,2,3505,969,4474,6,59,59,424,6,55,491,6102,25.36746573448181
mem0,185,dev_0230,10,19_00086,OK,,2,3474,996,4470,4,47,47,312,4,59,538,6560,24.1219220161438
mem0,186,dev_0231,1,18_00112,OK,,2,3031,200,3231,3,39,39,338,3,3,39,345,5.658148527145386
mem0,186,dev_0231,2,20_00031,OK,,2,3331,607,3938,10,57,57,465,10,13,96,1433,16.816347360610962
mem0,186,dev_0231,3,11_00118,OK,,2,3592,1177,4769,13,127,127,483,13,25,216,2789,28.699540853500366
mem0,186,dev_0231,4,11_00023,OK,,2,3329,994,4323,6,53,53,249,6,31,269,3453,22.234023332595825
mem0,186,dev_0231,5,2_00006,OK,,2,3101,760,3861,4,24,24,141,4,35,293,3896,16.99741005897522
mem0,186,dev_0231,6,4_00013,OK,,2,3148,855,4003,6,26,26,183,6,40,313,4455,19.859771013259888
mem0,187,dev_0233,1,17_00121,OK,,2,3175,430,3605,7,78,78,393,7,7,78,797,14.374027013778687
mem0,187,dev_0233,2,3_00048,OK,,2,3121,505,3626,4,33,33,248,4,10,104,1144,14.047646284103394
mem0,187,dev_0233,3,14_00029,OK,,2,3423,945,4368,9,82,82,389,9,19,186,2143,26.36903214454651
mem0,187,dev_0233,4,12_00051,OK,,2,3337,871,4208,7,59,59,318,7,26,245,2926,24.638839960098267
mem0,187,dev_0233,5,12_00094,OK,,2,3390,1072,4462,9,65,65,315,9,35,310,3912,30.27786087989807
mem0,187,dev_0233,6,1_00075,OK,,2,3038,404,3442,5,28,28,224,3,35,303,3959,11.871675491333008
mem0,188,dev_0234,1,19_00099,OK,,2,3043,286,3329,5,47,47,334,5,5,47,557,8.877338886260986
mem0,188,dev_0234,2,10_00073,OK,,2,3035,385,3420,3,28,28,239,3,8,75,890,11.087826013565063
mem0,188,dev_0234,3,17_00088,OK,,2,3528,697,4225,6,67,67,532,6,14,142,1560,20.60332727432251
mem0,188,dev_0234,4,19_00094,OK,,2,3307,874,4181,7,67,67,295,7,21,209,2337,26.373963594436646
mem0,188,dev_0234,5,8_00057,OK,,2,3331,837,4168,5,37,37,297,5,26,246,2892,24.11097502708435
mem0,188,dev_0234,6,14_00068,OK,,2,3481,1361,4842,11,79,79,298,11,37,325,4098,39.37302041053772
mem0,189,dev_0236,1,9_00084,OK,,2,2861,218,3079,4,36,36,215,4,4,36,449,7.800275564193726
mem0,189,dev_0236,2,2_00053,OK,,2,3006,428,3434,4,55,55,201,4,8,91,916,12.457635402679443
mem0,189,dev_0236,3,13_00091,OK,,2,3398,796,4194,8,90,90,453,8,16,181,1822,23.278908014297485
mem0,189,dev_0236,4,1_00096,OK,,2,3311,889,4200,8,54,54,327,8,24,235,2683,26.15489172935486
mem0,189,dev_0236,5,11_00057,OK,,2,3316,674,3990,3,46,46,340,2,26,263,2909,18.44360637664795
mem0,189,dev_0236,6,7_00038,OK,,2,3394,905,4299,5,43,43,317,5,31,306,3468,25.851579427719116
mem0,189,dev_0236,7,6_00106,OK,,2,2962,434,3396,3,23,23,162,3,34,329,3795,12.793521642684937
mem0,189,dev_0236,8,3_00051,OK,,2,3285,773,4058,4,53,53,279,4,38,382,4255,21.585195064544678
mem0,190,dev_0238,1,16_00112,OK,,2,2846,222,3068,4,34,34,182,4,4,34,453,6.863771915435791
mem0,190,dev_0238,2,4_00115,OK,,2,3016,286,3302,2,17,17,262,2,6,51,673,8.527106285095215
mem0,190,dev_0238,3,9_00126,OK,,2,3090,681,3771,8,75,75,228,8,14,126,1574,19.906241416931152
mem0,190,dev_0238,4,15_00101,OK,,2,3151,611,3762,5,46,46,271,5,19,172,2129,18.31996989250183
mem0,190,dev_0238,5,8_00092,OK,,2,3277,713,3990,5,51,51,299,5,24,223,2691,20.197754383087158
mem0,190,dev_0238,6,12_00040,OK,,2,3593,1416,5009,14,94,94,393,12,34,286,3801,40.96669960021973
mem0,190,dev_0238,7,19_00103,OK,,2,3496,1193,4689,9,58,58,366,8,39,327,4397,33.90695071220398
mem0,191,dev_0239,1,10_00008,OK,,2,2888,406,3294,8,58,58,208,8,8,58,878,12.748819828033447
mem0,191,dev_0239,2,10_00078,OK,,2,3061,510,3571,5,44,44,248,5,13,102,1431,14.797883749008179
mem0,191,dev_0239,3,19_00056,OK,,2,3420,654,4074,4,50,50,462,4,17,152,1903,18.46053433418274
mem0,191,dev_0239,4,1_00082,OK,,2,3201,792,3993,6,35,35,232,6,23,187,2557,22.619139671325684
mem0,191,dev_0239,5,16_00107,OK,,2,3346,957,4303,5,35,35,283,5,28,222,3098,26.823991060256958
mem0,191,dev_0239,6,14_00104,OK,,2,3411,770,4181,6,73,73,403,5,32,269,3568,22.265857934951782
mem0,191,dev_0239,7,16_00100,OK,,2,3396,1149,4545,8,55,55,287,8,40,324,4440,33.26711654663086
mem0,192,dev_0240,1,20_00106,OK,,2,3095,270,3365,5,40,40,367,5,5,40,557,8.201399087905884
mem0,192,dev_0240,2,6_00015,OK,,2,2967,363,3330,3,22,22,197,3,8,62,893,10.683637142181396
mem0,192,dev_0240,3,13_00102,OK,,2,3561,749,4310,7,98,98,581,7,15,160,1708,22.006508588790894
mem0,192,dev_0240,4,14_00107,OK,,2,3504,1031,4535,9,84,84,430,9,24,244,2710,29.584497213363647
mem0,192,dev_0240,5,3_00012,OK,,2,2946,573,3519,3,28,28,85,3,27,272,3050,16.65534996986389
mem0,192,dev_0240,6,6_00054,OK,,2,3362,1109,4471,7,48,48,227,7,34,320,3823,32.360804080963135
mem0,192,dev_0240,7,18_00106,OK,,2,3257,831,4088,4,48,48,252,4,38,368,4287,24.07113027572632
mem0,192,dev_0240,8,15_00098,OK,,2,3659,1165,4824,9,90,90,484,5,41,399,4663,34.59386873245239
mem0,192,dev_0240,9,1_00077,OK,,2,3418,1008,4426,7,51,51,355,7,48,450,5425,28.498563289642334
mem0,193,dev_0241,1,5_00094,OK,,2,2676,108,2784,2,12,12,76,2,2,12,214,3.7440314292907715
mem0,193,dev_0241,2,17_00068,OK,,2,3462,637,4099,10,100,100,581,10,12,112,1361,19.044610738754272
mem0,193,dev_0241,3,9_00090,OK,,2,3108,784,3892,6,51,51,171,6,18,163,2021,22.90876317024231
mem0,193,dev_0241,4,10_00065,OK,,2,3158,566,3724,5,32,32,308,5,22,189,2477,15.871071577072144
mem0,193,dev_0241,5,9_00121,OK,,2,3068,715,3783,4,25,25,134,4,26,214,2898,19.971028327941895
mem0,193,dev_0241,6,16_00087,OK,,2,3455,1106,4561,7,55,55,347,7,33,269,3656,31.84069013595581
mem0,193,dev_0241,7,5_00110,OK,,2,2840,453,3293,2,11,11,54,2,35,280,3866,12.578492164611816
mem0,193,dev_0241,8,14_00005,OK,,2,3441,1104,4545,11,76,76,361,11,45,350,4990,31.985846042633057
mem0,193,dev_0241,9,11_00080,OK,,2,3290,772,4062,4,32,32,303,4,49,382,5437,21.545919179916382
mem0,193,dev_0241,10,16_00004,OK,,2,3982,1664,5646,10,96,96,641,9,58,451,6434,47.43694233894348
mem0,194,dev_0242,1,5_00026,OK,,2,2706,126,2832,2,20,20,101,2,2,20,222,3.984754800796509
mem0,194,dev_0242,2,17_00094,OK,,2,3600,577,4177,9,80,80,681,9,11,100,1228,16.75182294845581
mem0,194,dev_0242,3,4_00040,OK,,2,3176,702,3878,6,45,45,226,6,17,145,1882,21.279630184173584
mem0,194,dev_0242,4,15_00044,OK,,2,3474,1043,4517,9,67,67,412,9,26,212,2866,30.56613564491272
mem0,194,dev_0242,5,16_00113,OK,,2,3178,718,3896,4,26,26,248,4,30,238,3307,21.087341785430908
mem0,194,dev_0242,6,10_00030,OK,,2,3314,1118,4432,7,43,43,226,7,37,281,4065,32.468520402908325
mem0,194,dev_0242,7,17_00009,OK,,2,3344,1029,4373,6,36,36,277,6,43,317,4723,29.30768656730652
mem0,194,dev_0242,8,7_00011,OK,,2,3158,689,3847,6,35,35,254,6,49,352,5378,19.714796781539917
mem0,194,dev_0242,9,2_00107,OK,,2,3257,969,4226,7,42,42,226,7,54,383,5949,28.320500373840332
mem0,194,dev_0242,10,12_00052,OK,,2,3422,1311,4733,11,87,87,238,11,62,440,6875,38.88259434700012
mem0,195,dev_0243,1,9_00070,OK,,2,2899,236,3135,4,40,40,211,4,4,40,448,7.127288818359375
mem0,195,dev_0243,2,18_00082,OK,,2,3070,524,3594,7,44,44,248,7,11,84,1217,16.227193117141724
mem0,195,dev_0243,3,15_00113,OK,,2,3371,813,4184,8,97,97,375,6,17,168,1915,23.82494068145752
mem0,195,dev_0243,4,14_00123,OK,,2,3426,874,4300,8,67,67,396,8,25,235,2793,25.82956838607788
mem0,195,dev_0243,5,1_00098,OK,,2,3542,1210,4752,9,50,50,392,9,34,285,3760,36.03584933280945
mem0,195,dev_0243,6,16_00053,OK,,2,3146,651,3797,3,39,39,209,3,37,324,4108,17.873355627059937
mem0,195,dev_0243,7,8_00087,OK,,2,3344,872,4216,5,33,33,315,5,42,357,4656,24.46416687965393
mem0,196,dev_0244,1,3_00057,OK,,2,3035,426,3461,6,77,77,306,5,5,60,574,12.853911399841309
mem0,196,dev_0244,2,10_00009,OK,,2,3043,490,3533,5,36,36,224,5,10,96,1125,14.594683647155762
mem0,196,dev_0244,3,14_00046,OK,,2,3500,673,4173,5,50,50,525,5,15,146,1696,20.191245555877686
mem0,196,dev_0244,4,8_00032,OK,,2,3415,800,4215,10,74,74,410,10,25,220,2788,23.619845867156982
mem0,196,dev_0244,5,17_00089,OK,,2,3880,1309,5189,11,80,80,634,11,36,300,4000,38.25667452812195
mem0,196,dev_0244,6,10_00084,OK,,2,3023,333,3356,2,10,10,242,2,38,310,4215,9.695152282714844
mem0,196,dev_0244,7,5_00097,OK,,2,2892,516,3408,3,24,24,84,3,41,334,4538,14.597391843795776
mem0,196,dev_0244,8,8_00088,OK,,2,3181,895,4076,6,30,30,181,4,44,350,4866,25.687560319900513
mem0,196,dev_0244,9,1_00058,OK,,2,3009,623,3632,3,21,21,143,3,47,371,5191,18.050456762313843
mem0,196,dev_0244,10,15_00118,OK,,2,3473,1133,4606,8,51,51,356,8,54,418,5985,31.90846300125122
mem0,197,dev_0246,1,16_00042,OK,,2,3333,562,3895,10,105,105,535,10,10,105,1129,17.23917007446289
mem0,197,dev_0246,2,2_00085,OK,,2,3178,661,3839,7,49,49,287,7,17,154,1879,19.989907264709473
mem0,197,dev_0246,3,12_00062,OK,,2,3377,766,4143,12,101,101,352,6,18,166,2087,23.398930549621582
mem0,197,dev_0246,4,10_00098,OK,,2,3038,459,3497,3,25,25,218,3,21,191,2414,13.730297803878784
mem0,197,dev_0246,5,15_00104,OK,,2,3388,834,4222,5,47,47,352,5,26,238,2970,23.726612329483032
mem0,197,dev_0246,6,12_00102,OK,,2,3394,893,4287,6,44,44,360,6,32,282,3631,26.108319520950317
mem0,197,dev_0246,7,12_00023,OK,,2,3927,1616,5543,14,123,123,614,19,41,342,4589,47.48063135147095
mem0,197,dev_0246,8,17_00085,OK,,2,3808,1123,4931,6,56,56,632,6,47,398,5271,31.483224630355835
mem0,197,dev_0246,9,18_00067,OK,,2,3129,752,3881,5,28,28,178,5,52,426,5812,21.828724145889282
mem0,198,dev_0247,1,5_00011,OK,,2,2806,180,2986,3,25,25,143,3,3,25,333,5.356767177581787
mem0,198,dev_0247,2,12_00113,OK,,2,3026,440,3466,6,46,46,255,6,9,71,983,12.774362325668335
mem0,198,dev_0247,3,6_00100,OK,,2,3032,525,3557,4,26,26,192,4,13,97,1426,15.300537109375
mem0,198,dev_0247,4,11_00107,OK,,2,3151,406,3557,2,23,23,302,2,15,120,1651,11.675501585006714
mem0,198,dev_0247,5,9_00003,OK,,2,3146,757,3903,5,48,48,189,4,18,147,2000,21.445432901382446
mem0,198,dev_0247,6,3_00005,OK,,2,2856,278,3134,1,9,9,113,1,19,156,2113,8.333895921707153
mem0,198,dev_0247,7,4_00039,OK,,2,3189,635,3824,4,30,30,260,4,23,186,2558,18.17202091217041
mem0,198,dev_0247,8,2_00020,OK,,2,3049,569,3618,3,14,14,166,3,26,200,2880,16.786619186401367
mem0,198,dev_0247,9,8_00101,OK,,2,3404,1109,4513,6,70,70,286,5,30,249,3336,31.40606379508972
mem0,199,dev_0249,1,18_00026,OK,,2,3542,788,4330,12,156,156,598,12,12,156,1379,23.86712074279785
mem0,199,dev_0249,2,9_00123,OK,,2,3330,915,4245,7,65,65,308,7,19,221,2162,26.32133984565735
mem0,199,dev_0249,3,10_00099,OK,,2,3006,579,3585,4,21,21,148,4,23,242,2595,16.751976490020752
mem0,199,dev_0249,4,9_00109,OK,,2,3175,594,3769,3,22,22,276,3,26,264,2926,16.372957706451416
mem0,199,dev_0249,5,12_00058,OK,,2,3561,1042,4603,7,69,69,414,7,33,333,3714,29.397459983825684
mem0,199,dev_0249,6,9_00115,OK,,2,3311,982,4293,9,71,71,230,6,37,373,4207,27.45606017112732
mem0,199,dev_0249,7,20_00003,OK,,2,3425,964,4389,6,49,49,358,6,42,417,4786,25.485978841781616
mem0,199,dev_0249,8,1_00043,OK,,2,3276,832,4108,6,32,32,298,6,48,449,5432,22.617760181427002
mem0,199,dev_0249,9,20_00086,OK,,2,3482,1148,4630,5,65,65,306,5,53,514,6005,30.534757137298584
mem0,200,dev_0250,1,19_00089,OK,,2,3247,486,3733,8,95,95,441,8,8,95,921,13.319122314453125
mem0,200,dev_0250,2,17_00114,OK,,2,3615,803,4418,7,88,88,602,7,15,183,1732,21.92807102203369
mem0,200,dev_0250,3,14_00053,OK,,2,3416,899,4315,5,56,56,330,5,20,239,2305,23.857238292694092
mem0,200,dev_0250,4,5_00010,OK,,2,3020,342,3362,3,24,24,181,1,21,250,2416,9.140209197998047
mem0,200,dev_0250,5,8_00050,OK,,2,3283,793,4076,6,35,35,292,6,27,285,3066,20.545978307724
mem0,200,dev_0250,6,4_00001,OK,,2,3150,532,3682,5,38,38,294,5,30,306,3430,14.28837776184082
mem0,200,dev_0250,7,2_00102,OK,,2,3391,1022,4413,8,75,75,324,8,38,381,4320,27.15822434425354
mem0,200,dev_0250,8,5_00071,OK,,2,2831,284,3115,1,9,9,89,1,39,390,4432,6.976301193237305
mem0,200,dev_0250,9,5_00062,OK,,2,3071,717,3788,4,34,34,146,4,43,424,4882,17.491673946380615
mem0,201,dev_0251,1,1_00060,OK,,2,2828,254,3082,5,35,35,169,5,5,35,549,6.805333375930786
mem0,201,dev_0251,2,4_00029,OK,,2,3091,496,3587,6,39,39,271,6,11,74,1190,12.729594945907593
mem0,201,dev_0251,3,19_00009,OK,,2,3271,737,4008,6,60,60,334,6,17,134,1859,17.696571826934814
mem0,201,dev_0251,4,14_00033,OK,,2,3270,702,3972,5,49,49,334,5,22,183,2425,16.047760248184204
mem0,201,dev_0251,5,10_00100,OK,,2,3199,780,3979,5,30,30,237,5,27,213,2969,17.554429292678833
mem0,201,dev_0251,6,14_00080,OK,,2,3359,973,4332,7,68,68,305,7,34,281,3751,22.031793355941772
mem0,201,dev_0251,7,15_00082,OK,,2,3511,808,4319,5,40,40,476,5,39,321,4290,17.791958570480347
mem0,202,dev_0252,1,5_00108,OK,,2,2776,206,2982,4,26,26,136,4,4,26,434,5.17700719833374
mem0,202,dev_0252,2,5_00039,OK,,2,2966,350,3316,4,22,22,219,4,8,48,867,8.287270545959473
mem0,202,dev_0252,3,11_00066,OK,,2,3170,559,3729,4,51,51,305,4,12,99,1323,11.835994005203247
mem0,202,dev_0252,4,13_00023,OK,,2,3032,652,3684,5,31,31,153,5,17,130,1859,14.725339412689209
mem0,202,dev_0252,5,17_00051,OK,,2,3061,458,3519,3,19,19,248,3,20,149,2189,9.867350816726685
mem0,202,dev_0252,6,1_00078,OK,,2,3301,950,4251,14,86,86,314,10,30,216,3290,21.04295063018799
mem0,202,dev_0252,7,10_00077,OK,,2,3071,708,3779,4,30,30,174,4,34,246,3723,14.051012754440308
mem0,202,dev_0252,8,15_00011,OK,,2,3571,1151,4722,8,67,67,446,8,42,313,4613,24.477742671966553
mem0,202,dev_0252,9,17_00126,OK,,2,3696,1357,5053,8,99,99,442,8,50,412,5524,25.691121578216553
mem0,203,dev_0254,1,9_00105,OK,,2,2959,200,3159,3,40,40,292,3,3,40,352,6.614684343338013
mem0,203,dev_0254,2,17_00078,OK,,2,3421,671,4092,10,86,86,519,10,13,126,1467,19.582940816879272
mem0,203,dev_0254,3,4_00051,OK,,2,3310,606,3916,3,31,31,366,3,16,157,1803,16.890630960464478
mem0,203,dev_0254,4,16_00111,OK,,2,3280,792,4072,5,27,27,287,5,21,184,2345,21.40546441078186
mem0,203,dev_0254,5,1_00034,OK,,2,3019,595,3614,3,30,30,149,3,24,214,2677,16.753018856048584
mem0,203,dev_0254,6,16_00003,OK,,2,3385,1039,4424,6,49,49,312,5,29,260,3242,28.647680044174194
mem0,203,dev_0254,7,2_00074,OK,,2,3091,571,3662,3,58,58,204,3,32,318,3596,16.621432542800903
mem0,204,dev_0255,1,12_00043,OK,,2,3160,360,3520,7,53,53,416,7,7,53,781,11.047276735305786
mem0,204,dev_0255,2,4_00101,OK,,2,3180,517,3697,4,39,39,304,4,11,92,1228,14.72452712059021
mem0,204,dev_0255,3,5_00119,OK,,2,2980,544,3524,4,32,32,143,4,15,124,1671,15.737834215164185
mem0,204,dev_0255,4,5_00117,OK,,2,3056,781,3837,10,68,68,171,7,19,144,2158,24.03625750541687
mem0,204,dev_0255,5,6_00108,OK,,2,2888,321,3209,2,11,11,128,2,21,155,2379,9.113494157791138
mem0,205,dev_0256,1,18_00118,OK,,2,3073,258,3331,4,50,50,355,4,4,50,456,7.905705451965332
mem0,205,dev_0256,2,9_00110,OK,,2,3062,414,3476,4,39,39,264,4,8,89,902,11.768474102020264
mem0,205,dev_0256,3,9_00056,OK,,2,3190,541,3731,4,39,39,315,4,12,128,1339,15.696701526641846
mem0,205,dev_0256,4,17_00035,OK,,2,3268,550,3818,3,37,37,355,3,15,165,1687,16.003815412521362
mem0,205,dev_0256,5,8_00069,OK,,2,3392,717,4109,4,47,47,396,4,19,212,2136,20.718443393707275
mem0,205,dev_0256,6,11_00124,OK,,2,3464,1141,4605,10,74,74,348,10,29,286,3245,33.13737463951111
mem0,205,dev_0256,7,12_00091,OK,,2,3395,1064,4459,7,53,53,297,7,35,333,3934,30.38340973854065
mem0,205,dev_0256,8,15_00009,OK,,2,3533,924,4457,6,60,60,460,6,41,393,4606,26.397245407104492
mem0,205,dev_0256,9,1_00051,OK,,2,3127,848,3975,6,36,36,162,6,46,420,5165,24.274020433425903
mem0,206,dev_0258,1,14_00091,OK,,2,3109,344,3453,6,60,60,367,6,6,60,670,10.701870918273926
mem0,206,dev_0258,2,8_00015,OK,,2,3202,642,3844,7,67,67,306,7,13,127,1449,19.645790338516235
mem0,206,dev_0258,3,9_00048,OK,,2,3383,706,4089,5,46,46,383,5,18,173,2008,20.569283723831177
mem0,206,dev_0258,4,18_00032,OK,,2,3430,1050,4480,9,76,76,381,9,27,249,2996,30.383968353271484
mem0,206,dev_0258,5,12_00107,OK,,2,3292,798,4090,5,48,48,280,5,31,290,3463,23.103748321533203
mem0,206,dev_0258,6,4_00041,OK,,2,3153,721,3874,4,35,35,195,4,35,325,3906,20.188711166381836
mem0,206,dev_0258,7,9_00087,OK,,2,3425,1093,4518,5,54,54,310,5,40,379,4458,30.441294193267822
mem0,206,dev_0258,8,15_00060,OK,,2,3734,1260,4994,8,87,87,525,7,46,448,5156,36.72504138946533
mem0,206,dev_0258,9,15_00111,OK,,2,3448,950,4398,7,81,81,376,7,51,497,5738,27.220835208892822
mem0,207,dev_0260,1,19_00127,OK,,2,2997,282,3279,5,48,48,292,5,5,48,551,9.151363611221313
mem0,207,dev_0260,2,3_00004,OK,,2,2875,358,3233,3,28,28,113,3,8,76,890,10.766205072402954
mem0,207,dev_0260,3,13_00049,OK,,2,3231,712,3943,7,77,77,319,7,15,153,1697,20.618523836135864
mem0,207,dev_0260,4,12_00042,OK,,2,3674,1023,4697,9,116,116,552,9,24,269,2720,29.61013174057007
mem0,207,dev_0260,5,15_00122,OK,,2,3869,1194,5063,12,124,124,600,10,32,343,3644,35.35040283203125
mem0,207,dev_0260,6,4_00031,OK,,2,3541,1150,4691,7,37,37,382,7,39,380,4398,32.63725447654724
mem0,207,dev_0260,7,4_00094,OK,,2,3364,936,4300,4,47,47,297,4,43,427,4842,25.872670888900757
mem0,207,dev_0260,8,19_00038,OK,,2,3486,1081,4567,6,50,50,361,5,48,472,5391,30.41335129737854
mem0,208,dev_0261,1,6_00101,OK,,2,2924,252,3176,5,32,32,258,5,5,32,543,7.779911279678345
mem0,208,dev_0261,2,1_00008,OK,,2,2974,394,3368,4,23,23,208,4,9,55,981,11.406301498413086
mem0,208,dev_0261,3,4_00077,OK,,2,3208,742,3950,10,48,48,304,13,15,80,1625,22.381513833999634
mem0,208,dev_0261,4,9_00007,OK,,2,3194,678,3872,6,65,65,272,6,21,145,2295,20.28191876411438
mem0,208,dev_0261,5,10_00087,OK,,2,3015,425,3440,2,19,19,213,2,23,164,2519,12.574812650680542
mem0,208,dev_0261,6,6_00127,OK,,2,3011,638,3649,3,19,19,129,3,26,183,2845,18.135791778564453
mem0,209,dev_0262,1,2_00098,OK,,2,2904,238,3142,5,25,25,222,5,5,25,540,7.450922727584839
mem0,209,dev_0262,2,2_00124,OK,,2,2804,303,3107,2,14,14,75,2,7,39,765,8.818602323532104
mem0,209,dev_0262,3,1_00112,OK,,2,3187,651,3838,8,54,54,348,7,13,80,1433,19.875527143478394
mem0,209,dev_0262,4,1_00127,OK,,2,2967,464,3431,3,20,20,172,3,16,100,1760,13.210257291793823
mem0,209,dev_0262,5,18_00024,OK,,2,3583,1067,4650,8,86,86,467,8,24,186,2647,30.1714825630188
mem0,209,dev_0262,6,11_00096,OK,,2,3199,687,3886,3,33,33,235,3,27,219,2985,19.505027532577515
mem0,209,dev_0262,7,5_00000,OK,,2,3053,428,3481,3,28,28,229,3,29,236,3231,11.881909608840942
mem0,210,dev_0266,1,12_00109,OK,,2,2873,300,3173,6,39,39,206,6,6,39,644,9.544118642807007
mem0,210,dev_0266,2,5_00019,OK,,2,3004,385,3389,3,15,15,209,3,9,54,968,10.744811534881592
mem0,210,dev_0266,3,17_00076,OK,,2,3565,769,4334,9,68,68,588,9,18,122,1944,22.161882162094116
mem0,210,dev_0266,4,11_00083,OK,,2,3338,607,3945,3,25,25,406,3,21,147,2280,17.736916303634644
mem0,210,dev_0266,5,3_00036,OK,,2,3348,783,4131,5,52,52,370,5,26,199,2844,22.400087356567383
mem0,210,dev_0266,6,16_00002,OK,,2,3399,983,4382,5,49,49,319,5,31,248,3397,27.409780979156494
mem0,210,dev_0266,7,12_00025,OK,,2,3820,1523,5343,12,135,135,514,12,42,371,4688,44.14710474014282
mem0,210,dev_0266,8,17_00098,OK,,2,4044,1411,5455,8,85,85,735,8,50,456,5599,39.851420640945435
mem0,210,dev_0266,9,17_00053,OK,,2,3259,713,3972,3,21,21,298,3,53,477,5923,20.641504287719727
mem0,211,dev_0267,1,20_00038,OK,,2,2885,256,3141,4,50,50,192,4,4,50,471,7.926059007644653
mem0,211,dev_0267,2,16_00047,OK,,2,3341,566,3907,7,63,63,470,7,11,113,1257,16.79150104522705
mem0,211,dev_0267,3,19_00055,OK,,2,3518,1031,4549,10,97,97,455,10,21,210,2366,29.463850259780884
mem0,211,dev_0267,4,12_00047,OK,,2,3550,1208,4758,10,72,72,393,10,31,282,3449,35.18036127090454
mem0,211,dev_0267,5,14_00022,OK,,2,3273,863,4136,5,38,38,253,5,36,320,3989,24.85503649711609
mem0,211,dev_0267,6,7_00025,OK,,2,3237,988,4225,9,91,91,249,9,44,404,4909,28.30364179611206
mem0,211,dev_0267,7,10_00113,OK,,2,3134,668,3802,4,27,27,243,4,48,431,5344,19.77100682258606
mem0,211,dev_0267,8,15_00079,OK,,2,3447,1219,4666,9,87,87,315,9,57,518,6358,35.59223771095276
mem0,212,dev_0268,1,7_00041,OK,,2,2873,304,3177,6,40,40,188,6,6,40,657,10.11106538772583
mem0,212,dev_0268,2,5_00060,OK,,2,3004,376,3380,4,27,27,224,4,10,67,1091,10.91598892211914
mem0,212,dev_0268,3,13_00024,OK,,2,3044,370,3414,2,25,25,244,2,12,92,1321,10.519911050796509
mem0,212,dev_0268,4,16_00085,OK,,2,3280,720,4000,6,50,50,344,6,18,142,1988,21.308433055877686
mem0,212,dev_0268,5,8_00109,OK,,2,3390,776,4166,5,49,49,400,5,23,191,2549,22.919434547424316
mem0,212,dev_0268,6,1_00068,OK,,2,3051,667,3718,3,21,21,150,3,26,212,2875,19.04949402809143
mem0,212,dev_0268,7,2_00032,OK,,2,3094,636,3730,3,16,16,190,3,29,228,3197,17.854480981826782
mem0,213,dev_0270,1,20_00096,OK,,2,3077,278,3355,5,44,44,359,5,5,44,545,8.748713731765747
mem0,213,dev_0270,2,17_00001,OK,,2,2980,355,3335,3,17,17,211,3,8,61,868,10.119751691818237
mem0,213,dev_0270,3,11_00115,OK,,2,3610,727,4337,9,81,81,656,8,16,134,1754,22.743558883666992
mem0,213,dev_0270,4,12_00017,OK,,2,3607,1272,4879,16,140,140,486,15,27,244,3076,37.81160831451416
mem0,213,dev_0270,5,5_00111,OK,,2,2807,374,3181,2,10,10,57,2,29,254,3292,10.37734317779541
mem0,213,dev_0270,6,19_00078,OK,,2,3472,1115,4587,6,82,82,326,6,35,336,3982,31.70598816871643
mem0,214,dev_0271,1,10_00126,OK,,2,2927,336,3263,6,61,61,241,6,6,61,663,10.745696067810059
mem0,214,dev_0271,2,1_00018,OK,,2,2973,423,3396,3,25,25,173,3,9,86,993,12.603170156478882
mem0,214,dev_0271,3,18_00051,OK,,2,3340,694,4034,9,79,79,398,7,15,146,1690,20.71160864830017
mem0,214,dev_0271,4,19_00018,OK,,2,3389,916,4305,8,82,82,370,8,23,228,2590,26.932634115219116
mem0,214,dev_0271,5,2_00001,OK,,2,2974,435,3409,2,18,18,145,2,25,246,2812,12.006031274795532
mem0,214,dev_0271,6,1_00037,OK,,2,2963,533,3496,4,25,25,135,4,29,271,3247,15.178427457809448
mem0,214,dev_0271,7,13_00032,OK,,2,2970,588,3558,3,26,26,108,3,32,297,3575,17.72943091392517
mem0,214,dev_0271,8,6_00118,OK,,2,2974,560,3534,4,28,28,117,4,36,325,4019,15.937389612197876
mem0,214,dev_0271,9,1_00050,OK,,2,3023,728,3751,4,40,40,107,4,40,365,4471,21.347554683685303
mem0,214,dev_0271,10,11_00049,OK,,2,3260,1071,4331,7,36,36,190,7,47,401,5243,30.680023431777954
mem0,215,dev_0272,1,10_00060,OK,,2,2808,174,2982,3,26,26,165,3,3,26,328,5.286815643310547
mem0,215,dev_0272,2,18_00081,OK,,2,3203,441,3644,6,48,48,380,6,9,74,989,13.781817436218262
mem0,215,dev_0272,3,20_00095,OK,,2,3176,578,3754,5,50,50,276,5,14,124,1549,16.413812398910522
mem0,215,dev_0272,4,12_00086,OK,,2,3236,809,4045,5,56,56,257,3,17,159,1895,23.581768035888672
mem0,215,dev_0272,5,13_00039,OK,,2,3492,822,4314,5,40,40,456,5,22,199,2439,23.44172501564026
mem0,215,dev_0272,6,13_00031,OK,,2,3125,710,3835,4,44,44,204,4,26,243,2893,20.362958192825317
mem0,216,dev_0273,1,2_00091,OK,,2,3043,400,3443,6,60,60,320,0,0,0,0,11.748969793319702
mem0,216,dev_0273,2,5_00118,OK,,2,2847,252,3099,5,35,35,191,5,5,35,558,8.805916786193848
mem0,216,dev_0273,3,15_00117,OK,,2,3172,629,3801,8,73,73,324,8,13,108,1467,18.503862857818604
mem0,216,dev_0273,4,17_00015,OK,,2,3254,790,4044,7,39,39,320,7,20,147,2208,23.05867862701416
mem0,216,dev_0273,5,12_00105,OK,,2,3310,695,4005,4,42,42,355,4,24,189,2663,19.519134283065796
mem0,217,dev_0274,1,5_00002,OK,,2,2820,130,2950,2,22,22,175,2,2,22,220,3.8688454627990723
mem0,217,dev_0274,2,12_00061,OK,,2,3181,286,3467,3,41,41,395,3,5,63,568,8.894341468811035
mem0,217,dev_0274,3,17_00123,OK,,2,3239,512,3751,4,63,63,323,4,9,126,1030,14.529247760772705
mem0,217,dev_0274,4,6_00124,OK,,2,3032,537,3569,4,27,27,172,4,13,153,1464,15.777451753616333
mem0,217,dev_0274,5,11_00068,OK,,2,3180,551,3731,3,30,30,258,3,16,183,1804,15.768280982971191
mem0,217,dev_0274,6,6_00003,OK,,2,3053,641,3694,4,23,23,153,4,20,206,2241,18.51171875
mem0,217,dev_0274,7,13_00115,OK,,2,3301,680,3981,5,54,54,332,4,23,246,2605,19.454757690429688
mem0,218,dev_0276,1,12_00084,OK,,2,3056,314,3370,6,43,43,323,6,6,43,661,10.872942686080933
mem0,218,dev_0276,2,18_00001,OK,,2,3799,1015,4814,12,146,146,765,9,15,136,1659,29.32331347465515
mem0,218,dev_0276,3,6_00036,OK,,2,3265,742,4007,3,33,33,268,3,18,169,1995,20.29599928855896
mem0,218,dev_0276,4,6_00050,OK,,2,3254,887,4141,5,48,48,224,5,23,217,2557,25.56423568725586
mem0,218,dev_0276,5,1_00046,OK,,2,3124,600,3724,5,33,33,252,7,25,226,2782,16.357393503189087
mem0,218,dev_0276,6,18_00120,OK,,2,3502,864,4366,7,48,48,483,7,32,274,3531,24.01525068283081
mem0,218,dev_0276,7,11_00058,OK,,2,3409,849,4258,7,83,83,404,6,37,344,4130,23.006545066833496
mem0,218,dev_0276,8,12_00049,OK,,2,3598,1115,4713,7,75,75,447,6,43,415,4820,29.71544337272644
mem0,219,dev_0277,1,1_00111,OK,,2,3100,264,3364,5,38,38,391,5,5,38,544,7.161496877670288
mem0,219,dev_0277,2,2_00008,OK,,2,2947,366,3313,3,21,21,189,3,8,59,863,10.090334177017212
mem0,219,dev_0277,3,10_00014,OK,,2,3189,718,3907,8,52,52,306,8,16,111,1727,19.209773540496826
mem0,219,dev_0277,4,17_00119,OK,,2,4023,1333,5356,13,173,173,794,13,29,284,3224,36.0096914768219
mem0,219,dev_0277,5,12_00110,OK,,2,3203,754,3957,6,52,52,271,6,32,308,3575,20.267293214797974
mem0,219,dev_0277,6,16_00055,OK,,2,3591,1293,4884,8,75,75,348,9,39,372,4349,34.48810887336731
mem0,219,dev_0277,7,12_00026,OK,,2,3959,1595,5554,10,96,96,540,10,49,468,5482,40.54344892501831
mem0,219,dev_0277,8,3_00113,OK,,2,2879,279,3158,1,10,10,136,1,50,478,5597,6.826843976974487
mem0,219,dev_0277,9,17_00023,OK,,2,3459,1190,4649,7,64,64,337,5,53,509,5978,29.126349449157715
mem0,220,dev_0278,1,8_00114,OK,,2,2791,200,2991,4,24,24,145,4,4,24,441,6.925088405609131
mem0,220,dev_0278,2,2_00038,OK,,2,2877,319,3196,3,22,22,142,3,7,46,769,9.168845176696777
mem0,220,dev_0278,3,2_00002,OK,,2,2979,311,3290,4,31,31,219,3,8,56,924,8.889475107192993
mem0,220,dev_0278,4,18_00014,OK,,2,3572,650,4222,5,69,69,575,5,13,125,1497,18.16166400909424
mem0,220,dev_0278,5,14_00039,OK,,2,3321,835,4156,7,67,67,330,7,20,192,2287,23.133508682250977
mem0,220,dev_0278,6,1_00071,OK,,2,3149,762,3911,4,25,25,201,4,24,217,2723,21.24072003364563
mem0,220,dev_0278,7,15_00124,OK,,2,3576,1085,4661,10,87,87,457,9,32,287,3649,31.09915065765381
mem0,220,dev_0278,8,1_00047,OK,,2,3137,666,3803,3,23,23,216,3,35,310,3981,18.39759349822998
mem0,221,dev_0279,1,18_00072,OK,,2,2953,236,3189,4,41,41,241,4,4,41,452,7.198031187057495
mem0,221,dev_0279,2,3_00120,OK,,2,2825,285,3110,2,15,15,104,2,6,56,666,8.30508804321289
mem0,221,dev_0279,3,8_00022,OK,,2,3196,405,3601,8,96,96,316,2,8,97,908,13.135696649551392
mem0,221,dev_0279,4,12_00103,OK,,2,3201,762,3963,7,56,56,231,6,14,144,1570,21.972769737243652
mem0,221,dev_0279,5,18_00009,OK,,2,3404,899,4303,7,83,83,375,6,19,208,2165,26.450450897216797
mem0,221,dev_0279,6,18_00004,OK,,2,3896,1264,5160,8,109,109,644,5,23,269,2633,35.33965516090393
mem0,221,dev_0279,7,12_00014,OK,,2,3584,970,4554,9,84,84,438,7,29,327,3339,28.042341947555542
mem0,222,dev_0280,1,7_00005,OK,,2,2755,128,2883,2,21,21,130,2,2,21,227,3.981752634048462
mem0,222,dev_0280,2,8_00036,OK,,2,3219,523,3742,8,69,69,374,8,10,90,1110,16.020721435546875
mem0,222,dev_0280,3,3_00122,OK,,2,3088,601,3689,5,22,22,225,5,15,112,1648,17.535414934158325
mem0,222,dev_0280,4,5_00007,OK,,2,3057,566,3623,4,28,28,201,4,19,140,2078,15.814527750015259
mem0,222,dev_0280,5,12_00035,OK,,2,3519,1173,4692,9,71,71,395,9,28,211,3072,33.935720443725586
mem0,222,dev_0280,6,16_00032,OK,,2,3852,1381,5233,10,92,92,615,10,38,303,4199,39.53717064857483
mem0,222,dev_0280,7,11_00092,OK,,2,3306,799,4105,4,33,33,309,4,42,336,4646,22.56809973716736
mem0,222,dev_0280,8,17_00018,OK,,2,3172,679,3851,3,32,32,226,3,45,368,4986,19.51842498779297
mem0,223,dev_0281,1,10_00045,OK,,2,2903,198,3101,4,24,24,245,4,4,24,430,6.333768606185913
mem0,223,dev_0281,2,17_00081,OK,,2,3339,470,3809,6,52,52,493,6,10,76,1094,13.584060192108154
mem0,223,dev_0281,3,19_00102,OK,,2,3227,692,3919,6,47,47,304,6,15,121,1668,20.073744297027588
mem0,223,dev_0281,4,15_00123,OK,,2,3325,786,4111,6,85,85,342,6,21,206,2364,21.95439386367798
mem0,223,dev_0281,5,4_00087,OK,,2,3334,751,4085,6,41,41,362,6,27,247,3019,21.576701879501343
mem0,223,dev_0281,6,2_00114,OK,,2,3150,576,3726,3,44,44,232,3,30,291,3366,16.92228603363037
mem0,223,dev_0281,7,4_00054,OK,,2,3273,879,4152,5,38,38,245,5,35,329,3931,25.310320138931274
mem0,223,dev_0281,8,17_00052,OK,,2,3278,918,4196,6,36,36,250,6,39,352,4401,26.216423988342285
mem0,223,dev_0281,9,13_00025,OK,,2,3182,761,3943,4,32,32,219,4,43,384,4845,21.657906770706177
mem0,223,dev_0281,10,2_00005,OK,,2,3156,664,3820,4,31,31,223,3,45,406,5086,18.54625368118286
mem0,224,dev_0282,1,6_00032,OK,,2,3078,320,3398,6,41,41,343,6,6,41,647,10.826070308685303
mem0,224,dev_0282,2,17_00026,OK,,2,3156,592,3748,7,45,45,328,7,13,86,1418,16.84068202972412
mem0,224,dev_0282,3,18_00053,OK,,2,3242,650,3892,6,38,38,343,6,19,124,2071,19.192957878112793
mem0,224,dev_0282,4,10_00075,OK,,2,3110,722,3832,4,51,51,193,4,23,175,2528,20.699215412139893
mem0,224,dev_0282,5,2_00100,OK,,2,3264,895,4159,9,65,65,297,9,32,240,3506,26.36075210571289
mem0,225,dev_0283,1,16_00035,OK,,2,3177,388,3565,7,65,65,433,7,7,65,792,12.539278507232666
mem0,225,dev_0283,2,2_00024,OK,,2,2946,441,3387,4,16,16,147,4,11,81,1220,12.212892770767212
mem0,225,dev_0283,3,1_00019,OK,,2,3059,453,3512,3,37,37,231,2,13,104,1445,13.351059436798096
mem0,225,dev_0283,4,14_00019,OK,,2,3392,901,4293,9,62,62,413,9,22,166,2435,25.78589177131653
mem0,225,dev_0283,5,3_00043,OK,,2,3334,849,4183,7,53,53,377,7,29,219,3186,25.288917541503906
mem0,226,dev_0284,1,3_00098,OK,,2,2793,154,2947,2,29,29,143,2,2,29,224,4.937507390975952
mem0,226,dev_0284,2,14_00028,OK,,2,2998,346,3344,4,46,46,229,4,6,75,675,10.554980993270874
mem0,226,dev_0284,3,2_00009,OK,,2,3056,481,3537,4,26,26,225,4,10,101,1108,14.139575481414795
mem0,226,dev_0284,4,18_00017,OK,,2,3474,703,4177,6,67,67,490,6,16,168,1789,20.645302534103394
mem0,226,dev_0284,5,16_00036,OK,,2,3518,963,4481,5,62,62,404,5,21,230,2366,27.573014497756958
mem0,227,dev_0285,1,16_00013,OK,,2,3128,374,3502,7,56,56,388,7,7,56,781,12.056213855743408
mem0,227,dev_0285,2,19_00126,OK,,2,3115,511,3626,5,42,42,270,5,12,98,1334,14.324080467224121
mem0,227,dev_0285,3,18_00122,OK,,2,3404,694,4098,6,75,75,444,6,18,173,2026,20.237529516220093
mem0,227,dev_0285,4,15_00099,OK,,2,3241,770,4011,6,64,64,286,5,22,216,2494,21.676015853881836
mem0,227,dev_0285,5,2_00069,OK,,2,3303,760,4063,8,80,80,319,5,26,266,2973,22.462802171707153
mem0,227,dev_0285,6,18_00119,OK,,2,3510,992,4502,6,35,35,405,6,32,301,3614,27.9359347820282
mem0,227,dev_0285,7,1_00026,OK,,2,3397,1086,4483,6,35,35,301,6,38,336,4258,29.98880696296692
mem0,227,dev_0285,8,11_00105,OK,,2,3184,660,3844,3,39,39,233,3,41,375,4604,18.655678749084473
mem0,227,dev_0285,9,2_00108,OK,,2,3365,1006,4371,7,62,62,301,6,46,429,5188,29.270333766937256
mem0,227,dev_0285,10,6_00029,OK,,2,3040,724,3764,4,22,22,126,4,50,451,5622,20.0129132270813
mem0,228,dev_0286,1,10_00108,OK,,2,2954,326,3280,6,50,50,275,6,6,50,655,10.16690468788147
mem0,228,dev_0286,2,11_00045,OK,,2,3008,372,3380,3,24,24,209,3,9,74,978,10.833553791046143
mem0,228,dev_0286,3,3_00094,OK,,2,2944,445,3389,4,23,23,149,4,13,97,1412,12.284605264663696
mem0,228,dev_0286,4,8_00080,OK,,2,3185,715,3900,6,48,48,264,6,19,145,2073,21.27720332145691
mem0,228,dev_0286,5,18_00104,OK,,2,3452,1166,4618,8,78,78,333,7,26,212,2846,33.57902407646179
mem0,228,dev_0286,6,6_00008,OK,,2,3115,739,3854,5,30,30,192,5,31,242,3400,20.811541318893433
mem0,228,dev_0286,7,15_00106,OK,,2,3264,785,4049,4,63,63,264,4,35,305,3863,21.746217012405396
mem0,228,dev_0286,8,4_00114,OK,,2,3004,482,3486,2,9,9,149,2,37,314,4072,13.966569185256958
mem0,228,dev_0286,9,18_00025,OK,,2,4011,1447,5458,9,104,104,680,7,44,388,4866,41.26155376434326
mem0,229,dev_0290,1,9_00021,OK,,2,3040,284,3324,5,42,42,317,5,5,42,548,9.463127613067627
mem0,229,dev_0290,2,11_00061,OK,,2,3265,432,3697,4,36,36,425,4,9,78,991,12.893712997436523
mem0,229,dev_0290,3,17_00103,OK,,2,3614,682,4296,6,42,42,619,6,15,120,1641,20.036149978637695
mem0,229,dev_0290,4,9_00030,OK,,2,3191,653,3844,5,51,51,275,4,18,153,2004,18.363293409347534
mem0,229,dev_0290,5,10_00085,OK,,2,3042,686,3728,5,47,47,155,5,22,195,2475,20.576319694519043
mem0,230,dev_0291,1,3_00124,OK,,2,2813,264,3077,5,37,37,165,5,5,37,551,8.617614269256592
mem0,230,dev_0291,2,4_00008,OK,,2,3032,450,3482,5,33,33,258,6,9,63,979,13.080583333969116
mem0,230,dev_0291,3,7_00010,OK,,2,3100,489,3589,4,29,29,276,4,13,92,1429,14.90579605102539
mem0,230,dev_0291,4,12_00010,OK,,2,3527,917,4444,9,68,68,501,9,21,153,2321,26.666492462158203
mem0,230,dev_0291,5,6_00092,OK,,2,3128,607,3735,3,23,23,240,3,24,176,2650,17.839904308319092
mem0,231,dev_0292,1,17_00110,OK,,2,3486,548,4034,9,107,107,642,9,9,107,1028,17.607205867767334
mem0,231,dev_0292,2,4_00038,OK,,2,3275,662,3937,6,43,43,353,6,15,150,1675,19.014894485473633
mem0,231,dev_0292,3,6_00056,OK,,2,3189,785,3974,5,37,37,212,5,20,187,2219,22.382410287857056
mem0,231,dev_0292,4,18_00035,OK,,2,3319,743,4062,4,40,40,361,4,24,227,2666,21.36812973022461
mem0,231,dev_0292,5,6_00068,OK,,2,3260,747,4007,5,39,39,268,6,26,244,2948,22.02839970588684
mem0,231,dev_0292,6,16_00007,OK,,2,3716,1156,4872,9,60,60,570,9,35,304,3925,33.135454416275024
mem0,231,dev_0292,7,5_00025,OK,,2,2881,452,3333,2,11,11,83,2,37,315,4142,12.537048816680908
mem0,231,dev_0292,8,13_00052,OK,,2,3244,653,3897,3,50,50,300,3,40,365,4498,18.36911654472351
mem0,231,dev_0292,9,16_00025,OK,,2,3496,1149,4645,9,103,103,328,7,42,385,4789,33.06550598144531
mem0,232,dev_0293,1,5_00018,OK,,2,2836,302,3138,5,47,47,143,5,5,47,554,9.58703351020813
mem0,232,dev_0293,2,4_00082,OK,,2,3066,401,3467,3,32,32,245,3,8,79,888,11.57560420036316
mem0,232,dev_0293,3,3_00066,OK,,2,3105,657,3762,6,44,44,224,6,14,123,1543,19.842992067337036
mem0,232,dev_0293,4,1_00033,OK,,2,3127,795,3922,5,29,29,171,5,19,152,2073,22.031606197357178
mem0,232,dev_0293,5,15_00120,OK,,2,3457,882,4339,6,50,50,423,6,25,202,2734,25.89833641052246
mem0,232,dev_0293,6,8_00100,OK,,2,3362,1141,4503,6,69,69,248,5,30,261,3302,32.28682994842529
mem0,233,dev_0294,1,13_00057,OK,,2,3072,298,3370,5,53,53,348,5,5,53,559,8.972568988800049
mem0,233,dev_0294,2,20_00004,OK,,2,3162,517,3679,5,55,55,303,5,10,108,1113,15.810838222503662
mem0,233,dev_0294,3,4_00126,OK,,2,3013,381,3394,2,14,14,192,2,12,122,1333,10.291216373443604
mem0,233,dev_0294,4,3_00065,OK,,2,3228,664,3892,4,33,33,293,4,16,155,1775,19.311540603637695
mem0,233,dev_0294,5,14_00000,OK,,2,3386,1103,4489,8,88,88,272,8,24,243,2684,31.701759815216064
mem0,233,dev_0294,6,16_00125,OK,,2,3226,901,4127,6,39,39,214,6,30,282,3336,26.23359251022339
mem0,234,dev_0295,1,2_00097,OK,,2,2901,204,3105,4,26,26,244,4,4,26,444,7.11331844329834
mem0,234,dev_0295,2,16_00088,OK,,2,2925,381,3306,4,33,33,148,4,8,59,884,10.634580135345459
mem0,234,dev_0295,3,3_00070,OK,,2,3002,444,3446,3,25,25,195,3,11,84,1206,13.136425733566284
mem0,234,dev_0295,4,8_00010,OK,,2,3409,828,4237,8,82,82,438,8,19,166,2115,24.49214267730713
mem0,234,dev_0295,5,15_00028,OK,,2,3588,1176,4764,7,113,113,445,5,23,242,2627,33.33505845069885
mem0,234,dev_0295,6,17_00067,OK,,2,3798,968,4766,6,56,56,633,6,29,298,3290,27.562835931777954
mem0,234,dev_0295,7,5_00069,OK,,2,2875,425,3300,2,12,12,92,2,31,310,3507,12.202559232711792
mem0,234,dev_0295,8,20_00094,OK,,2,3333,1052,4385,6,44,44,232,6,37,354,4157,30.301701068878174
mem0,235,dev_0296,1,18_00045,OK,,2,3159,520,3679,9,99,99,395,9,9,99,1015,15.787467956542969
mem0,235,dev_0296,2,18_00088,OK,,2,3191,565,3756,4,53,53,289,4,13,152,1476,16.770851850509644
mem0,235,dev_0296,3,9_00060,OK,,2,3247,741,3988,5,36,36,270,5,18,188,2024,20.96086049079895
mem0,235,dev_0296,4,8_00028,OK,,2,3481,853,4334,6,60,60,448,6,24,248,2695,25.293939352035522
mem0,235,dev_0296,5,3_00023,OK,,2,3052,632,3684,3,32,32,130,3,27,280,3033,17.728699922561646
mem0,235,dev_0296,6,18_00059,OK,,2,3739,1285,5024,10,70,70,535,9,36,345,4026,36.02599740028381
mem0,235,dev_0296,7,11_00050,OK,,2,3210,670,3880,3,37,37,215,3,38,371,4277,18.956642866134644
mem0,236,dev_0297,1,8_00090,OK,,2,3009,410,3419,9,45,45,297,9,9,45,961,10.136130332946777
mem0,236,dev_0297,2,3_00096,OK,,2,3009,511,3520,4,32,32,199,4,13,77,1396,9.513835668563843
mem0,236,dev_0297,3,8_00123,OK,,2,3131,572,3703,4,34,34,258,4,17,111,1843,10.904347658157349
mem0,236,dev_0297,4,10_00019,OK,,2,3161,645,3806,4,44,44,259,4,21,155,2294,14.233373641967773
mem0,236,dev_0297,5,18_00124,OK,,2,3228,787,4015,6,69,69,276,6,27,224,2979,15.54434323310852
mem0,236,dev_0297,6,7_00066,OK,,2,3206,825,4031,4,39,39,200,4,31,263,3418,15.836495161056519
mem0,236,dev_0297,7,10_00038,OK,,2,3257,850,4107,4,32,32,245,4,35,295,3859,16.775848627090454
mem0,236,dev_0297,8,8_00020,OK,,2,3683,1373,5056,12,92,92,463,11,45,378,4988,27.56023335456848
mem0,237,dev_0298,1,4_00104,OK,,2,2982,354,3336,6,65,65,259,6,6,65,669,8.282404661178589
mem0,237,dev_0298,2,11_00019,OK,,2,3085,414,3499,3,30,30,235,3,9,95,1003,8.020933866500854
mem0,237,dev_0298,3,5_00124,OK,,2,3006,518,3524,4,34,34,173,4,13,129,1444,10.562410354614258
mem0,237,dev_0298,4,8_00052,OK,,2,3190,634,3824,5,47,47,287,5,18,176,2011,12.6182382106781
mem0,237,dev_0298,5,13_00015,OK,,2,2993,480,3473,3,27,27,166,3,21,203,2344,9.061648607254028
mem0,238,dev_0300,1,18_00066,OK,,2,3007,318,3325,6,49,49,294,6,6,49,659,7.068538188934326
mem0,238,dev_0300,2,6_00069,OK,,2,3196,578,3774,6,52,52,314,6,12,101,1342,11.88209867477417
mem0,238,dev_0300,3,18_00010,OK,,2,3481,755,4236,5,73,73,485,5,17,174,1922,14.45663571357727
mem0,238,dev_0300,4,7_00059,OK,,2,3422,907,4329,6,37,37,372,6,23,211,2571,17.519344806671143
mem0,238,dev_0300,5,17_00101,OK,,2,3780,1211,4991,10,102,102,605,10,33,313,3705,24.017733812332153
mem0,238,dev_0300,6,19_00026,OK,,2,3559,1088,4647,7,70,70,422,6,39,379,4383,20.85361075401306
mem0,238,dev_0300,7,3_00025,OK,,2,2850,314,3164,1,14,14,83,1,40,393,4500,6.345698595046997
mem0,238,dev_0300,8,7_00018,OK,,2,2939,470,3409,3,17,17,136,3,43,410,4816,9.115146160125732
mem0,238,dev_0300,9,16_00076,OK,,2,3666,1167,4833,6,46,46,468,6,49,456,5490,22.880961656570435
mem0,239,dev_0302,1,13_00092,OK,,2,3133,276,3409,5,43,43,412,5,5,43,557,5.899138689041138
mem0,239,dev_0302,2,5_00091,OK,,2,2898,362,3260,3,21,21,151,3,8,64,890,7.027923822402954
mem0,239,dev_0302,3,12_00008,OK,,2,3492,770,4262,8,94,94,521,8,16,158,1800,15.471337795257568
mem0,239,dev_0302,4,1_00097,OK,,2,3125,756,3881,6,45,45,190,6,22,203,2452,15.037084341049194
mem0,239,dev_0302,5,9_00057,OK,,2,3607,1283,4890,9,81,81,413,8,30,266,3333,25.46422505378723
mem0,239,dev_0302,6,20_00065,OK,,2,3470,1091,4561,6,56,56,339,6,36,322,4018,20.803584098815918
mem0,240,dev_0303,1,9_00075,OK,,2,2800,220,3020,4,33,33,151,4,4,33,443,4.855901718139648
mem0,240,dev_0303,2,18_00117,OK,,2,3083,347,3430,3,33,33,300,3,7,66,779,7.096059083938599
mem0,240,dev_0303,3,19_00052,OK,,2,3498,821,4319,8,105,105,505,8,15,171,1713,16.386738061904907
mem0,240,dev_0303,4,10_00103,OK,,2,3273,853,4126,7,47,47,284,7,22,218,2469,16.870484828948975
mem0,240,dev_0303,5,18_00110,OK,,2,3334,848,4182,6,74,74,298,6,28,292,3159,17.32062268257141
mem0,240,dev_0303,6,9_00015,OK,,2,3542,1204,4746,9,96,96,349,7,34,356,3858,23.46063542366028
mem0,240,dev_0303,7,13_00041,OK,,2,3613,1210,4823,8,67,67,406,8,42,423,4741,23.621472597122192
mem0,240,dev_0303,8,16_00062,OK,,2,3532,1237,4769,8,67,67,316,8,50,490,5624,24.046733140945435
mem0,240,dev_0303,9,19_00084,OK,,2,3726,1186,4912,5,67,67,477,5,55,557,6195,22.488826751708984
mem0,240,dev_0303,10,13_00086,OK,,2,3468,999,4467,4,43,43,309,4,59,600,6639,19.017579078674316
mem0,241,dev_0304,1,16_00000,OK,,2,3051,366,3417,7,55,55,325,7,7,55,777,7.890240907669067
mem0,241,dev_0304,2,3_00050,OK,,2,3200,686,3886,8,56,56,313,8,15,111,1663,14.093559980392456
mem0,241,dev_0304,3,20_00079,OK,,2,3281,841,4122,5,52,52,274,5,20,163,2215,16.376639127731323
mem0,241,dev_0304,4,7_00014,OK,,2,3143,640,3783,3,21,21,244,3,23,184,2547,12.240478277206421
mem0,241,dev_0304,5,17_00004,OK,,2,3224,721,3945,5,32,32,291,5,28,216,3093,13.984807252883911
mem0,241,dev_0304,6,18_00036,OK,,2,3424,1003,4427,10,41,41,376,9,35,241,3859,19.700926542282104
mem0,241,dev_0304,7,19_00013,OK,,2,3386,948,4334,6,42,42,342,6,41,283,4509,18.360018968582153
mem0,241,dev_0304,8,17_00010,OK,,2,3150,719,3869,6,45,45,238,6,45,315,4975,14.4645836353302
mem0,242,dev_0305,1,17_00025,OK,,2,2955,288,3243,6,34,34,289,6,6,34,656,6.418642282485962
mem0,242,dev_0305,2,20_00077,OK,,2,3148,593,3741,6,63,63,275,6,12,97,1337,12.109477281570435
mem0,242,dev_0305,3,3_00077,OK,,1,1153,6,1159,0,0,0,171,0,12,97,1337,0.20078063011169434
mem0,242,dev_0305,4,17_00073,OK,,2,3830,641,4471,6,65,65,855,6,18,162,2007,12.85375428199768
mem0,242,dev_0305,5,20_00073,OK,,2,3495,985,4480,6,41,41,387,5,23,197,2549,18.5755136013031
mem0,243,dev_0306,1,14_00049,OK,,2,3173,258,3431,4,50,50,454,4,4,50,465,5.5368475914001465
mem0,243,dev_0306,2,1_00123,OK,,2,2912,298,3210,2,16,16,154,2,6,66,685,5.854908227920532
mem0,243,dev_0306,3,18_00043,OK,,2,3332,611,3943,7,50,50,449,7,13,116,1459,12.144295930862427
mem0,243,dev_0306,4,10_00035,OK,,2,3227,842,4069,7,38,38,258,7,19,151,2130,16.54306936264038
mem0,243,dev_0306,5,16_00070,OK,,2,3328,671,3999,4,49,49,369,4,23,200,2585,13.004958152770996
mem0,243,dev_0306,6,18_00085,OK,,2,3278,635,3913,3,38,38,333,3,26,238,2918,12.166459083557129
mem0,243,dev_0306,7,8_00007,OK,,2,3553,1146,4699,10,90,90,410,9,35,303,3897,22.420275688171387
mem0,244,dev_0307,1,14_00052,OK,,2,3167,488,3655,9,71,71,378,9,9,71,994,10.36269474029541
mem0,244,dev_0307,2,18_00037,OK,,2,3289,814,4103,9,56,56,352,9,18,127,1966,16.498945474624634
mem0,244,dev_0307,3,14_00037,OK,,2,3315,939,4254,7,48,48,307,7,25,175,2728,18.29314374923706
mem0,244,dev_0307,4,17_00008,OK,,2,3297,976,4273,6,37,37,273,4,29,201,3173,18.754663705825806
mem0,244,dev_0307,5,11_00029,OK,,2,3339,964,4303,6,50,50,288,6,35,251,3838,18.906661987304688
mem0,244,dev_0307,6,17_00027,OK,,2,3201,804,4005,5,37,37,234,5,39,284,4292,15.724052429199219
mem0,245,dev_0308,1,15_00093,OK,,2,2864,364,3228,8,35,35,173,8,8,35,845,7.907032012939453
mem0,245,dev_0308,2,17_00125,OK,,2,3404,663,4067,6,68,68,458,6,14,103,1515,13.269307374954224
mem0,245,dev_0308,3,5_00075,OK,,2,2978,557,3535,4,28,28,156,4,18,131,1945,11.089559555053711
mem0,245,dev_0308,4,12_00106,OK,,2,3225,923,4148,6,46,46,205,6,24,177,2601,18.079301118850708
mem0,245,dev_0308,5,4_00037,OK,,2,3087,619,3706,4,26,26,201,4,28,203,3044,12.082485914230347
mem0,246,dev_0309,1,12_00003,OK,,2,3438,777,4215,15,121,121,572,15,15,121,1656,16.765108346939087
mem0,246,dev_0309,2,8_00039,OK,,2,3503,933,4436,7,87,87,453,7,22,208,2449,18.14991784095764
mem0,246,dev_0309,3,17_00019,OK,,2,3352,1011,4363,6,51,51,283,6,28,259,3106,19.647780895233154
mem0,246,dev_0309,4,17_00033,OK,,2,3188,559,3747,2,28,28,294,2,30,287,3336,10.741947889328003
mem0,246,dev_0309,5,5_00116,OK,,2,3384,1080,4464,7,43,43,320,7,37,330,4096,20.904077291488647
mem0,246,dev_0309,6,6_00090,OK,,2,3052,727,3779,4,18,18,150,4,41,348,4520,13.91427230834961
mem0,246,dev_0309,7,4_00032,OK,,2,3497,1177,4674,12,109,109,376,9,48,411,5349,23.3749737739563
mem0,246,dev_0309,8,4_00070,OK,,2,3248,885,4133,4,37,37,216,4,52,448,5784,16.698429107666016
mem0,246,dev_0309,9,10_00036,OK,,2,3208,776,3984,5,37,37,244,4,55,474,6138,15.06346583366394
mem0,247,dev_0310,1,9_00072,OK,,2,2836,264,3100,5,36,36,169,5,5,36,544,5.68630051612854
mem0,247,dev_0310,2,13_00006,OK,,2,3013,495,3508,6,38,38,224,6,11,74,1196,10.405827045440674
mem0,247,dev_0310,3,13_00104,OK,,2,3340,737,4077,6,52,52,360,6,17,126,1856,14.74303650856018
mem0,247,dev_0310,4,1_00066,OK,,2,3038,672,3710,7,41,41,173,7,22,154,2442,13.541077613830566
mem0,247,dev_0310,5,11_00126,OK,,2,3637,1293,4930,12,112,112,486,12,34,266,3773,25.909705877304077
mem0,247,dev_0310,6,13_00117,OK,,2,3654,1364,5018,8,69,69,425,6,40,324,4441,26.438103199005127
mem0,248,dev_0313,1,5_00020,OK,,2,2836,124,2960,2,17,17,183,2,2,17,218,2.9498701095581055
mem0,248,dev_0313,2,11_00091,OK,,2,3018,223,3241,2,26,26,265,2,4,43,450,4.705779552459717
mem0,248,dev_0313,3,4_00047,OK,,2,3088,396,3484,4,33,33,281,4,8,76,900,7.982509613037109
mem0,248,dev_0313,4,3_00001,OK,,2,3011,369,3380,2,15,15,219,2,10,91,1123,7.274017810821533
mem0,248,dev_0313,5,3_00032,OK,,2,3139,602,3741,3,32,32,233,3,13,123,1469,11.948101043701172
mem0,248,dev_0313,6,15_00006,OK,,2,3346,844,4190,8,58,58,353,8,21,181,2326,17.253037214279175
mem0,248,dev_0313,7,5_00015,OK,,2,2973,407,3380,3,17,17,168,3,23,192,2566,8.126673460006714
mem0,248,dev_0313,8,2_00036,OK,,2,3010,487,3497,4,31,31,172,1,24,207,2684,9.909889459609985
mem0,248,dev_0313,9,11_00002,OK,,2,3209,1072,4281,7,55,55,161,7,31,262,3453,21.25856351852417
mem0,249,dev_0314,1,13_00038,OK,,2,3152,476,3628,9,74,74,394,9,9,74,990,10.622802257537842
mem0,249,dev_0314,2,14_00034,OK,,2,3180,651,3831,4,60,60,270,4,13,134,1459,12.539817094802856
mem0,249,dev_0314,3,17_00109,OK,,2,3994,1170,5164,10,114,114,750,10,23,248,2603,23.772763967514038
mem0,249,dev_0314,4,10_00111,OK,,2,3181,579,3760,4,24,24,293,4,27,272,3041,11.509660959243774
mem0,249,dev_0314,5,3_00108,OK,,2,2805,265,3070,1,7,7,75,1,28,279,3157,5.143751859664917
mem0,249,dev_0314,6,4_00076,OK,,2,3280,758,4038,4,35,35,282,4,32,314,3606,14.524217128753662
mem0,249,dev_0314,7,18_00091,OK,,2,3476,840,4316,4,54,54,405,4,36,368,4055,16.010063886642456
mem0,249,dev_0314,8,6_00005,OK,,2,2916,457,3373,4,20,20,141,4,40,388,4485,9.158119201660156
mem0,249,dev_0314,9,3_00074,OK,,2,3533,1244,4777,7,60,60,319,7,47,448,5261,24.283965587615967
mem0,249,dev_0314,10,4_00110,OK,,2,3088,706,3794,5,31,31,163,5,51,468,5702,13.643142700195312
mem0,250,dev_0315,1,3_00106,OK,,1,1111,6,1117,0,0,0,135,0,0,0,0,0.17742371559143066
mem0,250,dev_0315,2,1_00089,OK,,2,3033,282,3315,5,44,44,329,5,5,44,564,6.686499118804932
mem0,250,dev_0315,3,9_00106,OK,,2,3076,489,3565,5,47,47,267,5,10,91,1106,9.90906047821045
mem0,250,dev_0315,4,20_00007,OK,,2,3237,743,3980,7,36,36,308,7,17,127,1853,14.892471551895142
mem0,250,dev_0315,5,12_00077,OK,,2,3355,910,4265,12,79,79,338,9,23,164,2565,19.604531049728394
mem0,250,dev_0315,6,20_00047,OK,,2,3586,888,4474,6,53,53,536,6,29,217,3234,17.943379640579224
mem0,250,dev_0315,7,16_00098,OK,,2,3251,813,4064,5,36,36,292,5,34,253,3784,16.357959508895874
mem0,251,dev_0317,1,8_00012,OK,,2,3068,268,3336,5,38,38,338,4,4,32,437,9.222928285598755
mem0,251,dev_0317,2,15_00087,OK,,2,3116,464,3580,4,71,71,281,4,8,103,922,13.472718000411987
mem0,251,dev_0317,3,2_00039,OK,,2,3061,533,3594,4,26,26,197,4,12,129,1355,14.693176031112671
mem0,251,dev_0317,4,16_00101,OK,,2,3238,886,4124,10,61,61,280,8,18,167,2058,24.623225688934326
mem0,251,dev_0317,5,2_00073,OK,,2,3297,658,3955,6,75,75,349,6,24,242,2751,18.720032691955566
mem0,252,dev_0318,1,19_00074,OK,,2,3280,334,3614,5,69,69,519,5,5,69,574,9.855766296386719
mem0,252,dev_0318,2,3_00126,OK,,2,2969,370,3339,3,21,21,177,3,8,90,903,11.02368426322937
mem0,252,dev_0318,3,15_00092,OK,,2,3299,610,3909,5,81,81,348,4,12,149,1376,17.422752618789673
mem0,252,dev_0318,4,4_00053,OK,,2,3191,572,3763,3,25,25,267,3,15,174,1699,16.394009590148926
mem0,252,dev_0318,5,13_00098,OK,,2,3343,769,4112,5,58,58,369,5,20,232,2268,21.911592483520508
mem0,252,dev_0318,6,12_00088,OK,,2,3333,659,3992,3,26,26,347,3,23,258,2606,18.77712917327881
mem0,252,dev_0318,7,13_00037,OK,,2,3522,926,4448,8,83,83,431,8,30,331,3412,27.10909414291382
mem0,252,dev_0318,8,7_00064,OK,,2,3224,707,3931,3,27,27,244,3,33,358,3753,19.80000925064087
mem0,252,dev_0318,9,2_00106,OK,,2,3415,1150,4565,7,38,38,265,7,40,396,4514,33.36474967002869
mem0,252,dev_0318,10,14_00003,OK,,2,3451,1025,4476,6,51,51,308,5,45,444,5069,29.611488342285156
mem0,253,dev_0319,1,11_00076,OK,,2,2977,170,3147,3,26,26,309,3,3,26,330,5.412503957748413
mem0,253,dev_0319,2,19_00117,OK,,2,2985,351,3336,4,36,36,225,4,7,62,773,10.457940101623535
mem0,253,dev_0319,3,10_00062,OK,,2,3056,400,3456,3,17,17,252,3,10,79,1091,11.881615161895752
mem0,253,dev_0319,4,5_00030,OK,,2,3010,588,3598,4,29,29,147,4,14,108,1528,16.79169487953186
mem0,253,dev_0319,5,18_00008,OK,,2,3474,867,4341,6,86,86,433,6,20,194,2243,25.267417192459106
mem0,253,dev_0319,6,19_00036,OK,,2,3427,1012,4439,6,61,61,327,6,26,255,2929,28.39004635810852
mem0,254,dev_0320,1,7_00040,OK,,2,2907,158,3065,3,19,19,251,3,3,19,329,4.495011806488037
mem0,254,dev_0320,2,8_00089,OK,,2,3014,351,3365,4,41,41,250,4,7,60,776,10.663698434829712
mem0,254,dev_0320,3,17_00084,OK,,2,3456,665,4121,6,76,76,516,6,13,136,1461,19.117016315460205
mem0,254,dev_0320,4,19_00095,OK,,2,3174,661,3835,5,36,36,242,5,17,168,1920,19.128799438476562
mem0,254,dev_0320,5,15_00047,OK,,2,3593,1017,4610,7,51,51,474,7,24,219,2687,29.068915843963623
mem0,254,dev_0320,6,9_00039,OK,,2,3434,680,4114,4,48,48,453,4,28,267,3149,19.76661968231201
mem0,254,dev_0320,7,3_00081,OK,,2,2826,280,3106,1,10,10,89,1,29,277,3256,7.765028476715088
mem0,254,dev_0320,8,2_00065,OK,,2,3434,1223,4657,14,105,105,356,15,39,356,4412,36.18452978134155
mem0,255,dev_0321,1,5_00035,OK,,2,2788,148,2936,3,14,14,152,3,3,14,316,4.659255266189575
mem0,255,dev_0321,2,19_00096,OK,,2,3018,394,3412,6,31,31,245,6,9,45,961,11.678887605667114
mem0,255,dev_0321,3,8_00031,OK,,2,3232,688,3920,6,62,62,309,6,15,107,1647,20.901732683181763
mem0,255,dev_0321,4,2_00058,OK,,2,3187,759,3946,7,67,67,268,5,18,124,2002,22.296999216079712
mem0,255,dev_0321,5,11_00072,OK,,2,3309,811,4120,4,55,55,318,4,22,179,2469,22.522462844848633
mem0,255,dev_0321,6,4_00003,OK,,2,3052,621,3673,4,24,24,188,4,26,203,2901,18.148797512054443
mem0,256,dev_0322,1,18_00057,OK,,2,3146,476,3622,9,74,74,379,9,9,74,987,14.410038948059082
mem0,256,dev_0322,2,10_00114,OK,,2,3026,546,3572,4,32,32,178,4,13,106,1428,15.86398458480835
mem0,256,dev_0322,3,13_00016,OK,,2,3167,840,4007,9,54,54,246,9,22,160,2401,24.47246766090393
mem0,256,dev_0322,4,17_00055,OK,,2,3109,544,3653,4,22,22,260,4,26,182,2831,15.885201692581177
mem0,256,dev_0322,5,10_00083,OK,,2,3093,695,3788,5,28,28,187,5,31,210,3372,20.261317014694214
mem0,256,dev_0322,6,2_00122,OK,,2,3381,724,4105,6,41,41,454,6,37,251,4028,21.16168713569641
mem0,256,dev_0322,7,15_00012,OK,,2,3458,1055,4513,11,105,105,407,11,46,343,5070,30.809288501739502
mem0,256,dev_0322,8,3_00029,OK,,2,3309,962,4271,7,52,52,311,5,51,379,5611,27.848234176635742
mem0,256,dev_0322,9,16_00001,OK,,2,3586,1189,4775,8,77,77,415,9,57,431,6298,36.53076648712158
mem0,256,dev_0322,10,7_00058,OK,,2,3306,921,4227,5,43,43,275,5,62,474,6853,26.44144105911255
mem0,257,dev_0323,1,6_00126,OK,,2,2773,168,2941,3,23,23,143,3,3,23,320,5.332383394241333
mem0,257,dev_0323,2,18_00005,OK,,2,3470,665,4135,8,125,125,533,8,11,148,1269,20.652867794036865
mem0,257,dev_0323,3,18_00049,OK,,2,3444,907,4351,9,59,59,417,9,20,207,2264,27.006719827651978
mem0,257,dev_0323,4,12_00065,OK,,2,3342,876,4218,6,55,55,316,5,24,241,2723,24.61363697052002
mem0,257,dev_0323,5,2_00116,OK,,2,3245,842,4087,6,34,34,238,6,30,275,3373,24.15999937057495
mem0,257,dev_0323,6,20_00092,OK,,2,3440,1197,4637,9,73,73,304,9,39,348,4368,34.70040941238403
mem0,257,dev_0323,7,7_00054,OK,,2,3177,742,3919,6,47,47,233,6,43,379,4846,21.41750931739807
mem0,257,dev_0323,8,2_00079,OK,,2,3329,936,4265,9,51,51,242,6,44,378,5007,26.87415647506714
mem0,257,dev_0323,9,6_00084,OK,,2,3612,1542,5154,13,90,90,340,12,56,459,6314,44.523786544799805
mem0,257,dev_0323,10,6_00023,OK,,2,2911,408,3319,2,7,7,130,2,58,466,6523,11.61214280128479
mem0,258,dev_0325,1,16_00073,OK,,2,2916,240,3156,4,40,40,217,4,4,40,456,6.794990539550781
mem0,258,dev_0325,2,10_00049,OK,,2,3008,343,3351,3,26,26,231,3,7,66,792,10.325564861297607
mem0,258,dev_0325,3,8_00118,OK,,2,3185,630,3815,6,56,56,310,6,13,122,1456,18.56371808052063
mem0,258,dev_0325,4,2_00111,OK,,2,3237,797,4034,8,40,40,299,8,21,162,2333,23.70246171951294
mem0,258,dev_0325,5,1_00069,OK,,2,2933,443,3376,2,18,18,129,2,23,180,2552,12.833629608154297
mem0,258,dev_0325,6,9_00027,OK,,2,3272,686,3958,4,43,43,324,4,27,223,3012,19.63334321975708
mem0,258,dev_0325,7,19_00024,OK,,2,3442,932,4374,6,73,73,411,6,33,296,3699,26.800611972808838
mem0,259,dev_0326,1,12_00115,OK,,2,2908,290,3198,6,37,37,242,6,6,37,642,9.729391813278198
mem0,259,dev_0326,2,2_00086,OK,,2,3149,585,3734,6,60,60,302,9,7,66,781,16.452096939086914
mem0,259,dev_0326,3,10_00094,OK,,2,3090,538,3628,5,56,56,255,5,12,122,1344,15.986960411071777
mem0,259,dev_0326,4,5_00005,OK,,2,3045,506,3551,4,29,29,191,4,16,151,1788,13.980657577514648
mem0,259,dev_0326,5,10_00076,OK,,2,3020,513,3533,3,22,22,162,3,18,165,2026,14.887704610824585
mem0,259,dev_0326,6,17_00045,OK,,2,3374,791,4165,6,61,61,408,6,24,226,2697,23.96227264404297
mem0,259,dev_0326,7,10_00082,OK,,2,3049,528,3577,4,42,42,209,4,28,268,3144,14.847233057022095
mem0,259,dev_0326,8,12_00036,OK,,2,3426,816,4242,6,81,81,418,6,33,339,3742,23.754018306732178
mem0,259,dev_0326,9,4_00091,OK,,2,3338,842,4180,4,42,42,298,4,37,381,4198,23.47819209098816
mem0,259,dev_0326,10,14_00017,OK,,2,3360,905,4265,4,28,28,274,4,41,409,4627,26.253746032714844
mem0,260,dev_0327,1,4_00079,OK,,2,2912,282,3194,5,48,48,216,5,5,48,560,9.511039018630981
mem0,260,dev_0327,2,17_00099,OK,,2,3760,595,4355,7,65,65,830,7,12,113,1346,18.55452561378479
mem0,260,dev_0327,3,16_00026,OK,,2,3427,707,4134,6,52,52,451,6,18,165,2013,20.437623262405396
mem0,260,dev_0327,4,8_00063,OK,,2,3307,795,4102,5,49,49,323,5,23,214,2574,23.728307008743286
mem0,260,dev_0327,5,17_00036,OK,,2,3326,816,4142,4,37,37,322,4,27,251,3018,22.587364435195923
mem0,260,dev_0327,6,6_00083,OK,,2,3204,685,3889,6,45,45,287,6,32,287,3577,20.00718069076538
mem0,260,dev_0327,7,3_00123,OK,,2,2966,491,3457,2,12,12,141,2,34,299,3790,14.048474311828613
mem0,260,dev_0327,8,5_00102,OK,,2,2864,383,3247,2,13,13,93,2,36,312,4011,11.058181285858154
mem0,261,dev_0329,1,14_00059,OK,,2,3091,268,3359,4,54,54,372,4,4,54,463,8.167014837265015
mem0,261,dev_0329,2,2_00057,OK,,2,3100,552,3652,5,65,65,265,4,8,88,909,16.439696311950684
mem0,261,dev_0329,3,4_00074,OK,,2,3092,541,3633,4,38,38,220,4,12,126,1354,16.523047924041748
mem0,261,dev_0329,4,5_00115,OK,,2,2927,432,3359,2,26,26,120,2,14,152,1588,11.642311334609985
mem0,261,dev_0329,5,6_00110,OK,,2,3064,710,3774,4,26,26,140,4,18,178,2022,19.759378671646118
mem0,261,dev_0329,6,1_00056,OK,,2,3078,541,3619,3,29,29,198,3,21,207,2364,15.293689727783203
mem0,261,dev_0329,7,17_00016,OK,,2,3412,899,4311,5,48,48,357,5,26,255,2932,25.25535225868225
mem0,262,dev_0330,1,20_00061,OK,,2,3003,320,3323,6,47,47,305,6,6,47,661,10.126075506210327
mem0,262,dev_0330,2,2_00081,OK,,2,3166,642,3808,8,61,61,326,7,12,91,1343,19.289878368377686
mem0,262,dev_0330,3,2_00023,OK,,2,3038,530,3568,3,20,20,185,3,15,111,1665,15.51749587059021
mem0,262,dev_0330,4,13_00125,OK,,2,3398,799,4197,7,57,57,421,7,20,156,2263,23.103554487228394
mem0,262,dev_0330,5,9_00066,OK,,2,3091,739,3830,4,26,26,144,4,24,182,2708,20.77814817428589
mem0,262,dev_0330,6,1_00091,OK,,2,3217,652,3869,6,51,51,296,4,26,202,2982,19.423431634902954
mem0,262,dev_0330,7,10_00021,OK,,2,3246,870,4116,4,32,32,244,4,30,234,3421,24.45219135284424
mem0,263,dev_0331,1,9_00031,OK,,2,3096,230,3326,4,36,36,406,4,4,36,445,7.341736793518066
mem0,263,dev_0331,2,1_00109,OK,,2,3101,432,3533,5,38,38,305,5,9,74,993,13.20092248916626
mem0,263,dev_0331,3,9_00094,OK,,2,3007,517,3524,4,40,40,185,4,13,114,1451,14.753297090530396
mem0,263,dev_0331,4,14_00112,OK,,2,3517,853,4370,7,65,65,506,7,20,179,2236,25.042256116867065
mem0,263,dev_0331,5,17_00002,OK,,2,3110,705,3815,4,28,28,187,4,24,207,2670,20.510706663131714
mem0,263,dev_0331,6,13_00001,OK,,2,3199,866,4065,6,44,44,216,6,30,251,3323,25.213489770889282
mem0,263,dev_0331,7,14_00111,OK,,2,3565,1210,4775,10,68,68,396,9,39,310,4304,35.05202007293701
mem0,263,dev_0331,8,8_00009,OK,,2,3802,1486,5288,11,108,108,524,12,49,413,5405,42.49654769897461
mem0,264,dev_0332,1,3_00090,OK,,2,2731,118,2849,2,16,16,117,2,2,16,222,3.810192823410034
mem0,264,dev_0332,2,3_00110,OK,,2,2828,250,3078,5,40,40,123,3,5,39,545,8.002156019210815
mem0,264,dev_0332,3,16_00089,OK,,2,3060,525,3585,5,60,60,213,5,10,99,1115,15.525634765625
mem0,264,dev_0332,4,17_00056,OK,,2,3221,838,4059,7,66,66,250,7,17,165,1885,23.840697526931763
mem0,264,dev_0332,5,7_00039,OK,,2,3320,910,4230,5,54,54,273,5,22,219,2454,26.291775465011597
mem0,264,dev_0332,6,16_00028,OK,,2,3594,1185,4779,8,108,108,405,7,29,306,3253,34.425750494003296
mem0,264,dev_0332,7,19_00051,OK,,2,3662,1281,4943,9,70,70,472,9,38,376,4249,37.21303915977478
mem0,264,dev_0332,8,19_00081,OK,,2,3630,1098,4728,8,94,94,457,8,45,456,5063,31.38667368888855
