example_id,session_index,attempts,orig_input,orig_output,orig_total,no_reason_input,no_reason_output,no_reason_total,output_only_no_reason_input,output_only_no_reason_output,output_only_no_reason_total,reasoning_output_delta,reasoning_verifier_input_delta,reasoning_generation_input_delta,stored_full,stored_no_reason,implicit_only
dev_0004,1,2,2955,284,3239,2772,163,2935,2955,163,3118,121,121,62,79,20,12
dev_0004,2,1,2409,158,2567,2282,90,2372,2409,90,2499,68,68,59,102,34,26
dev_0037,1,1,1096,143,1239,1033,80,1113,1096,80,1176,63,63,0,87,24,16
dev_0037,2,1,1603,116,1719,1468,44,1512,1603,44,1647,72,72,63,106,34,26
dev_0037,3,1,2416,128,2544,2261,45,2306,2416,45,2461,83,83,72,118,35,27
dev_0037,4,1,3088,136,3224,2919,50,2969,3088,50,3138,86,86,83,126,40,32
dev_0037,5,1,3317,177,3494,3138,84,3222,3317,84,3401,93,93,86,131,38,30
dev_0038,1,1,1572,169,1741,1494,91,1585,1572,91,1663,78,78,0,105,27,19
dev_0038,2,1,2384,137,2521,2212,43,2255,2384,43,2427,94,94,78,127,33,25
dev_0038,3,1,3302,164,3466,3124,80,3204,3302,80,3382,84,84,94,119,35,27
dev_0038,4,1,3955,158,4113,3793,80,3873,3955,80,4035,78,78,84,110,32,24
dev_0038,5,1,4778,168,4946,4613,81,4694,4778,81,4859,87,87,78,120,33,25
dev_0036,1,1,1045,193,1238,960,108,1068,1045,108,1153,85,85,0,122,37,29
dev_0036,2,1,1755,184,1939,1563,77,1640,1755,77,1832,107,107,85,135,28,20
dev_0036,3,1,2133,134,2267,1935,43,1978,2133,43,2176,91,91,107,124,33,25
dev_0036,4,1,2478,174,2652,2288,75,2363,2478,75,2553,99,99,91,134,35,27
dev_0036,5,1,3435,171,3606,3240,75,3315,3435,75,3510,96,96,99,131,35,27
dev_0008,1,1,1436,101,1537,1374,39,1413,1436,39,1475,62,62,0,91,29,21
dev_0008,2,1,2370,206,2576,2207,105,2312,2370,105,2475,101,101,62,139,38,30
dev_0008,3,1,3385,180,3565,3196,92,3288,3385,92,3477,88,88,101,132,44,36
dev_0008,4,1,4136,216,4352,3949,117,4066,4136,117,4253,99,99,88,148,49,41
dev_0008,5,1,5049,198,5247,4849,97,4946,5049,97,5146,101,101,99,143,42,34
dev_0035,1,1,1106,129,1235,1016,39,1055,1106,39,1145,90,90,0,119,29,21
dev_0035,2,1,1947,106,2053,1794,43,1837,1947,43,1990,63,63,90,96,33,25
dev_0035,3,1,2227,165,2392,2087,88,2175,2227,88,2315,77,77,63,113,36,28
dev_0035,4,1,2808,162,2970,2641,72,2713,2808,72,2880,90,90,77,119,29,21
dev_0035,5,1,3859,187,4046,3662,80,3742,3859,80,3939,107,107,90,140,33,25
dev_0035,6,1,4464,188,4652,4259,90,4349,4464,90,4554,98,98,107,136,38,30
dev_0003,1,1,1567,167,1734,1478,78,1556,1567,78,1645,89,89,0,124,35,27
dev_0003,2,1,2555,160,2715,2394,88,2482,2555,88,2643,72,72,89,105,33,25
dev_0003,3,1,3201,142,3343,3067,80,3147,3201,80,3281,62,62,72,94,32,24
dev_0003,4,1,3949,148,4097,3830,91,3921,3949,91,4040,57,57,62,91,34,26
dev_0003,5,1,5012,161,5173,4880,86,4966,5012,86,5098,75,75,57,109,34,26
dev_0003,6,1,5665,154,5819,5522,86,5608,5665,86,5751,68,68,75,102,34,26
dev_0014,1,1,1884,190,2074,1781,87,1868,1884,87,1971,103,103,0,135,32,24
dev_0014,2,1,3001,176,3177,2808,86,2894,3001,86,3087,90,90,103,120,30,22
dev_0014,3,1,3772,161,3933,3599,78,3677,3772,78,3850,83,83,90,114,31,23
dev_0014,4,1,4518,178,4696,4360,103,4463,4518,103,4621,75,75,83,112,37,29
dev_0014,5,1,4922,166,5088,4784,103,4887,4922,103,5025,63,63,75,98,35,27
dev_0014,6,1,6067,170,6237,5911,77,5988,6067,77,6144,93,93,63,125,32,24
dev_0009,1,1,1304,171,1475,1212,79,1291,1304,79,1383,92,92,0,121,29,21
dev_0009,2,1,1948,157,2105,1787,88,1875,1948,88,2036,69,69,92,97,28,20
dev_0009,3,1,3443,168,3611,3298,92,3390,3443,92,3535,76,76,69,114,38,30
dev_0009,4,1,4129,183,4312,3960,90,4050,4129,90,4219,93,93,76,131,38,30
dev_0009,5,1,5315,207,5522,5122,107,5229,5315,107,5422,100,100,93,144,44,36
dev_0009,6,1,6108,167,6275,5927,86,6013,6108,86,6194,81,81,100,114,33,25
dev_0032,1,1,950,117,1067,865,32,897,950,32,982,85,85,0,107,22,14
dev_0032,2,1,1828,161,1989,1650,68,1718,1828,68,1896,93,93,85,117,24,16
dev_0032,3,1,2524,179,2703,2343,91,2434,2524,91,2615,88,88,93,119,31,23
dev_0032,4,1,2961,164,3125,2787,78,2865,2961,78,3039,86,86,88,116,30,22
dev_0032,5,1,4191,167,4358,4021,83,4104,4191,83,4274,84,84,86,121,37,29
dev_0032,6,1,5161,162,5323,5005,90,5095,5161,90,5251,72,72,84,108,36,28
dev_0032,7,1,5904,155,6059,5766,89,5855,5904,89,5993,66,66,72,100,34,26
dev_0027,1,1,1098,105,1203,1029,36,1065,1098,36,1134,69,69,0,95,26,18
dev_0027,2,1,1745,191,1936,1564,79,1643,1745,79,1824,112,112,69,144,32,24
dev_0027,3,2,4393,366,4759,3879,173,4052,4393,173,4566,193,193,321,129,33,25
dev_0027,4,1,2477,173,2650,2286,78,2364,2477,78,2555,95,95,96,124,29,21
dev_0027,5,1,2843,163,3006,2653,68,2721,2843,68,2911,95,95,95,125,30,22
dev_0027,6,1,3537,180,3717,3340,78,3418,3537,78,3615,102,102,95,138,36,28
dev_0027,7,1,3876,175,4051,3687,88,3775,3876,88,3964,87,87,102,122,35,27
dev_0029,1,1,1500,152,1652,1425,77,1502,1500,77,1577,75,75,0,99,24,16
dev_0029,2,1,1958,181,2139,1803,101,1904,1958,101,2059,80,80,75,115,35,27
dev_0029,3,1,2576,152,2728,2425,81,2506,2576,81,2657,71,71,80,105,34,26
dev_0029,4,1,3290,178,3468,3120,79,3199,3290,79,3369,99,99,71,137,38,30
dev_0029,5,1,4678,181,4859,4491,93,4584,4678,93,4771,88,88,99,125,37,29
dev_0029,6,1,5337,189,5526,5148,88,5236,5337,88,5425,101,101,88,138,37,29
dev_0029,7,1,5594,193,5787,5395,95,5490,5594,95,5689,98,98,101,138,40,32
dev_0029,8,1,6608,205,6813,6394,89,6483,6608,89,6697,116,116,98,154,38,30
dev_0031,1,1,1536,111,1647,1461,36,1497,1536,36,1572,75,75,0,101,26,18
dev_0031,2,1,2117,114,2231,1970,42,2012,2117,42,2159,72,72,75,104,32,24
dev_0031,3,1,2908,114,3022,2759,37,2796,2908,37,2945,77,77,72,104,27,19
dev_0031,4,1,3627,125,3752,3471,46,3517,3627,46,3673,79,79,77,115,36,28
dev_0031,5,1,4195,130,4325,4033,47,4080,4195,47,4242,83,83,79,120,37,29
dev_0031,6,1,4622,173,4795,4453,87,4540,4622,87,4709,86,86,83,128,42,34
dev_0031,7,1,5222,166,5388,5055,85,5140,5222,85,5307,81,81,86,116,35,27
dev_0031,8,1,5444,178,5622,5262,77,5339,5444,77,5521,101,101,81,132,31,23
dev_0031,9,1,6080,182,6262,5885,88,5973,6080,88,6168,94,94,101,126,32,24
dev_0031,10,1,6493,173,6666,6306,80,6386,6493,80,6573,93,93,94,125,32,24
dev_0021,1,1,1199,152,1351,1133,86,1219,1199,86,1285,66,66,0,90,24,16
dev_0021,2,1,1501,111,1612,1364,40,1404,1501,40,1541,71,71,66,101,30,22
dev_0021,3,1,2451,154,2605,2307,81,2388,2451,81,2532,73,73,71,106,33,25
dev_0021,4,1,3422,160,3582,3266,77,3343,3422,77,3499,83,83,73,116,33,25
dev_0021,5,1,4185,163,4348,4029,90,4119,4185,90,4275,73,73,83,105,32,24
dev_0021,6,1,4862,183,5045,4685,79,4764,4862,79,4941,104,104,73,137,33,25
dev_0021,7,1,5480,191,5671,5262,77,5339,5480,77,5557,114,114,104,153,39,31
dev_0021,8,1,6226,174,6400,6018,80,6098,6226,80,6306,94,94,114,133,39,31
dev_0021,9,1,6920,179,7099,6732,85,6817,6920,85,7005,94,94,94,133,39,31
dev_0028,1,1,1068,137,1205,977,46,1023,1068,46,1114,91,91,0,127,36,28
dev_0028,2,1,1815,124,1939,1641,41,1682,1815,41,1856,83,83,91,114,31,23
dev_0028,3,1,2341,153,2494,2178,73,2251,2341,73,2414,80,80,83,113,33,25
dev_0028,4,1,2943,183,3126,2768,88,2856,2943,88,3031,95,95,80,130,35,27
dev_0028,5,1,4042,158,4200,3865,76,3941,4042,76,4118,82,82,95,114,32,24
dev_0028,6,1,4555,168,4723,4379,74,4453,4555,74,4629,94,94,82,123,29,21
dev_0028,7,1,5077,169,5246,4900,86,4986,5077,86,5163,83,83,94,116,33,25
dev_0028,8,1,6210,196,6406,6022,91,6113,6210,91,6301,105,105,83,150,45,37
dev_0028,9,1,6720,187,6907,6518,90,6608,6720,90,6810,97,97,105,142,45,37
dev_0020,1,1,960,103,1063,893,36,929,960,36,996,67,67,0,93,26,18
dev_0020,2,1,1613,112,1725,1472,38,1510,1613,38,1651,74,74,67,102,28,20
dev_0020,3,1,2432,118,2550,2282,42,2324,2432,42,2474,76,76,74,108,32,24
dev_0020,4,1,3318,136,3454,3148,42,3190,3318,42,3360,94,94,76,126,32,24
dev_0020,5,1,3672,146,3818,3480,48,3528,3672,48,3720,98,98,94,136,38,30
dev_0020,6,1,5065,170,5235,4873,76,4949,5065,76,5141,94,94,98,129,35,27
dev_0020,7,1,5433,176,5609,5252,89,5341,5433,89,5522,87,87,94,130,43,35
dev_0020,8,1,6120,175,6295,5949,91,6040,6120,91,6211,84,84,87,130,46,38
dev_0020,9,1,6526,190,6716,6351,99,6450,6526,99,6625,91,91,84,130,39,31
dev_0020,10,1,7232,182,7414,7046,87,7133,7232,87,7319,95,95,91,140,45,37
dev_0045,1,1,1572,119,1691,1489,36,1525,1572,36,1608,83,83,0,109,26,18
dev_0045,2,1,2412,115,2527,2253,39,2292,2412,39,2451,76,76,83,105,29,21
dev_0045,3,1,3616,117,3733,3460,37,3497,3616,37,3653,80,80,76,107,27,19
dev_0045,4,1,4131,156,4287,3973,78,4051,4131,78,4209,78,78,80,112,34,26
dev_0045,5,1,4748,112,4860,4602,44,4646,4748,44,4792,68,68,78,102,34,26
dev_0039,1,1,1453,190,1643,1347,84,1431,1453,84,1537,106,106,0,140,34,26
dev_0039,2,1,2376,196,2572,2178,104,2282,2376,104,2480,92,92,106,124,32,24
dev_0039,3,1,3108,174,3282,2921,79,3000,3108,79,3187,95,95,92,124,29,21
dev_0039,4,1,4028,175,4203,3840,82,3922,4028,82,4110,93,93,95,128,35,27
dev_0039,5,1,4651,197,4848,4451,90,4541,4651,90,4741,107,107,93,149,42,34
dev_0039,6,1,5154,199,5353,4937,89,5026,5154,89,5243,110,110,107,151,41,33
dev_0022,1,1,1476,170,1646,1394,88,1482,1476,88,1564,82,82,0,115,33,25
dev_0022,2,1,2146,168,2314,1974,78,2052,2146,78,2224,90,90,82,121,31,23
dev_0022,3,1,3866,210,4076,3670,104,3774,3866,104,3970,106,106,90,145,39,31
dev_0022,4,1,4268,167,4435,4085,90,4175,4268,90,4358,77,77,106,111,34,26
dev_0022,5,1,4989,164,5153,4833,85,4918,4989,85,5074,79,79,77,114,35,27
dev_0022,6,1,5578,186,5764,5397,84,5481,5578,84,5662,102,102,79,136,34,26
dev_0022,7,1,6027,198,6225,5816,89,5905,6027,89,6116,109,109,102,151,42,34
dev_0022,8,1,6795,191,6986,6601,106,6707,6795,106,6901,85,85,109,128,43,35
dev_0022,9,1,7076,160,7236,6911,80,6991,7076,80,7156,80,80,85,110,30,22
dev_0025,1,2,3082,387,3469,2792,192,2984,3082,192,3274,195,195,95,141,41,33
dev_0025,2,1,2186,194,2380,1976,84,2060,2186,84,2270,110,110,100,141,31,23
dev_0025,3,1,2373,166,2539,2181,84,2265,2373,84,2457,82,82,110,116,34,26
dev_0025,4,1,3020,159,3179,2858,79,2937,3020,79,3099,80,80,82,108,28,20
dev_0025,5,1,3479,171,3650,3316,88,3404,3479,88,3567,83,83,80,115,32,24
dev_0025,6,1,3869,165,4034,3709,88,3797,3869,88,3957,77,77,83,114,37,29
dev_0025,7,1,4220,184,4404,4053,94,4147,4220,94,4314,90,90,77,128,38,30
dev_0025,8,1,4999,190,5189,4815,96,4911,4999,96,5095,94,94,90,135,41,33
dev_0030,1,1,1019,164,1183,953,98,1051,1019,98,1117,66,66,0,104,38,30
dev_0030,2,1,1577,148,1725,1436,73,1509,1577,73,1650,75,75,66,109,34,26
dev_0030,3,1,2539,156,2695,2386,78,2464,2539,78,2617,78,78,75,112,34,26
dev_0030,4,1,3322,156,3478,3129,41,3170,3322,41,3363,115,115,78,146,31,23
dev_0030,5,1,4032,166,4198,3839,88,3927,4032,88,4120,78,78,115,116,38,30
dev_0030,6,1,5062,176,5238,4892,84,4976,5062,84,5146,92,92,78,130,38,30
dev_0030,7,1,5583,179,5762,5388,76,5464,5583,76,5659,103,103,92,141,38,30
dev_0030,8,1,6136,171,6307,5950,88,6038,6136,88,6224,83,83,103,121,38,30
dev_0030,9,1,6891,186,7077,6710,88,6798,6891,88,6979,98,98,83,136,38,30
dev_0030,10,1,7312,170,7482,7128,84,7212,7312,84,7396,86,86,98,120,34,26
dev_0015,1,1,1574,141,1715,1481,48,1529,1574,48,1622,93,93,0,131,38,30
dev_0015,2,1,2756,139,2895,2573,49,2622,2756,49,2805,90,90,93,129,39,31
dev_0015,3,1,3583,189,3772,3405,101,3506,3583,101,3684,88,88,90,130,42,34
dev_0015,4,1,4404,172,4576,4225,81,4306,4404,81,4485,91,91,88,130,39,31
dev_0015,5,1,5376,199,5575,5169,83,5252,5376,83,5459,116,116,91,154,38,30
dev_0015,6,1,6175,169,6344,5942,52,5994,6175,52,6227,117,117,116,159,42,34
dev_0015,7,1,6830,188,7018,6606,81,6687,6830,81,6911,107,107,117,145,38,30
dev_0015,8,1,7829,185,8014,7620,83,7703,7829,83,7912,102,102,107,142,40,32
dev_0015,9,1,9168,192,9360,8958,84,9042,9168,84,9252,108,108,102,148,40,32
dev_0015,10,1,10237,184,10421,10019,74,10093,10237,74,10311,110,110,108,141,31,23
dev_0047,1,1,1323,170,1493,1204,51,1255,1323,51,1374,119,119,0,160,41,33
dev_0047,2,1,2112,191,2303,1894,92,1986,2112,92,2204,99,99,119,130,31,23
dev_0047,3,1,3526,207,3733,3324,104,3428,3526,104,3630,103,103,99,150,47,39
dev_0047,4,1,4263,167,4430,4076,83,4159,4263,83,4346,84,84,103,119,35,27
dev_0047,5,1,4989,208,5197,4790,93,4883,4989,93,5082,115,115,84,158,43,35
dev_0047,6,1,5678,182,5860,5468,87,5555,5678,87,5765,95,95,115,140,45,37
dev_0046,1,2,2100,308,2408,1864,161,2025,2100,161,2261,147,147,89,79,21,13
dev_0046,2,1,1730,181,1911,1577,86,1663,1730,86,1816,95,95,58,129,34,26
dev_0046,3,1,2948,179,3127,2757,83,2840,2948,83,3031,96,96,95,133,37,29
dev_0046,4,1,3788,185,3973,3588,81,3669,3788,81,3869,104,104,96,141,37,29
dev_0046,5,1,4746,202,4948,4540,100,4640,4746,100,4846,102,102,104,139,37,29
dev_0046,6,1,5552,186,5738,5345,81,5426,5552,81,5633,105,105,102,143,38,30
dev_0048,1,1,837,98,935,768,29,797,837,29,866,69,69,0,88,19,11
dev_0048,2,1,1413,189,1602,1253,98,1351,1413,98,1511,91,91,69,119,28,20
dev_0048,3,1,2080,209,2289,1885,105,1990,2080,105,2185,104,104,91,139,35,27
dev_0048,4,1,2510,160,2670,2329,83,2412,2510,83,2593,77,77,104,113,36,28
dev_0048,5,1,3130,152,3282,2970,69,3039,3130,69,3199,83,83,77,113,30,22
dev_0048,6,1,3713,138,3851,3545,53,3598,3713,53,3766,85,85,83,128,43,35
dev_0048,7,1,4578,194,4772,4404,105,4509,4578,105,4683,89,89,85,130,41,33
dev_0040,1,1,1153,126,1279,1062,35,1097,1153,35,1188,91,91,0,116,25,17
dev_0040,2,1,1619,141,1760,1422,35,1457,1619,35,1654,106,106,91,131,25,17
dev_0040,3,1,2014,127,2141,1819,38,1857,2014,38,2052,89,89,106,117,28,20
dev_0040,4,1,2671,159,2830,2503,80,2583,2671,80,2751,79,79,89,108,29,21
dev_0040,5,1,3304,145,3449,3162,82,3244,3304,82,3386,63,63,79,96,33,25
dev_0040,6,1,3756,138,3894,3630,75,3705,3756,75,3831,63,63,63,96,33,25
dev_0040,7,1,4389,147,4536,4258,79,4337,4389,79,4468,68,68,63,101,33,25
dev_0040,8,1,4902,160,5062,4758,84,4842,4902,84,4986,76,76,68,109,33,25
dev_0040,9,1,5464,153,5617,5289,54,5343,5464,54,5518,99,99,76,121,22,14
dev_0040,10,1,5821,173,5994,5642,93,5735,5821,93,5914,80,80,99,102,22,14
dev_0042,1,1,1943,182,2125,1843,82,1925,1943,82,2025,100,100,0,134,34,26
dev_0042,2,1,2590,182,2772,2387,79,2466,2590,79,2669,103,103,100,136,33,25
dev_0042,3,1,3221,177,3398,3014,73,3087,3221,73,3294,104,104,103,135,31,23
dev_0042,4,1,4585,160,4745,4378,57,4435,4585,57,4642,103,103,104,150,47,39
dev_0042,5,1,5112,154,5266,4902,47,4949,5112,47,5159,107,107,103,144,37,29
dev_0042,6,1,5926,173,6099,5716,70,5786,5926,70,5996,103,103,107,138,35,27
dev_0042,7,1,6941,180,7121,6731,73,6804,6941,73,7014,107,107,103,139,32,24
dev_0042,8,1,7637,164,7801,7449,83,7532,7637,83,7720,81,81,107,116,35,27
dev_0044,1,1,1012,115,1127,937,40,977,1012,40,1052,75,75,0,105,30,22
dev_0044,2,1,1813,112,1925,1666,40,1706,1813,40,1853,72,72,75,102,30,22
dev_0044,3,1,2594,183,2777,2430,91,2521,2594,91,2685,92,92,72,128,36,28
dev_0044,4,1,2876,152,3028,2681,49,2730,2876,49,2925,103,103,92,142,39,31
dev_0044,5,1,4085,193,4278,3869,80,3949,4085,80,4165,113,113,103,147,34,26
dev_0044,6,1,5008,194,5202,4792,91,4883,5008,91,5099,103,103,113,143,40,32
dev_0044,7,1,6026,200,6226,5810,87,5897,6026,87,6113,113,113,103,157,44,36
dev_0044,8,1,6382,192,6574,6168,91,6259,6382,91,6473,101,101,113,143,42,34
dev_0049,1,1,1243,104,1347,1173,34,1207,1243,34,1277,70,70,0,94,24,16
dev_0049,2,1,1967,162,2129,1812,77,1889,1967,77,2044,85,85,70,109,24,16
dev_0049,3,1,2758,173,2931,2584,84,2668,2758,84,2842,89,89,85,123,34,26
dev_0049,4,1,3704,183,3887,3516,84,3600,3704,84,3788,99,99,89,135,36,28
dev_0049,5,1,4254,145,4399,4060,50,4110,4254,50,4304,95,95,99,135,40,32
dev_0049,6,1,4659,193,4852,4457,86,4543,4659,86,4745,107,107,95,140,33,25
dev_0049,7,1,5213,165,5378,5027,86,5113,5213,86,5299,79,79,107,111,32,24
dev_0049,8,1,5807,178,5985,5631,81,5712,5807,81,5888,97,97,79,130,33,25
dev_0041,1,1,1238,97,1335,1177,36,1213,1238,36,1274,61,61,0,87,26,18
dev_0041,2,1,1821,120,1941,1685,45,1730,1821,45,1866,75,75,61,110,35,27
dev_0041,3,1,2302,156,2458,2118,47,2165,2302,47,2349,109,109,75,146,37,29
dev_0041,4,1,3185,171,3356,2981,76,3057,3185,76,3261,95,95,109,127,32,24
dev_0041,5,1,4163,199,4362,3965,96,4061,4163,96,4259,103,103,95,142,39,31
dev_0041,6,1,4406,177,4583,4217,91,4308,4406,91,4497,86,86,103,126,40,32
dev_0041,7,1,5057,180,5237,4883,92,4975,5057,92,5149,88,88,86,127,39,31
dev_0041,8,1,5719,177,5896,5546,92,5638,5719,92,5811,85,85,88,124,39,31
dev_0041,9,1,6384,182,6566,6204,87,6291,6384,87,6471,95,95,85,134,39,31
dev_0041,10,1,7055,198,7253,6856,94,6950,7055,94,7149,104,104,95,143,39,31
dev_0055,1,1,1719,122,1841,1639,42,1681,1719,42,1761,80,80,0,112,32,24
dev_0055,2,1,2556,122,2678,2396,42,2438,2556,42,2598,80,80,80,112,32,24
dev_0055,3,1,3152,130,3282,2990,48,3038,3152,48,3200,82,82,80,120,38,30
dev_0055,4,1,3709,127,3836,3547,47,3594,3709,47,3756,80,80,82,117,37,29
dev_0055,5,1,4314,145,4459,4135,46,4181,4314,46,4360,99,99,80,135,36,28
dev_0055,6,1,5029,136,5165,4838,44,4882,5029,44,5073,92,92,99,126,34,26
dev_0055,7,1,6292,154,6446,6116,70,6186,6292,70,6362,84,84,92,116,32,24
dev_0055,8,1,6566,150,6716,6384,52,6436,6566,52,6618,98,98,84,140,42,34
dev_0050,1,1,950,117,1067,874,41,915,950,41,991,76,76,0,107,31,23
dev_0050,2,1,1572,186,1758,1401,91,1492,1572,91,1663,95,95,76,129,34,26
dev_0050,3,1,2524,179,2703,2329,79,2408,2524,79,2603,100,100,95,135,35,27
dev_0050,4,1,3510,210,3720,3289,89,3378,3510,89,3599,121,121,100,159,38,30
dev_0050,5,1,4307,196,4503,4081,91,4172,4307,91,4398,105,105,121,150,45,37
dev_0050,6,1,4788,177,4965,4592,86,4678,4788,86,4874,91,91,105,128,37,29
dev_0050,7,1,5405,177,5582,5221,84,5305,5405,84,5489,93,93,91,125,32,24
dev_0050,8,1,5788,165,5953,5618,88,5706,5788,88,5876,77,77,93,109,32,24
dev_0058,1,1,1427,98,1525,1368,39,1407,1427,39,1466,59,59,0,88,29,21
dev_0058,2,1,2433,164,2597,2302,92,2394,2433,92,2525,72,72,59,109,37,29
dev_0058,3,1,3492,191,3683,3314,85,3399,3492,85,3577,106,106,72,139,33,25
dev_0058,4,1,3965,193,4158,3756,90,3846,3965,90,4055,103,103,106,138,35,27
dev_0058,5,1,4490,219,4709,4272,104,4376,4490,104,4594,115,115,103,152,37,29
dev_0058,6,1,5022,205,5227,4808,106,4914,5022,106,5128,99,99,115,146,47,39
dev_0058,7,1,5948,214,6162,5746,111,5857,5948,111,6059,103,103,99,150,47,39
dev_0051,1,1,1043,188,1231,943,88,1031,1043,88,1131,100,100,0,120,20,12
dev_0051,2,1,1641,157,1798,1457,73,1530,1641,73,1714,84,84,100,109,25,17
dev_0051,3,1,2712,111,2823,2557,40,2597,2712,40,2752,71,71,84,101,30,22
dev_0051,4,1,3632,157,3789,3477,73,3550,3632,73,3705,84,84,71,117,33,25
dev_0051,5,1,4326,180,4506,4155,93,4248,4326,93,4419,87,87,84,127,40,32
dev_0051,6,1,5188,180,5368,5002,81,5083,5188,81,5269,99,99,87,137,38,30
dev_0051,7,1,6082,159,6241,5903,79,5982,6082,79,6161,80,80,99,115,35,27
dev_0051,8,1,6790,167,6957,6625,82,6707,6790,82,6872,85,85,80,123,38,30
dev_0051,9,1,7695,159,7854,7534,83,7617,7695,83,7778,76,76,85,108,32,24
dev_0062,1,1,1746,141,1887,1642,37,1679,1746,37,1783,104,104,0,131,27,19
dev_0062,2,1,2424,178,2602,2225,83,2308,2424,83,2507,95,95,104,121,26,18
dev_0062,3,1,2884,174,3058,2685,70,2755,2884,70,2954,104,104,95,133,29,21
dev_0062,4,1,3445,182,3627,3251,92,3343,3445,92,3537,90,90,104,128,38,30
dev_0062,5,1,4043,203,4246,3845,95,3940,4043,95,4138,108,108,90,147,39,31
dev_0062,6,1,5221,197,5418,5008,92,5100,5221,92,5313,105,105,108,150,45,37
dev_0062,7,1,5972,176,6148,5771,80,5851,5972,80,6052,96,96,105,140,44,36
dev_0059,1,1,1401,114,1515,1325,38,1363,1401,38,1439,76,76,0,104,28,20
dev_0059,2,1,2002,166,2168,1839,79,1918,2002,79,2081,87,87,76,116,29,21
dev_0059,3,1,2468,167,2635,2305,91,2396,2468,91,2559,76,76,87,110,34,26
dev_0059,4,1,3050,187,3237,2875,88,2963,3050,88,3138,99,99,76,138,39,31
dev_0059,5,1,3579,180,3759,3382,82,3464,3579,82,3661,98,98,99,135,37,29
dev_0059,6,1,4322,178,4500,4139,93,4232,4322,93,4415,85,85,98,129,44,36
dev_0059,7,1,4653,193,4846,4464,89,4553,4653,89,4742,104,104,85,142,38,30
dev_0059,8,1,5475,195,5670,5269,93,5362,5475,93,5568,102,102,104,139,37,29
dev_0056,1,1,965,126,1091,874,35,909,965,35,1000,91,91,0,116,25,17
dev_0056,2,1,1267,133,1400,1087,44,1131,1267,44,1311,89,89,91,123,34,26
dev_0056,3,1,1822,177,1999,1640,84,1724,1822,84,1906,93,93,89,125,32,24
dev_0056,4,1,3144,188,3332,2954,91,3045,3144,91,3235,97,97,93,147,50,42
dev_0056,5,1,3580,155,3735,3378,50,3428,3580,50,3630,105,105,97,145,40,32
dev_0056,6,1,4883,201,5084,4675,98,4773,4883,98,4981,103,103,105,144,41,33
dev_0056,7,1,5317,161,5478,5136,83,5219,5317,83,5400,78,78,103,121,43,35
dev_0056,8,1,5851,156,6007,5687,70,5757,5851,70,5921,86,86,78,118,32,24
dev_0056,9,1,6473,169,6642,6300,82,6382,6473,82,6555,87,87,86,123,36,28
dev_0068,1,1,1084,133,1217,989,38,1027,1084,38,1122,95,95,0,123,28,20
dev_0068,2,1,1790,145,1935,1599,49,1648,1790,49,1839,96,96,95,135,39,31
dev_0068,3,1,2527,179,2706,2350,98,2448,2527,98,2625,81,81,96,122,41,33
dev_0068,4,1,3430,162,3592,3267,80,3347,3430,80,3510,82,82,81,116,34,26
dev_0068,5,1,3950,171,4121,3790,93,3883,3950,93,4043,78,78,82,116,38,30
dev_0068,6,1,4379,177,4556,4217,93,4310,4379,93,4472,84,84,78,125,41,33
dev_0052,1,1,1332,183,1515,1231,82,1313,1332,82,1414,101,101,0,133,32,24
dev_0052,2,1,2598,195,2793,2376,74,2450,2598,74,2672,121,121,101,153,32,24
dev_0052,3,1,3040,164,3204,2837,82,2919,3040,82,3122,82,82,121,119,37,29
dev_0052,4,1,3590,203,3793,3407,102,3509,3590,102,3692,101,101,82,141,40,32
dev_0052,5,1,4210,201,4411,3999,91,4090,4210,91,4301,110,110,101,149,39,31
dev_0052,6,1,4949,189,5138,4734,84,4818,4949,84,5033,105,105,110,144,39,31
dev_0052,7,1,5712,183,5895,5518,94,5612,5712,94,5806,89,89,105,128,39,31
dev_0052,8,1,6681,189,6870,6484,81,6565,6681,81,6762,108,108,89,141,33,25
dev_0052,9,1,7354,197,7551,7135,86,7221,7354,86,7440,111,111,108,151,40,32
dev_0072,1,1,1173,118,1291,1093,38,1131,1173,38,1211,80,80,0,108,28,20
dev_0072,2,1,2208,192,2400,2032,96,2128,2208,96,2304,96,96,80,132,36,28
dev_0072,3,1,3730,170,3900,3550,86,3636,3730,86,3816,84,84,96,118,34,26
dev_0072,4,1,4716,157,4873,4558,83,4641,4716,83,4799,74,74,84,100,26,18
dev_0072,5,1,6048,182,6230,5876,84,5960,6048,84,6132,98,98,74,128,30,22
dev_0072,6,1,6700,187,6887,6505,90,6595,6700,90,6790,97,97,98,134,37,29
dev_0054,1,1,1306,164,1470,1209,67,1276,1306,67,1373,97,97,0,123,26,18
dev_0054,2,1,1833,155,1988,1661,80,1741,1833,80,1913,75,75,97,106,31,23
dev_0054,3,1,2342,162,2504,2183,78,2261,2342,78,2420,84,84,75,114,30,22
dev_0054,4,1,2546,176,2722,2362,76,2438,2546,76,2622,100,100,84,130,30,22
dev_0054,5,1,3421,180,3601,3222,81,3303,3421,81,3502,99,99,100,133,34,26
dev_0054,6,1,3982,192,4174,3788,97,3885,3982,97,4079,95,95,99,129,34,26
dev_0054,7,1,4822,165,4987,4640,78,4718,4822,78,4900,87,87,95,115,28,20
dev_0054,8,1,5756,173,5929,5581,85,5666,5756,85,5841,88,88,87,123,35,27
dev_0054,9,1,6758,181,6939,6578,89,6667,6758,89,6847,92,92,88,127,35,27
dev_0054,10,1,7529,192,7721,7343,98,7441,7529,98,7627,94,94,92,138,44,36
dev_0063,1,1,1262,175,1437,1180,93,1273,1262,93,1355,82,82,0,115,33,25
dev_0063,2,1,1856,158,2014,1706,90,1796,1856,90,1946,68,68,82,91,23,15
dev_0063,3,1,2458,165,2623,2306,81,2387,2458,81,2539,84,84,68,115,31,23
dev_0063,4,1,3296,177,3473,3122,87,3209,3296,87,3383,90,90,84,117,27,19
dev_0063,5,1,3854,168,4022,3674,78,3752,3854,78,3932,90,90,90,119,29,21
dev_0063,6,1,4471,205,4676,4287,111,4398,4471,111,4582,94,94,90,134,40,32
dev_0063,7,1,5326,200,5526,5114,82,5196,5326,82,5408,118,118,94,154,36,28
dev_0063,8,1,6323,191,6514,6108,94,6202,6323,94,6417,97,97,118,131,34,26
dev_0063,9,1,6904,184,7088,6709,86,6795,6904,86,6990,98,98,97,131,33,25
dev_0060,1,1,1195,126,1321,1117,48,1165,1195,48,1243,78,78,0,116,38,30
dev_0060,2,1,1840,170,2010,1659,67,1726,1840,67,1907,103,103,78,130,27,19
dev_0060,3,1,2655,162,2817,2459,69,2528,2655,69,2724,93,93,103,119,26,18
dev_0060,4,1,3403,197,3600,3208,95,3303,3403,95,3498,102,102,93,138,36,28
dev_0060,5,1,3970,176,4146,3780,88,3868,3970,88,4058,88,88,102,126,38,30
dev_0060,6,1,5004,189,5193,4823,96,4919,5004,96,5100,93,93,88,130,37,29
dev_0060,7,1,5439,181,5620,5252,87,5339,5439,87,5526,94,94,93,131,37,29
dev_0060,8,1,5741,194,5935,5545,92,5637,5741,92,5833,102,102,94,142,40,32
dev_0060,9,1,6320,150,6470,6147,79,6226,6320,79,6399,71,71,102,102,31,23
dev_0060,10,1,7117,167,7284,6967,88,7055,7117,88,7205,79,79,71,113,34,26
dev_0065,1,1,920,105,1025,846,31,877,920,31,951,74,74,0,95,21,13
dev_0065,2,1,1682,162,1844,1529,83,1612,1682,83,1765,79,79,74,103,24,16
dev_0065,3,1,2381,161,2542,2218,77,2295,2381,77,2458,84,84,79,114,30,22
dev_0065,4,1,2868,163,3031,2692,71,2763,2868,71,2939,92,92,84,120,28,20
dev_0065,5,1,3422,178,3600,3244,92,3336,3422,92,3514,86,86,92,126,40,32
dev_0065,6,1,4178,205,4383,3975,88,4063,4178,88,4266,117,117,86,158,41,33
dev_0065,7,1,4946,198,5144,4719,88,4807,4946,88,5034,110,110,117,152,42,34
dev_0065,8,1,5778,218,5996,5554,104,5658,5778,104,5882,114,114,110,166,52,44
dev_0065,9,1,6454,181,6635,6245,86,6331,6454,86,6540,95,95,114,132,37,29
dev_0074,1,1,1036,97,1133,972,33,1005,1036,33,1069,64,64,0,87,23,15
dev_0074,2,1,1584,117,1701,1444,41,1485,1584,41,1625,76,76,64,107,31,23
dev_0074,3,1,2024,159,2183,1871,82,1953,2024,82,2106,77,77,76,109,32,24
dev_0074,4,1,2754,170,2924,2583,76,2659,2754,76,2830,94,94,77,127,33,25
dev_0074,5,1,4343,191,4534,4142,84,4226,4343,84,4427,107,107,94,148,41,33
dev_0074,6,1,4786,186,4972,4584,91,4675,4786,91,4877,95,95,107,132,37,29
dev_0078,1,1,1482,115,1597,1410,43,1453,1482,43,1525,72,72,0,105,33,25
dev_0078,2,1,2297,159,2456,2152,86,2238,2297,86,2383,73,73,72,102,29,21
dev_0078,3,1,2655,146,2801,2508,72,2580,2655,72,2727,74,74,73,105,31,23
dev_0078,4,1,3318,121,3439,3167,44,3211,3318,44,3362,77,77,74,111,34,26
dev_0078,5,1,3675,132,3807,3508,42,3550,3675,42,3717,90,90,77,122,32,24
dev_0066,1,1,1521,176,1697,1430,85,1515,1521,85,1606,91,91,0,120,29,21
dev_0066,2,1,2102,126,2228,1927,42,1969,2102,42,2144,84,84,91,116,32,24
dev_0066,3,1,2637,131,2768,2464,42,2506,2637,42,2679,89,89,84,121,32,24
dev_0066,4,1,3031,167,3198,2863,88,2951,3031,88,3119,79,79,89,120,41,33
dev_0066,5,1,3748,164,3912,3583,78,3661,3748,78,3826,86,86,79,118,32,24
dev_0066,6,1,4447,184,4631,4271,94,4365,4447,94,4541,90,90,86,125,35,27
dev_0066,7,1,4865,170,5035,4686,81,4767,4865,81,4946,89,89,90,124,35,27
dev_0066,8,1,5965,183,6148,5788,95,5883,5965,95,6060,88,88,89,123,35,27
dev_0066,9,1,6420,161,6581,6256,85,6341,6420,85,6505,76,76,88,111,35,27
dev_0076,1,1,841,118,959,761,38,799,841,38,879,80,80,0,108,28,20
dev_0076,2,1,1281,111,1392,1127,37,1164,1281,37,1318,74,74,80,101,27,19
dev_0076,3,1,1789,118,1907,1637,40,1677,1789,40,1829,78,78,74,108,30,22
dev_0076,4,1,2263,119,2382,2104,38,2142,2263,38,2301,81,81,78,109,28,20
dev_0076,5,1,2996,137,3133,2818,40,2858,2996,40,3036,97,97,81,127,30,22
dev_0076,6,1,3771,130,3901,3585,41,3626,3771,41,3812,89,89,97,120,31,23
dev_0076,7,1,4072,142,4214,3882,41,3923,4072,41,4113,101,101,89,132,31,23
dev_0076,8,1,4982,144,5126,4778,41,4819,4982,41,5023,103,103,101,134,31,23
dev_0070,1,1,1430,168,1598,1346,84,1430,1430,84,1514,84,84,0,119,35,27
dev_0070,2,1,2052,123,2175,1886,41,1927,2052,41,2093,82,82,84,113,31,23
dev_0070,3,1,2426,129,2555,2259,44,2303,2426,44,2470,85,85,82,119,34,26
dev_0070,4,1,3620,129,3749,3452,46,3498,3620,46,3666,83,83,85,119,36,28
dev_0070,5,1,4213,134,4347,4043,47,4090,4213,47,4260,87,87,83,124,37,29
dev_0070,6,1,4938,170,5108,4729,48,4777,4938,48,4986,122,122,87,160,38,30
dev_0070,7,1,5864,189,6053,5632,79,5711,5864,79,5943,110,110,122,148,38,30
dev_0070,8,1,6932,190,7122,6715,83,6798,6932,83,7015,107,107,110,148,41,33
dev_0070,9,1,7343,181,7524,7141,86,7227,7343,86,7429,95,95,107,135,40,32
dev_0070,10,1,7905,152,8057,7708,50,7758,7905,50,7955,102,102,95,142,40,32
dev_0073,1,1,875,118,993,800,43,843,875,43,918,75,75,0,108,33,25
dev_0073,2,1,1668,138,1806,1502,47,1549,1668,47,1715,91,91,75,128,37,29
dev_0073,3,1,3086,228,3314,2883,116,2999,3086,116,3202,112,112,91,156,44,36
dev_0073,4,1,3900,185,4085,3691,88,3779,3900,88,3988,97,97,112,136,39,31
dev_0073,5,1,4060,195,4255,3861,93,3954,4060,93,4153,102,102,97,142,40,32
dev_0073,6,1,4382,192,4574,4181,93,4274,4382,93,4475,99,99,102,140,41,33
dev_0073,7,1,5067,187,5254,4880,99,4979,5067,99,5166,88,88,99,129,41,33
dev_0073,8,1,6217,185,6402,6035,91,6126,6217,91,6308,94,94,88,138,44,36
dev_0073,9,1,6958,239,7197,6743,118,6861,6958,118,7076,121,121,94,168,47,39
dev_0075,1,1,1931,155,2086,1856,80,1936,1931,80,2011,75,75,0,100,25,17
dev_0075,2,1,3028,176,3204,2858,81,2939,3028,81,3109,95,95,75,130,35,27
dev_0075,3,1,3898,214,4112,3687,98,3785,3898,98,3996,116,116,95,152,36,28
dev_0075,4,1,4550,207,4757,4316,89,4405,4550,89,4639,118,118,116,150,32,24
dev_0075,5,1,5220,181,5401,5017,96,5113,5220,96,5316,85,85,118,122,37,29
dev_0075,6,1,5973,186,6159,5796,94,5890,5973,94,6067,92,92,85,127,35,27
dev_0075,7,1,7173,177,7350,6997,93,7090,7173,93,7266,84,84,92,124,40,32
dev_0075,8,1,7495,182,7677,7319,90,7409,7495,90,7585,92,92,84,131,39,31
dev_0071,1,1,1232,131,1363,1144,43,1187,1232,43,1275,88,88,0,121,33,25
dev_0071,2,1,1853,150,2003,1657,42,1699,1853,42,1895,108,108,88,140,32,24
dev_0071,3,1,2646,179,2825,2436,77,2513,2646,77,2723,102,102,108,128,26,18
dev_0071,4,1,3875,177,4052,3681,85,3766,3875,85,3960,92,92,102,121,29,21
dev_0071,5,1,4567,197,4764,4374,96,4470,4567,96,4663,101,101,92,136,35,27
dev_0071,6,1,5376,188,5564,5185,98,5283,5376,98,5474,90,90,101,128,38,30
dev_0071,7,1,5629,173,5802,5447,81,5528,5629,81,5710,92,92,90,127,35,27
dev_0071,8,1,6601,174,6775,6426,91,6517,6601,91,6692,83,83,92,122,39,31
dev_0071,9,1,6886,180,7066,6724,101,6825,6886,101,6987,79,79,83,120,41,33
dev_0071,10,1,7458,194,7652,7271,86,7357,7458,86,7544,108,108,79,150,42,34
dev_0083,1,1,1395,140,1535,1296,41,1337,1395,41,1436,99,99,0,130,31,23
dev_0083,2,1,2387,133,2520,2194,39,2233,2387,39,2426,94,94,99,123,29,21
dev_0083,3,1,2838,158,2996,2662,76,2738,2838,76,2914,82,82,94,111,29,21
dev_0083,4,1,3954,173,4127,3786,87,3873,3954,87,4041,86,86,82,125,39,31
dev_0083,5,1,4252,175,4427,4077,86,4163,4252,86,4338,89,89,86,123,34,26
dev_0083,6,1,5656,180,5836,5473,86,5559,5656,86,5742,94,94,89,133,39,31
dev_0083,7,1,5986,206,6192,5772,86,5858,5986,86,6072,120,120,94,157,37,29
dev_0079,1,1,1781,112,1893,1709,40,1749,1781,40,1821,72,72,0,102,30,22
dev_0079,2,1,2199,115,2314,2049,37,2086,2199,37,2236,78,78,72,105,27,19
dev_0079,3,1,2794,121,2915,2637,42,2679,2794,42,2836,79,79,78,111,32,24
dev_0079,4,1,3581,153,3734,3426,77,3503,3581,77,3658,76,76,79,110,34,26
dev_0079,5,1,4531,139,4670,4358,42,4400,4531,42,4573,97,97,76,129,32,24
dev_0079,6,1,5291,132,5423,5104,42,5146,5291,42,5333,90,90,97,122,32,24
dev_0079,7,1,5906,124,6030,5734,42,5776,5906,42,5948,82,82,90,114,32,24
dev_0079,8,1,7039,141,7180,6888,72,6960,7039,72,7111,69,69,82,101,32,24
dev_0079,9,1,7362,173,7535,7202,82,7284,7362,82,7444,91,91,69,135,44,36
dev_0079,10,1,8234,186,8420,8040,83,8123,8234,83,8317,103,103,91,147,44,36
dev_0080,1,1,1950,163,2113,1869,82,1951,1950,82,2032,81,81,0,105,24,16
dev_0080,2,1,2662,156,2818,2509,84,2593,2662,84,2746,72,72,81,107,35,27
dev_0080,3,1,3322,182,3504,3148,80,3228,3322,80,3402,102,102,72,135,33,25
dev_0080,4,1,3760,169,3929,3566,77,3643,3760,77,3837,92,92,102,125,33,25
dev_0080,5,1,4993,180,5173,4809,88,4897,4993,88,5081,92,92,92,132,40,32
dev_0080,6,1,5808,207,6015,5614,105,5719,5808,105,5913,102,102,92,138,36,28
dev_0080,7,1,6616,215,6831,6392,93,6485,6616,93,6709,122,122,102,158,36,28
dev_0080,8,1,7241,181,7422,7021,83,7104,7241,83,7324,98,98,122,131,33,25
dev_0085,1,1,1192,138,1330,1119,65,1184,1192,65,1257,73,73,0,95,22,14
dev_0085,2,1,2458,189,2647,2274,78,2352,2458,78,2536,111,111,73,135,24,16
dev_0085,3,1,3007,179,3186,2800,83,2883,3007,83,3090,96,96,111,130,34,26
dev_0085,4,1,3798,174,3972,3605,77,3682,3798,77,3875,97,97,96,130,33,25
dev_0085,5,1,4442,203,4645,4232,90,4322,4442,90,4532,113,113,97,146,33,25
dev_0085,6,1,5165,178,5343,4962,88,5050,5165,88,5253,90,90,113,131,41,33
dev_0085,7,1,5774,179,5953,5583,78,5661,5774,78,5852,101,101,90,141,40,32
dev_0084,1,1,1749,159,1908,1668,78,1746,1749,78,1827,81,81,0,108,27,19
dev_0084,2,1,2375,170,2545,2206,82,2288,2375,82,2457,88,88,81,123,35,27
dev_0084,3,1,2698,179,2877,2525,94,2619,2698,94,2792,85,85,88,127,42,34
dev_0084,4,1,3105,165,3270,2936,81,3017,3105,81,3186,84,84,85,122,38,30
dev_0084,5,1,4003,176,4179,3822,79,3901,4003,79,4082,97,97,84,133,36,28
dev_0084,6,1,4840,200,5040,4648,105,4753,4840,105,4945,95,95,97,137,42,34
dev_0084,7,1,6281,207,6488,6076,97,6173,6281,97,6378,110,110,95,148,38,30
dev_0086,1,1,1385,142,1527,1324,81,1405,1385,81,1466,61,61,0,84,23,15
dev_0086,2,1,1839,107,1946,1712,41,1753,1839,41,1880,66,66,61,97,31,23
dev_0086,3,1,2336,133,2469,2189,52,2241,2336,52,2388,81,81,66,123,42,34
dev_0086,4,1,3165,207,3372,2984,107,3091,3165,107,3272,100,100,81,142,42,34
dev_0086,5,1,3679,162,3841,3496,79,3575,3679,79,3758,83,83,100,115,32,24
dev_0086,6,1,4501,174,4675,4329,85,4414,4501,85,4586,89,89,83,124,35,27
dev_0086,7,1,5063,181,5244,4880,87,4967,5063,87,5150,94,94,89,125,31,23
dev_0086,8,1,5733,130,5863,5550,41,5591,5733,41,5774,89,89,94,120,31,23
dev_0082,1,1,1218,180,1398,1123,85,1208,1218,85,1303,95,95,0,119,24,16
dev_0082,2,1,1478,190,1668,1284,91,1375,1478,91,1569,99,99,95,129,30,22
dev_0082,3,1,1774,181,1955,1572,78,1650,1774,78,1852,103,103,99,133,30,22
dev_0082,4,1,2037,169,2206,1846,81,1927,2037,81,2118,88,88,103,118,30,22
dev_0082,5,1,3405,192,3597,3216,91,3307,3405,91,3496,101,101,88,137,36,28
dev_0082,6,1,4150,182,4332,3963,96,4059,4150,96,4246,86,86,101,129,43,35
dev_0082,7,1,4579,183,4762,4403,93,4496,4579,93,4672,90,90,86,130,40,32
dev_0082,8,1,5340,172,5512,5174,96,5270,5340,96,5436,76,76,90,116,40,32
dev_0082,9,1,6108,167,6275,5942,77,6019,6108,77,6185,90,90,76,130,40,32
dev_0081,1,1,1741,181,1922,1640,80,1720,1741,80,1821,101,101,0,132,31,23
dev_0081,2,1,2404,198,2602,2186,81,2267,2404,81,2485,117,117,101,150,33,25
dev_0081,3,1,3644,187,3831,3422,82,3504,3644,82,3726,105,105,117,142,37,29
dev_0081,4,1,4283,171,4454,4094,87,4181,4283,87,4370,84,84,105,119,35,27
dev_0081,5,1,4848,173,5021,4676,85,4761,4848,85,4933,88,88,84,121,33,25
dev_0081,6,1,5742,190,5932,5560,96,5656,5742,96,5838,94,94,88,133,39,31
dev_0081,7,1,6383,195,6578,6191,97,6288,6383,97,6480,98,98,94,140,42,34
dev_0081,8,1,6893,199,7092,6682,86,6768,6893,86,6979,113,113,98,159,46,38
dev_0081,9,1,7602,197,7799,7376,84,7460,7602,84,7686,113,113,113,147,34,26
dev_0095,1,1,1284,154,1438,1212,82,1294,1284,82,1366,72,72,0,93,21,13
dev_0095,2,1,2057,154,2211,1913,82,1995,2057,82,2139,72,72,72,104,32,24
dev_0095,3,1,2694,128,2822,2540,46,2586,2694,46,2740,82,82,72,118,36,28
dev_0095,4,1,3339,192,3531,3166,101,3267,3339,101,3440,91,91,82,125,34,26
dev_0095,5,1,4525,182,4707,4344,92,4436,4525,92,4617,90,90,91,126,36,28
dev_0093,1,1,1245,128,1373,1163,46,1209,1245,46,1291,82,82,0,118,36,27
dev_0093,2,1,2418,146,2564,2235,45,2280,2418,45,2463,101,101,82,136,35,27
dev_0093,3,1,3515,198,3713,3312,96,3408,3515,96,3611,102,102,101,135,33,25
dev_0093,4,1,3694,179,3873,3503,90,3593,3694,90,3784,89,89,102,121,32,24
dev_0093,5,1,4368,169,4537,4189,79,4268,4368,79,4447,90,90,89,123,33,25
dev_0093,6,1,5071,158,5229,4903,80,4983,5071,80,5151,78,78,90,112,34,26
dev_0092,1,1,1197,122,1319,1123,48,1171,1197,48,1245,74,74,0,112,38,29
dev_0092,2,1,1681,173,1854,1522,88,1610,1681,88,1769,85,85,74,117,32,24
dev_0092,3,1,2472,194,2666,2282,89,2371,2472,89,2561,105,105,85,131,26,18
dev_0092,4,1,3428,177,3605,3233,87,3320,3428,87,3515,90,90,105,123,33,25
dev_0092,5,1,3810,179,3989,3628,87,3715,3810,87,3897,92,92,90,125,33,25
dev_0092,6,1,4383,189,4572,4190,88,4278,4383,88,4471,101,101,92,134,33,25
dev_0092,7,1,4756,191,4947,4557,93,4650,4756,93,4849,98,98,101,132,34,26
dev_0091,1,1,1035,126,1161,949,40,989,1035,40,1075,86,86,0,116,30,22
dev_0091,2,1,1702,167,1869,1537,88,1625,1702,88,1790,79,79,86,104,25,17
dev_0091,3,1,2350,143,2493,2200,72,2272,2350,72,2422,71,71,79,98,27,19
dev_0091,4,1,3086,171,3257,2923,79,3002,3086,79,3165,92,92,71,124,32,24
dev_0091,5,1,3423,157,3580,3249,75,3324,3423,75,3498,82,82,92,113,31,23
dev_0091,6,1,4351,170,4521,4194,95,4289,4351,95,4446,75,75,82,112,37,29
dev_0091,7,1,4869,182,5051,4693,81,4774,4869,81,4950,101,101,75,133,32,24
dev_0091,8,1,5509,179,5688,5317,88,5405,5509,88,5597,91,91,101,124,33,25
dev_0089,1,1,937,106,1043,863,32,895,937,32,969,74,74,0,96,22,14
dev_0089,2,1,1789,135,1924,1640,60,1700,1789,60,1849,75,75,74,99,24,16
dev_0089,3,1,2321,196,2517,2134,84,2218,2321,84,2405,112,112,75,138,26,18
dev_0089,4,1,3078,184,3262,2862,80,2942,3078,80,3158,104,104,112,132,28,20
dev_0089,5,1,3740,196,3936,3527,87,3614,3740,87,3827,109,109,104,142,33,25
dev_0089,6,1,4607,195,4802,4388,85,4473,4607,85,4692,110,110,109,143,33,25
dev_0089,7,1,5113,189,5302,4902,88,4990,5113,88,5201,101,101,110,132,31,23
dev_0089,8,1,5543,191,5734,5337,86,5423,5543,86,5629,105,105,101,139,34,26
dev_0088,1,1,1126,121,1247,1041,36,1077,1126,36,1162,85,85,0,111,26,18
dev_0088,2,1,1985,178,2163,1809,87,1896,1985,87,2072,91,91,85,120,29,21
dev_0088,3,1,2869,137,3006,2684,43,2727,2869,43,2912,94,94,91,127,33,25
dev_0088,4,1,3303,162,3465,3124,77,3201,3303,77,3380,85,85,94,114,29,21
dev_0088,5,1,3969,154,4123,3804,74,3878,3969,74,4043,80,80,85,109,29,21
dev_0088,6,1,4296,192,4488,4118,94,4212,4296,94,4390,98,98,80,127,29,21
dev_0088,7,1,4691,167,4858,4504,78,4582,4691,78,4769,89,89,98,118,29,21
dev_0088,8,1,5503,133,5636,5322,41,5363,5503,41,5544,92,92,89,123,31,23
dev_0088,9,1,6238,190,6428,6055,99,6154,6238,99,6337,91,91,92,129,38,30
dev_0090,1,1,1149,114,1263,1069,34,1103,1149,34,1183,80,80,0,104,24,16
dev_0090,2,1,1867,139,2006,1690,42,1732,1867,42,1909,97,97,80,129,32,24
dev_0090,3,1,2922,168,3090,2737,80,2817,2922,80,3002,88,88,97,123,35,27
dev_0090,4,1,3426,167,3593,3259,88,3347,3426,88,3514,79,79,88,117,38,30
dev_0090,5,1,4069,191,4260,3893,94,3987,4069,94,4163,97,97,79,138,41,33
dev_0090,6,1,4994,188,5182,4808,99,4907,4994,99,5093,89,89,97,130,41,33
dev_0090,7,1,5935,211,6146,5734,99,5833,5935,99,6034,112,112,89,167,55,47
dev_0090,8,1,7427,241,7668,7178,104,7282,7427,104,7531,137,137,112,192,55,47
dev_0098,1,1,982,131,1113,897,46,943,982,46,1028,85,85,0,121,36,28
dev_0098,2,1,1692,178,1870,1508,79,1587,1692,79,1771,99,99,85,135,36,28
dev_0098,3,1,3081,183,3264,2878,79,2957,3081,79,3160,104,104,99,140,36,28
dev_0098,4,1,3486,199,3685,3265,82,3347,3486,82,3568,117,117,104,152,35,27
dev_0098,5,1,4198,169,4367,3993,81,4074,4198,81,4279,88,88,117,116,28,20
dev_0096,1,1,1323,112,1435,1250,39,1289,1323,39,1362,73,73,0,102,29,21
dev_0096,2,1,2069,139,2208,1897,40,1937,2069,40,2109,99,99,73,129,30,22
dev_0096,3,1,2760,176,2936,2570,85,2655,2760,85,2845,91,91,99,125,34,26
dev_0096,4,1,3345,170,3515,3166,82,3248,3345,82,3427,88,88,91,122,34,26
dev_0096,5,1,4005,167,4172,3838,88,3926,4005,88,4093,79,79,88,113,34,26
dev_0096,6,1,4520,167,4687,4356,82,4438,4520,82,4602,85,85,79,119,34,26
dev_0100,1,1,1436,115,1551,1367,46,1413,1436,46,1482,69,69,0,105,36,28
dev_0100,2,1,2001,187,2188,1825,80,1905,2001,80,2081,107,107,69,138,31,23
dev_0100,3,1,2735,187,2922,2526,85,2611,2735,85,2820,102,102,107,139,37,29
dev_0100,4,1,3243,156,3399,3067,82,3149,3243,82,3325,74,74,102,108,34,26
dev_0100,5,1,3874,179,4053,3713,92,3805,3874,92,3966,87,87,74,128,41,33
dev_0087,1,1,2034,181,2215,1928,75,2003,2034,75,2109,106,106,0,141,35,27
dev_0087,2,1,3036,194,3230,2815,79,2894,3036,79,3115,115,115,106,147,32,24
dev_0087,3,1,3545,192,3737,3328,90,3418,3545,90,3635,102,102,115,140,38,30
dev_0087,4,1,3941,195,4136,3730,86,3816,3941,86,4027,109,109,102,145,36,28
dev_0087,5,1,4503,181,4684,4297,84,4381,4503,84,4587,97,97,109,130,33,25
dev_0087,6,1,5064,182,5246,4871,86,4957,5064,86,5150,96,96,97,132,36,28
dev_0087,7,1,5987,181,6168,5790,80,5870,5987,80,6067,101,101,96,133,32,24
dev_0087,8,1,6637,197,6834,6435,96,6531,6637,96,6733,101,101,101,138,37,29
dev_0087,9,1,7331,184,7515,7136,90,7226,7331,90,7421,94,94,101,129,35,27
dev_0087,10,1,7964,165,8129,7787,82,7869,7964,82,8046,83,83,94,115,32,24
dev_0094,1,1,1496,162,1658,1411,77,1488,1496,77,1573,85,85,0,109,24,16
dev_0094,2,1,2419,174,2593,2247,87,2334,2419,87,2506,87,87,85,122,35,27
dev_0094,3,1,3236,171,3407,3058,80,3138,3236,80,3316,91,91,87,124,33,25
dev_0094,4,1,3745,197,3942,3554,97,3651,3745,97,3842,100,100,91,137,37,29
dev_0094,5,1,4327,177,4504,4133,83,4216,4327,83,4410,94,94,100,124,30,22
dev_0094,6,1,5083,174,5257,4895,80,4975,5083,80,5163,94,94,94,125,31,23
dev_0094,7,1,5977,206,6183,5772,95,5867,5977,95,6072,111,111,94,146,35,27
dev_0094,8,1,6601,215,6816,6370,95,6465,6601,95,6696,120,120,111,163,43,35
dev_0094,9,1,6902,183,7085,6685,86,6771,6902,86,6988,97,97,120,137,40,32
dev_0115,1,1,1673,104,1777,1612,43,1655,1673,43,1716,61,61,0,94,33,25
dev_0115,2,1,2139,107,2246,2009,38,2047,2139,38,2177,69,69,61,97,28,20
dev_0115,3,1,2813,112,2925,2669,37,2706,2813,37,2850,75,75,69,102,27,19
dev_0115,4,1,3303,115,3418,3150,37,3187,3303,37,3340,78,78,75,105,27,19
dev_0115,5,1,4240,123,4363,4087,48,4135,4240,48,4288,75,75,78,113,38,30
dev_0104,1,1,1353,144,1497,1250,41,1291,1353,41,1394,103,103,0,134,31,23
dev_0104,2,1,2167,133,2300,1979,48,2027,2167,48,2215,85,85,103,123,38,30
dev_0104,3,1,2924,135,3059,2752,48,2800,2924,48,2972,87,87,85,125,38,30
dev_0104,4,1,3461,184,3645,3273,83,3356,3461,83,3544,101,101,87,138,37,29
dev_0104,5,1,3884,203,4087,3666,86,3752,3884,86,3970,117,117,101,158,41,33
dev_0104,6,1,4872,155,5027,4671,71,4742,4872,71,4943,84,84,117,120,36,28
dev_0099,1,1,1149,96,1245,1094,41,1135,1149,41,1190,55,55,0,86,31,23
dev_0099,2,1,1976,172,2148,1842,93,1935,1976,93,2069,79,79,55,110,31,23
dev_0099,3,1,2802,140,2942,2632,49,2681,2802,49,2851,91,91,79,130,39,31
dev_0099,4,1,4391,201,4592,4186,87,4273,4391,87,4478,114,114,91,153,39,31
dev_0099,5,1,5243,192,5435,5013,76,5089,5243,76,5319,116,116,114,144,28,20
dev_0099,6,1,5881,187,6068,5661,83,5744,5881,83,5964,104,104,116,143,39,31
dev_0099,7,1,6934,164,7098,6752,86,6838,6934,86,7020,78,78,104,117,39,31
dev_0099,8,1,7337,167,7504,7176,84,7260,7337,84,7421,83,83,78,122,39,31
dev_0099,9,1,7901,162,8063,7741,85,7826,7901,85,7986,77,77,83,115,38,30
dev_0114,1,1,1185,153,1338,1117,85,1202,1185,85,1270,68,68,0,90,22,14
dev_0114,2,1,1686,152,1838,1546,80,1626,1686,80,1766,72,72,68,100,28,20
dev_0114,3,1,1945,160,2105,1798,85,1883,1945,85,2030,75,75,72,101,26,18
dev_0114,4,1,2388,150,2538,2233,70,2303,2388,70,2458,80,80,75,107,27,19
dev_0114,5,1,3075,160,3235,2919,84,3003,3075,84,3159,76,76,80,108,32,24
dev_0114,6,1,3776,172,3948,3607,79,3686,3776,79,3855,93,93,76,124,31,23
dev_0112,1,1,1386,115,1501,1313,42,1355,1386,42,1428,73,73,0,105,32,24
dev_0112,2,1,2044,137,2181,1882,48,1930,2044,48,2092,89,89,73,127,38,30
dev_0112,3,1,2791,176,2967,2621,95,2716,2791,95,2886,81,81,89,122,41,33
dev_0112,4,1,3104,128,3232,2937,42,2979,3104,42,3146,86,86,81,118,32,24
dev_0112,5,1,3363,171,3534,3179,73,3252,3363,73,3436,98,98,86,131,33,25
dev_0112,6,1,3985,136,4121,3796,45,3841,3985,45,4030,91,91,98,126,35,27
dev_0112,7,1,5083,173,5256,4901,82,4983,5083,82,5165,91,91,91,127,36,28
dev_0113,1,1,1239,128,1367,1155,44,1199,1239,44,1283,84,84,0,118,34,26
dev_0113,2,1,2050,120,2170,1885,39,1924,2050,39,2089,81,81,84,110,29,21
dev_0113,3,1,2770,157,2927,2614,82,2696,2770,82,2852,75,75,81,106,31,23
dev_0113,4,1,3575,149,3724,3421,70,3491,3575,70,3645,79,79,75,109,30,22
dev_0113,5,1,3771,154,3925,3609,71,3680,3771,71,3842,83,83,79,118,35,27
dev_0113,6,1,4602,206,4808,4413,100,4513,4602,100,4702,106,106,83,142,36,28
dev_0113,7,1,5475,187,5662,5284,102,5386,5475,102,5577,85,85,106,125,40,32
dev_0105,1,1,872,107,979,800,35,835,872,35,907,72,72,0,97,25,17
dev_0105,2,1,1466,113,1579,1324,43,1367,1466,43,1509,70,70,72,103,33,25
dev_0105,3,1,2107,128,2235,1951,42,1993,2107,42,2149,86,86,70,118,32,24
dev_0105,4,1,2623,163,2786,2444,70,2514,2623,70,2693,93,93,86,125,32,24
dev_0105,5,1,3667,168,3835,3459,53,3512,3667,53,3720,115,115,93,158,43,35
dev_0105,6,1,3909,170,4079,3705,81,3786,3909,81,3990,89,89,115,123,34,26
dev_0105,7,1,4852,165,5017,4685,87,4772,4852,87,4939,78,78,89,115,37,29
dev_0105,8,1,5282,144,5426,5144,84,5228,5282,84,5366,60,60,78,97,37,29
dev_0105,9,1,5733,155,5888,5606,88,5694,5733,88,5821,67,67,60,104,37,29
dev_0107,1,1,1473,118,1591,1396,41,1437,1473,41,1514,77,77,0,108,31,23
dev_0107,2,1,2393,154,2547,2231,69,2300,2393,69,2462,85,85,77,113,28,20
dev_0107,3,1,3251,159,3410,3094,87,3181,3251,87,3338,72,72,85,108,36,28
dev_0107,4,1,3763,174,3937,3603,86,3689,3763,86,3849,88,88,72,129,41,33
dev_0107,5,1,4853,189,5042,4659,83,4742,4853,83,4936,106,106,88,140,34,26
dev_0107,6,1,5170,172,5342,4977,85,5062,5170,85,5255,87,87,106,122,35,27
dev_0107,7,1,6035,185,6220,5854,91,5945,6035,91,6126,94,94,87,131,37,29
dev_0107,8,1,6698,173,6871,6516,85,6601,6698,85,6783,88,88,94,125,37,29
dev_0103,1,1,1451,118,1569,1374,41,1415,1451,41,1492,77,77,0,108,31,23
dev_0103,2,1,2003,165,2168,1832,71,1903,2003,71,2074,94,94,77,127,33,25
dev_0103,3,1,2759,147,2906,2591,73,2664,2759,73,2832,74,74,94,106,32,24
dev_0103,4,1,3425,164,3589,3264,77,3341,3425,77,3502,87,87,74,123,36,28
dev_0103,5,1,4065,180,4245,3901,103,4004,4065,103,4168,77,77,87,112,35,27
dev_0103,6,1,4635,157,4792,4479,78,4557,4635,78,4713,79,79,77,109,30,22
dev_0103,7,1,5601,178,5779,5434,90,5524,5601,90,5691,88,88,79,120,32,24
dev_0103,8,1,6462,184,6646,6272,82,6354,6462,82,6544,102,102,88,134,32,24
dev_0103,9,1,7166,174,7340,6973,83,7056,7166,83,7249,91,91,102,122,31,23
dev_0117,1,1,1266,174,1440,1192,100,1292,1266,100,1366,74,74,0,111,37,29
dev_0117,2,1,1966,121,2087,1815,44,1859,1966,44,2010,77,77,74,111,34,26
dev_0117,3,1,2573,177,2750,2398,79,2477,2573,79,2652,98,98,77,134,36,28
dev_0117,4,1,3462,161,3623,3277,74,3351,3462,74,3536,87,87,98,118,31,23
dev_0117,5,1,4126,195,4321,3934,90,4024,4126,90,4216,105,105,87,136,31,23
dev_0117,6,1,5166,193,5359,4959,91,5050,5166,91,5257,102,102,105,136,34,26
dev_0117,7,1,5824,194,6018,5626,98,5724,5824,98,5922,96,96,102,136,40,32
dev_0116,1,2,1925,270,2195,1696,116,1812,1925,116,2041,154,154,75,100,21,13
dev_0116,2,1,1141,109,1250,988,35,1023,1141,35,1176,74,74,79,99,25,17
dev_0116,3,1,1610,147,1757,1433,44,1477,1610,44,1654,103,103,74,137,34,26
dev_0116,4,1,2165,186,2351,1964,88,2052,2165,88,2253,98,98,103,132,34,26
dev_0116,5,1,2597,186,2783,2390,77,2467,2597,77,2674,109,109,98,143,34,26
dev_0116,6,1,3614,175,3789,3404,74,3478,3614,74,3688,101,101,109,137,36,28
dev_0116,7,1,4504,188,4692,4298,83,4381,4504,83,4587,105,105,101,141,36,28
dev_0097,1,3,3870,523,4393,3422,267,3689,3870,267,4137,256,256,192,78,14,6
dev_0097,2,1,1821,168,1989,1656,67,1723,1821,67,1888,101,101,64,119,18,10
dev_0097,3,1,2192,131,2323,1997,37,2034,2192,37,2229,94,94,101,121,27,19
dev_0097,4,1,2684,203,2887,2479,92,2571,2684,92,2776,111,111,94,143,32,24
dev_0097,5,1,3619,173,3792,3415,80,3495,3619,80,3699,93,93,111,136,43,35
dev_0097,6,1,4166,185,4351,3982,94,4076,4166,94,4260,91,91,93,138,47,39
dev_0097,7,1,4663,181,4844,4486,95,4581,4663,95,4758,86,86,91,125,39,31
dev_0097,8,1,5642,199,5841,5461,104,5565,5642,104,5746,95,95,86,135,40,32
dev_0097,9,1,6236,192,6428,6045,96,6141,6236,96,6332,96,96,95,141,45,37
dev_0097,10,1,6537,211,6748,6331,101,6432,6537,101,6638,110,110,96,154,44,36
dev_0120,1,1,1453,120,1573,1375,42,1417,1453,42,1495,78,78,0,110,32,24
dev_0120,2,1,2370,169,2539,2198,75,2273,2370,75,2445,94,94,78,128,34,26
dev_0120,3,1,2849,179,3028,2663,87,2750,2849,87,2936,92,92,94,127,35,27
dev_0120,4,1,3748,196,3944,3549,89,3638,3748,89,3837,107,107,92,143,36,28
dev_0120,5,1,4506,174,4680,4315,90,4405,4506,90,4596,84,84,107,125,41,33
dev_0110,1,1,1038,159,1197,960,81,1041,1038,81,1119,78,78,0,99,21,13
dev_0110,2,1,1574,123,1697,1411,38,1449,1574,38,1612,85,85,78,113,28,20
dev_0110,3,1,2342,165,2507,2169,77,2246,2342,77,2419,88,88,85,119,31,23
dev_0110,4,1,2934,154,3088,2773,81,2854,2934,81,3015,73,73,88,107,34,26
dev_0110,5,1,3882,169,4051,3694,54,3748,3882,54,3936,115,115,73,159,44,36
dev_0110,6,1,4143,180,4323,3904,56,3960,4143,56,4199,124,124,115,170,46,38
dev_0110,7,1,4350,196,4546,4117,87,4204,4350,87,4437,109,109,124,154,45,37
dev_0110,8,1,4729,199,4928,4510,89,4599,4729,89,4818,110,110,109,151,41,33
dev_0110,9,1,5582,200,5782,5360,88,5448,5582,88,5670,112,112,110,155,43,35
dev_0122,1,1,1718,123,1841,1638,43,1681,1718,43,1761,80,80,0,113,33,25
dev_0122,2,1,2629,182,2811,2473,106,2579,2629,106,2735,76,76,80,122,46,38
dev_0122,3,1,3367,192,3559,3197,98,3295,3367,98,3465,94,94,76,135,41,33
dev_0122,4,1,3936,172,4108,3753,83,3836,3936,83,4019,89,89,94,131,42,34
dev_0122,5,1,4554,177,4731,4372,84,4456,4554,84,4638,93,93,89,127,34,26
dev_0111,1,1,889,116,1005,805,32,837,889,32,921,84,84,0,106,22,14
dev_0111,2,1,1292,124,1416,1126,42,1168,1292,42,1334,82,82,84,114,32,24
dev_0111,3,1,2135,143,2278,1958,48,2006,2135,48,2183,95,95,82,133,38,30
dev_0111,4,1,2495,136,2631,2316,52,2368,2495,52,2547,84,84,95,126,42,34
dev_0111,5,1,2990,162,3152,2796,52,2848,2990,52,3042,110,110,84,152,42,34
dev_0111,6,1,4031,181,4212,3823,83,3906,4031,83,4114,98,98,110,135,37,29
dev_0111,7,1,4932,163,5095,4746,75,4821,4932,75,5007,88,88,98,121,33,25
dev_0111,8,1,5171,173,5344,4998,88,5086,5171,88,5259,85,85,88,122,37,29
dev_0111,9,1,5496,161,5657,5322,72,5394,5496,72,5568,89,89,85,124,35,27
dev_0111,10,1,6061,187,6248,5875,90,5965,6061,90,6151,97,97,89,139,42,34
dev_0109,1,1,1024,107,1131,959,42,1001,1024,42,1066,65,65,0,97,32,24
dev_0109,2,1,1649,190,1839,1492,98,1590,1649,98,1747,92,92,65,132,40,32
dev_0109,3,1,2458,180,2638,2290,104,2394,2458,104,2562,76,76,92,114,38,30
dev_0109,4,1,3428,207,3635,3263,118,3381,3428,118,3546,89,89,76,138,49,41
dev_0109,5,1,4595,162,4757,4427,83,4510,4595,83,4678,79,79,89,115,36,28
dev_0109,6,1,5245,134,5379,5077,45,5122,5245,45,5290,89,89,79,124,35,27
dev_0109,7,1,6308,169,6477,6121,71,6192,6308,71,6379,98,98,89,134,36,28
dev_0109,8,1,7531,166,7697,7341,74,7415,7531,74,7605,92,92,98,123,31,23
dev_0109,9,1,7960,180,8140,7789,101,7890,7960,101,8061,79,79,92,113,34,26
dev_0109,10,1,8842,164,9006,8680,81,8761,8842,81,8923,83,83,79,115,32,24
dev_0124,1,1,1181,104,1285,1112,35,1147,1181,35,1216,69,69,0,94,25,17
dev_0124,2,1,2045,192,2237,1893,109,2002,2045,109,2154,83,83,69,113,30,22
dev_0124,3,1,2410,113,2523,2253,39,2292,2410,39,2449,74,74,83,103,29,21
dev_0124,4,1,3760,158,3918,3606,78,3684,3760,78,3838,80,80,74,115,35,27
dev_0124,5,1,4255,158,4413,4096,79,4175,4255,79,4334,79,79,80,114,35,27
dev_0124,6,1,4655,190,4845,4476,90,4566,4655,90,4745,100,100,79,135,35,27
dev_0108,1,1,1237,171,1408,1151,85,1236,1237,85,1322,86,86,0,106,20,12
dev_0108,2,1,1806,194,2000,1609,83,1692,1806,83,1889,111,111,86,146,35,27
dev_0108,3,1,2658,202,2860,2435,90,2525,2658,90,2748,112,112,111,144,32,24
dev_0108,4,1,3792,182,3974,3567,69,3636,3792,69,3861,113,113,112,144,31,23
dev_0108,5,1,4469,205,4674,4237,86,4323,4469,86,4555,119,119,113,149,30,22
dev_0108,6,1,4913,195,5108,4684,85,4769,4913,85,4998,110,110,119,140,30,22
dev_0108,7,1,5361,203,5564,5147,99,5246,5361,99,5460,104,104,110,139,35,27
dev_0108,8,1,5857,187,6044,5656,90,5746,5857,90,5947,97,97,104,136,39,31
dev_0108,9,1,6867,205,7072,6658,93,6751,6867,93,6960,112,112,97,159,47,39
dev_0102,1,2,1905,226,2131,1740,120,1860,1905,120,2025,106,106,59,66,19,11
dev_0102,2,1,1801,182,1983,1661,89,1750,1801,89,1890,93,93,47,123,30,22
dev_0102,3,1,2223,177,2400,2038,85,2123,2223,85,2308,92,92,93,126,34,26
dev_0102,4,1,3005,202,3207,2802,91,2893,3005,91,3096,111,111,92,153,42,34
dev_0102,5,1,3700,192,3892,3485,88,3573,3700,88,3788,104,104,111,151,47,39
dev_0102,6,1,4467,210,4677,4254,101,4355,4467,101,4568,109,109,104,156,47,39
dev_0102,7,1,4968,216,5184,4736,93,4829,4968,93,5061,123,123,109,170,47,39
dev_0102,8,1,5564,228,5792,5313,100,5413,5564,100,5664,128,128,123,176,48,40
dev_0102,9,1,6140,212,6352,5893,93,5986,6140,93,6233,119,119,128,164,45,37
dev_0102,10,1,6532,182,6714,6318,87,6405,6532,87,6619,95,95,119,134,39,31
dev_0127,1,1,1382,153,1535,1310,81,1391,1382,81,1463,72,72,0,97,25,17
dev_0127,2,1,3610,185,3795,3436,83,3519,3610,83,3693,102,102,72,133,31,23
dev_0127,3,1,4241,188,4429,4038,87,4125,4241,87,4328,101,101,102,136,35,27
dev_0127,4,1,4896,162,5058,4723,90,4813,4896,90,4986,72,72,101,102,30,22
dev_0127,5,1,6086,189,6275,5923,98,6021,6086,98,6184,91,91,72,130,39,31
dev_0119,1,1,1524,180,1704,1450,106,1556,1524,106,1630,74,74,0,105,31,23
dev_0119,2,1,2391,175,2566,2214,72,2286,2391,72,2463,103,103,74,132,29,21
dev_0119,3,1,3559,168,3727,3373,85,3458,3559,85,3644,83,83,103,115,32,24
dev_0119,4,1,4067,180,4247,3887,83,3970,4067,83,4150,97,97,83,124,27,19
dev_0119,5,1,5307,173,5480,5131,94,5225,5307,94,5401,79,79,97,119,40,32
dev_0119,6,1,5830,161,5991,5675,85,5760,5830,85,5915,76,76,79,109,33,25
dev_0119,7,1,6282,176,6458,6107,77,6184,6282,77,6359,99,99,76,125,26,18
dev_0119,8,1,6644,199,6843,6437,91,6528,6644,91,6735,108,108,99,143,35,27
dev_0119,9,1,7357,184,7541,7144,79,7223,7357,79,7436,105,105,108,136,31,23
dev_0118,1,1,1487,154,1641,1416,83,1499,1487,83,1570,71,71,0,98,27,19
dev_0118,2,1,2518,158,2676,2365,76,2441,2518,76,2594,82,82,71,112,30,22
dev_0118,3,1,3878,173,4051,3704,81,3785,3878,81,3959,92,92,82,128,36,28
dev_0118,4,1,4234,175,4409,4042,75,4117,4234,75,4309,100,100,92,136,36,28
dev_0118,5,1,4991,181,5172,4799,89,4888,4991,89,5080,92,92,100,127,35,27
dev_0118,6,1,5596,177,5773,5412,85,5497,5596,85,5681,92,92,92,129,37,29
dev_0118,7,1,6228,189,6417,6036,89,6125,6228,89,6317,100,100,92,135,35,27
dev_0118,8,1,6749,179,6928,6552,82,6634,6749,82,6831,97,97,100,132,35,27
dev_0118,9,1,7300,179,7479,7108,84,7192,7300,84,7384,95,95,97,128,33,25
dev_0118,10,1,7641,178,7819,7450,82,7532,7641,82,7723,96,96,95,129,33,25
dev_0128,1,1,1389,138,1527,1320,69,1389,1389,69,1458,69,69,0,98,29,21
dev_0128,2,1,2036,143,2179,1898,74,1972,2036,74,2110,69,69,69,94,25,17
dev_0128,3,1,3071,158,3229,2925,81,3006,3071,81,3152,77,77,69,107,30,22
dev_0128,4,1,4248,176,4424,4084,89,4173,4248,89,4337,87,87,77,113,26,18
dev_0128,5,1,4956,162,5118,4793,86,4879,4956,86,5042,76,76,87,109,33,25
dev_0128,6,1,5357,169,5526,5209,97,5306,5357,97,5454,72,72,76,110,38,30
dev_0128,7,1,6184,181,6365,6022,91,6113,6184,91,6275,90,90,72,128,38,30
dev_0128,8,1,6619,188,6807,6428,87,6515,6619,87,6706,101,101,90,139,38,30
dev_0135,1,1,1355,173,1528,1277,95,1372,1355,95,1450,78,78,0,108,30,22
dev_0135,2,1,2126,195,2321,1941,88,2029,2126,88,2214,107,107,78,138,31,23
dev_0135,3,1,3000,175,3175,2808,90,2898,3000,90,3090,85,85,107,120,35,27
dev_0135,4,1,3320,171,3491,3160,96,3256,3320,96,3416,75,75,85,110,35,27
dev_0135,5,1,3971,193,4164,3791,88,3879,3971,88,4059,105,105,75,145,40,32
dev_0135,6,1,5192,170,5362,5003,86,5089,5192,86,5278,84,84,105,123,39,31
dev_0130,1,3,3263,475,3738,2832,230,3062,3263,230,3493,245,245,186,70,11,2
dev_0130,2,1,1434,199,1633,1268,92,1360,1434,92,1526,107,107,59,138,31,23
dev_0130,3,1,1980,193,2173,1759,79,1838,1980,79,2059,114,114,107,144,30,22
dev_0130,4,1,2836,167,3003,2631,76,2707,2836,76,2912,91,91,114,122,31,23
dev_0130,5,1,3912,195,4107,3721,95,3816,3912,95,4007,100,100,91,138,38,30
dev_0130,6,1,4208,196,4404,3997,85,4082,4208,85,4293,111,111,100,142,31,23
dev_0133,1,2,2559,333,2892,2339,185,2524,2559,185,2744,148,148,72,105,29,21
dev_0133,2,1,1928,187,2115,1757,92,1849,1928,92,2020,95,95,76,125,30,22
dev_0133,3,1,2865,167,3032,2680,77,2757,2865,77,2942,90,90,95,120,30,22
dev_0133,4,1,3683,140,3823,3523,70,3593,3683,70,3753,70,70,90,105,35,27
dev_0133,5,1,4022,159,4181,3884,91,3975,4022,91,4113,68,68,70,103,35,27
dev_0133,6,1,4452,185,4637,4289,90,4379,4452,90,4542,95,95,68,135,40,32
dev_0133,7,1,5092,180,5272,4920,103,5023,5092,103,5195,77,77,95,117,40,32
dev_0138,1,1,1757,206,1963,1656,105,1761,1757,105,1862,101,101,0,134,33,25
dev_0138,2,1,2214,180,2394,2032,99,2131,2214,99,2313,81,81,101,112,31,23
dev_0138,3,1,2589,170,2759,2419,81,2500,2589,81,2670,89,89,81,121,32,24
dev_0138,4,1,3483,175,3658,3301,82,3383,3483,82,3565,93,93,89,130,37,29
dev_0138,5,1,4793,193,4986,4589,82,4671,4793,82,4875,111,111,93,149,38,30
dev_0138,6,1,5233,184,5417,5020,82,5102,5233,82,5315,102,102,111,138,36,28
dev_0126,1,1,1424,123,1547,1346,45,1391,1424,45,1469,78,78,0,113,35,27
dev_0126,2,1,1865,122,1987,1709,44,1753,1865,44,1909,78,78,78,112,34,26
dev_0126,3,1,3481,172,3653,3308,77,3385,3481,77,3558,95,95,78,129,34,26
dev_0126,4,1,4280,135,4415,4108,58,4166,4280,58,4338,77,77,95,125,48,40
dev_0126,5,1,4845,175,5020,4684,91,4775,4845,91,4936,84,84,77,132,48,40
dev_0126,6,1,5761,157,5918,5584,64,5648,5761,64,5825,93,93,84,147,54,46
dev_0126,7,1,6401,168,6569,6204,64,6268,6401,64,6465,104,104,93,158,54,46
dev_0126,8,1,7671,185,7856,7446,64,7510,7671,64,7735,121,121,104,175,54,46
dev_0126,9,1,8239,220,8459,7999,101,8100,8239,101,8340,119,119,121,166,47,39
dev_0126,10,1,8938,170,9108,8705,56,8761,8938,56,8994,114,114,119,160,46,38
dev_0131,1,1,1434,175,1609,1346,87,1433,1434,87,1521,88,88,0,115,27,19
dev_0131,2,1,2275,183,2458,2099,95,2194,2275,95,2370,88,88,88,130,42,34
dev_0131,3,1,2932,172,3104,2756,84,2840,2932,84,3016,88,88,88,128,40,32
dev_0131,4,1,3859,195,4054,3686,110,3796,3859,110,3969,85,85,88,125,40,32
dev_0131,5,1,4249,174,4423,4069,79,4148,4249,79,4328,95,95,85,134,39,31
dev_0131,6,1,4871,191,5062,4674,89,4763,4871,89,4960,102,102,95,145,43,35
dev_0131,7,1,5535,179,5714,5338,84,5422,5535,84,5619,95,95,102,138,43,35
dev_0131,8,1,6212,182,6394,6028,93,6121,6212,93,6305,89,89,95,120,31,23
dev_0139,1,1,1050,162,1212,971,83,1054,1050,83,1133,79,79,0,109,30,22
dev_0139,2,1,2159,193,2352,1982,95,2077,2159,95,2254,98,98,79,126,28,20
dev_0139,3,1,2527,193,2720,2324,88,2412,2527,88,2615,105,105,98,137,32,24
dev_0139,4,1,3025,165,3190,2832,77,2909,3025,77,3102,88,88,105,120,32,24
dev_0139,5,1,3904,158,4062,3739,81,3820,3904,81,3985,77,77,88,108,31,23
dev_0139,6,1,4986,150,5136,4844,85,4929,4986,85,5071,65,65,77,96,31,23
dev_0139,7,1,5781,181,5962,5624,89,5713,5781,89,5870,92,92,65,123,31,23
dev_0146,1,1,1323,106,1429,1255,38,1293,1323,38,1361,68,68,0,96,28,20
dev_0146,2,1,2976,183,3159,2800,75,2875,2976,75,3051,108,108,68,144,36,28
dev_0146,3,1,3659,177,3836,3450,76,3526,3659,76,3735,101,101,108,137,36,28
dev_0146,4,1,4690,193,4883,4490,94,4584,4690,94,4784,99,99,101,137,38,30
dev_0146,5,1,5452,203,5655,5237,87,5324,5452,87,5539,116,116,99,157,41,33
dev_0134,1,1,1212,175,1387,1129,92,1221,1212,92,1304,83,83,0,115,32,24
dev_0134,2,1,2485,165,2650,2325,88,2413,2485,88,2573,77,77,83,114,37,29
dev_0134,3,1,2849,145,2994,2687,60,2747,2849,60,2909,85,85,77,135,50,42
dev_0134,4,1,3179,136,3315,3007,49,3056,3179,49,3228,87,87,85,126,39,31
dev_0134,5,1,3801,151,3952,3613,50,3663,3801,50,3851,101,101,87,141,40,32
dev_0134,6,1,4574,205,4779,4370,102,4472,4574,102,4676,103,103,101,143,40,32
dev_0134,7,1,5009,187,5196,4807,88,4895,5009,88,5097,99,99,103,140,41,33
dev_0134,8,1,5703,191,5894,5495,82,5577,5703,82,5785,109,109,99,149,40,32
dev_0144,1,1,1257,130,1387,1163,36,1199,1257,36,1293,94,94,0,120,26,18
dev_0144,2,1,2083,172,2255,1889,72,1961,2083,72,2155,100,100,94,131,31,23
dev_0144,3,1,2726,180,2906,2527,81,2608,2726,81,2807,99,99,100,135,36,28
dev_0144,4,1,3525,210,3735,3311,95,3406,3525,95,3620,115,115,99,158,43,35
dev_0144,5,1,3970,193,4163,3760,98,3858,3970,98,4068,95,95,115,132,37,29
dev_0144,6,1,4281,167,4448,4099,80,4179,4281,80,4361,87,87,95,125,38,30
dev_0144,7,1,5188,178,5366,5011,88,5099,5188,88,5276,90,90,87,131,41,33
dev_0144,8,1,5996,186,6182,5802,82,5884,5996,82,6078,104,104,90,139,35,27
dev_0132,1,1,1532,163,1695,1448,79,1527,1532,79,1611,84,84,0,117,33,25
dev_0132,2,1,2176,178,2354,2002,88,2090,2176,88,2264,90,90,84,125,35,27
dev_0132,3,1,3081,174,3255,2900,83,2983,3081,83,3164,91,91,90,126,35,27
dev_0132,4,1,3414,165,3579,3237,79,3316,3414,79,3493,86,86,91,118,32,24
dev_0132,5,1,4246,161,4407,4082,83,4165,4246,83,4329,78,78,86,110,32,24
dev_0132,6,1,4472,181,4653,4307,94,4401,4472,94,4566,87,87,78,128,41,33
dev_0132,7,1,5386,198,5584,5198,97,5295,5386,97,5483,101,101,87,144,43,35
dev_0132,8,1,5983,211,6194,5780,109,5889,5983,109,6092,102,102,101,155,53,45
dev_0132,9,1,6929,171,7100,6746,90,6836,6929,90,7019,81,81,102,122,41,33
dev_0132,10,1,7229,189,7418,7053,94,7147,7229,94,7323,95,95,81,137,42,34
dev_0140,1,2,2251,299,2550,2005,134,2139,2251,134,2385,165,165,81,111,27,19
dev_0140,2,1,1589,140,1729,1403,38,1441,1589,38,1627,102,102,84,130,28,20
dev_0140,3,1,2349,123,2472,2167,43,2210,2349,43,2392,80,80,102,113,33,25
dev_0140,4,1,3075,136,3211,2930,71,3001,3075,71,3146,65,65,80,94,29,21
dev_0140,5,1,3564,173,3737,3410,84,3494,3564,84,3648,89,89,65,124,35,27
dev_0140,6,1,3938,146,4084,3755,52,3807,3938,52,3990,94,94,89,136,42,34
dev_0140,7,1,4604,156,4760,4406,52,4458,4604,52,4656,104,104,94,146,42,34
dev_0140,8,1,5077,214,5291,4867,108,4975,5077,108,5185,106,106,104,149,43,35
dev_0140,9,1,6348,164,6512,6171,93,6264,6348,93,6441,71,71,106,113,42,34
dev_0143,1,1,1019,110,1129,948,39,987,1019,39,1058,71,71,0,100,29,21
dev_0143,2,1,1943,198,2141,1766,92,1858,1943,92,2035,106,106,71,143,37,29
dev_0143,3,1,2475,138,2613,2272,41,2313,2475,41,2516,97,97,106,128,31,23
dev_0143,4,1,3449,181,3630,3247,76,3323,3449,76,3525,105,105,97,139,34,26
dev_0143,5,1,4275,178,4453,4076,84,4160,4275,84,4359,94,94,105,132,38,30
dev_0143,6,1,4786,169,4955,4606,83,4689,4786,83,4869,86,86,94,122,36,28
dev_0143,7,1,5312,173,5485,5132,79,5211,5312,79,5391,94,94,86,128,34,26
dev_0143,8,1,5957,172,6129,5770,79,5849,5957,79,6036,93,93,94,129,36,28
dev_0143,9,1,6403,170,6573,6225,85,6310,6403,85,6488,85,85,93,122,37,29
dev_0137,1,1,1506,157,1663,1426,77,1503,1506,77,1583,80,80,0,109,29,21
dev_0137,2,1,2174,185,2359,2003,94,2097,2174,94,2268,91,91,80,127,36,28
dev_0137,3,1,3478,175,3653,3305,93,3398,3478,93,3571,82,82,91,119,37,29
dev_0137,4,1,3885,178,4063,3717,92,3809,3885,92,3977,86,86,82,124,38,30
dev_0137,5,1,4481,190,4671,4304,99,4403,4481,99,4580,91,91,86,139,48,40
dev_0137,6,1,4956,203,5159,4757,95,4852,4956,95,5051,108,108,91,145,37,29
dev_0137,7,1,5570,194,5764,5353,85,5438,5570,85,5655,109,109,108,147,38,30
dev_0137,8,1,6201,213,6414,5989,110,6099,6201,110,6311,103,103,109,144,41,33
dev_0137,9,1,6872,191,7063,6670,92,6762,6872,92,6964,99,99,103,134,35,27
dev_0136,1,1,1318,187,1505,1221,90,1311,1318,90,1408,97,97,0,131,34,26
dev_0136,2,1,2072,160,2232,1890,75,1965,2072,75,2147,85,85,97,117,32,24
dev_0136,3,1,2747,165,2912,2583,86,2669,2747,86,2833,79,79,85,112,33,25
dev_0136,4,1,3688,193,3881,3516,100,3616,3688,100,3788,93,93,79,128,35,27
dev_0136,5,1,4319,194,4513,4127,95,4222,4319,95,4414,99,99,93,141,42,34
dev_0136,6,1,4794,187,4981,4591,83,4674,4794,83,4877,104,104,99,143,39,31
dev_0136,7,1,5075,190,5265,4869,88,4957,5075,88,5163,102,102,104,146,44,36
dev_0136,8,1,5307,184,5491,5101,80,5181,5307,80,5387,104,104,102,139,35,27
dev_0136,9,1,6152,151,6303,5946,49,5995,6152,49,6201,102,102,104,141,39,31
dev_0136,10,1,6661,205,6866,6444,90,6534,6661,90,6751,115,115,102,154,39,31
dev_0148,1,1,1303,154,1457,1208,59,1267,1303,59,1362,95,95,0,144,49,41
dev_0148,2,1,2122,182,2304,1948,103,2051,2122,103,2225,79,79,95,110,31,23
dev_0148,3,1,2513,137,2650,2338,41,2379,2513,41,2554,96,96,79,127,31,23
dev_0148,4,1,3211,164,3375,3020,69,3089,3211,69,3280,95,95,96,124,29,21
dev_0148,5,1,3903,147,4050,3705,44,3749,3903,44,3947,103,103,95,137,34,26
dev_0148,6,1,4521,172,4693,4320,74,4394,4521,74,4595,98,98,103,134,36,28
dev_0148,7,1,5186,183,5369,5002,97,5099,5186,97,5283,86,86,98,126,40,32
dev_0145,1,1,1207,144,1351,1112,49,1161,1207,49,1256,95,95,0,134,39,31
dev_0145,2,1,1507,131,1638,1318,37,1355,1507,37,1544,94,94,95,121,27,19
dev_0145,3,1,2018,135,2153,1827,38,1865,2018,38,2056,97,97,94,125,28,20
dev_0145,4,1,2562,161,2723,2353,49,2402,2562,49,2611,112,112,97,151,39,31
dev_0145,5,1,3692,175,3867,3489,84,3573,3692,84,3776,91,91,112,131,40,32
dev_0145,6,1,4277,188,4465,4083,85,4168,4277,85,4362,103,103,91,140,37,29
dev_0145,7,1,4765,203,4968,4559,100,4659,4765,100,4865,103,103,103,147,44,36
dev_0145,8,1,4870,155,5025,4683,71,4754,4870,71,4941,84,84,103,117,33,25
dev_0145,9,1,5693,172,5865,5524,87,5611,5693,87,5780,85,85,84,118,33,25
dev_0145,10,1,6425,165,6590,6229,54,6283,6425,54,6479,111,111,85,155,44,36
dev_0147,1,1,1325,178,1503,1229,82,1311,1325,82,1407,96,96,0,126,30,22
dev_0147,2,1,1716,126,1842,1532,38,1570,1716,38,1754,88,88,96,116,28,20
dev_0147,3,1,2167,111,2278,2004,36,2040,2167,36,2203,75,75,88,101,26,18
dev_0147,4,1,2813,124,2937,2655,41,2696,2813,41,2854,83,83,75,114,31,23
dev_0147,5,1,3522,120,3642,3361,42,3403,3522,42,3564,78,78,83,110,32,24
dev_0147,6,1,4373,137,4510,4201,43,4244,4373,43,4416,94,94,78,127,33,25
dev_0147,7,1,4900,143,5043,4708,45,4753,4900,45,4945,98,98,94,133,35,27
dev_0147,8,1,5931,150,6081,5735,52,5787,5931,52,5983,98,98,98,140,42,34
dev_0147,9,1,7045,149,7194,6850,52,6902,7045,52,7097,97,97,98,139,42,34
dev_0147,10,1,7406,135,7541,7226,52,7278,7406,52,7458,83,83,97,125,42,34
dev_0142,1,1,1322,137,1459,1225,40,1265,1322,40,1362,97,97,0,127,30,22
dev_0142,2,2,3811,338,4149,3352,168,3520,3811,168,3979,170,170,289,96,21,13
dev_0142,3,1,2428,163,2591,2268,78,2346,2428,78,2506,85,85,75,116,31,23
dev_0142,4,1,3509,177,3686,3336,89,3425,3509,89,3598,88,88,85,125,37,29
dev_0142,5,1,4058,177,4235,3873,80,3953,4058,80,4138,97,97,88,131,34,26
dev_0142,6,1,4352,187,4539,4158,90,4248,4352,90,4442,97,97,97,139,42,34
dev_0142,7,1,4649,146,4795,4460,54,4514,4649,54,4703,92,92,97,136,44,36
dev_0142,8,1,5200,218,5418,4992,102,5094,5200,102,5302,116,116,92,156,40,32
dev_0142,9,1,5698,164,5862,5470,52,5522,5698,52,5750,112,112,116,154,42,34
dev_0142,10,1,6358,184,6542,6148,86,6234,6358,86,6444,98,98,112,134,36,28
dev_0161,1,1,975,140,1115,875,40,915,975,40,1015,100,100,0,130,30,22
dev_0161,2,1,1609,113,1722,1430,34,1464,1609,34,1643,79,79,100,103,24,16
dev_0161,3,1,2284,137,2421,2112,44,2156,2284,44,2328,93,93,79,127,34,26
dev_0161,4,1,3089,170,3259,2915,89,3004,3089,89,3178,81,81,93,118,37,29
dev_0161,5,1,3491,160,3651,3331,81,3412,3491,81,3572,79,79,81,115,36,28
dev_0161,6,1,4078,180,4258,3909,90,3999,4078,90,4168,90,90,79,125,35,27
dev_0160,1,1,1105,130,1235,1022,47,1069,1105,47,1152,83,83,0,120,37,29
dev_0160,2,1,1892,181,2073,1719,91,1810,1892,91,1983,90,90,83,120,30,22
dev_0160,3,1,2210,171,2381,2023,74,2097,2210,74,2284,97,97,90,128,31,23
dev_0160,4,1,2557,187,2744,2357,84,2441,2557,84,2641,103,103,97,133,30,22
dev_0160,5,1,3553,169,3722,3362,81,3443,3553,81,3634,88,88,103,120,32,24
dev_0160,6,1,3714,179,3893,3528,81,3609,3714,81,3795,98,98,88,128,30,22
dev_0154,1,1,1409,126,1535,1331,48,1379,1409,48,1457,78,78,0,116,38,30
dev_0154,2,1,2016,179,2195,1852,93,1945,2016,93,2109,86,86,78,118,32,24
dev_0154,3,1,3055,154,3209,2897,82,2979,3055,82,3137,72,72,86,105,33,25
dev_0154,4,1,4110,193,4303,3929,84,4013,4110,84,4194,109,109,72,141,32,24
dev_0154,5,1,4574,188,4762,4368,91,4459,4574,91,4665,97,97,109,133,36,28
dev_0154,6,1,5277,177,5454,5089,86,5175,5277,86,5363,91,91,97,128,37,29
dev_0154,7,1,6020,148,6168,5827,46,5873,6020,46,6066,102,102,91,138,36,28
dev_0153,1,1,1563,184,1747,1475,96,1571,1563,96,1659,88,88,0,120,32,24
dev_0153,2,1,2253,202,2455,2049,86,2135,2253,86,2339,116,116,88,143,27,19
dev_0153,3,1,3070,170,3240,2872,88,2960,3070,88,3158,82,82,116,115,33,25
dev_0153,4,1,3220,176,3396,3056,94,3150,3220,94,3314,82,82,82,121,39,31
dev_0153,5,1,3935,157,4092,3780,84,3864,3935,84,4019,73,73,82,108,35,27
dev_0153,6,1,4711,180,4891,4537,79,4616,4711,79,4790,101,101,73,137,36,28
dev_0153,7,1,5570,182,5752,5375,88,5463,5570,88,5658,94,94,101,135,41,33
dev_0158,1,1,1490,145,1635,1402,57,1459,1490,57,1547,88,88,0,135,47,39
dev_0158,2,1,1904,188,2092,1714,86,1800,1904,86,1990,102,102,88,135,33,25
dev_0158,3,1,2098,159,2257,1883,46,1929,2098,46,2144,113,113,102,149,36,28
dev_0158,4,1,2816,174,2990,2604,75,2679,2816,75,2891,99,99,113,135,36,28
dev_0158,5,1,3298,170,3468,3112,83,3195,3298,83,3381,87,87,99,123,36,28
dev_0158,6,1,3509,202,3711,3322,102,3424,3509,102,3611,100,100,87,140,40,32
dev_0158,7,1,4184,170,4354,3997,83,4080,4184,83,4267,87,87,100,126,39,31
dev_0164,1,1,1371,165,1536,1282,76,1358,1371,76,1447,89,89,0,114,25,17
dev_0164,2,1,1881,207,2088,1675,90,1765,1881,90,1971,117,117,89,147,30,22
dev_0164,3,1,2648,213,2861,2407,89,2496,2648,89,2737,124,124,117,163,39,31
dev_0164,4,1,3352,194,3546,3122,88,3210,3352,88,3440,106,106,124,141,35,27
dev_0164,5,1,4064,177,4241,3870,89,3959,4064,89,4153,88,88,106,129,41,33
dev_0168,1,1,1915,128,2043,1833,46,1879,1915,46,1961,82,82,0,118,36,28
dev_0168,2,1,2557,167,2724,2393,85,2478,2557,85,2642,82,82,82,117,35,27
dev_0168,3,1,3148,191,3339,2969,94,3063,3148,94,3242,97,97,82,137,40,32
dev_0168,4,1,4281,184,4465,4093,93,4186,4281,93,4374,91,91,97,130,39,31
dev_0168,5,1,5192,142,5334,5005,46,5051,5192,46,5238,96,96,91,132,36,28
dev_0149,1,1,1289,154,1443,1217,82,1299,1289,82,1371,72,72,0,102,30,22
dev_0149,2,1,2332,164,2496,2193,97,2290,2332,97,2429,67,67,72,98,31,23
dev_0149,3,1,2970,144,3114,2830,71,2901,2970,71,3041,73,73,67,106,33,25
dev_0149,4,1,3984,163,4147,3831,83,3914,3984,83,4067,80,80,73,112,32,24
dev_0149,5,1,4818,172,4990,4648,82,4730,4818,82,4900,90,90,80,120,30,22
dev_0149,6,1,5373,177,5550,5188,82,5270,5373,82,5455,95,95,90,125,30,22
dev_0149,7,1,5550,204,5754,5340,89,5429,5550,89,5639,115,115,95,145,30,22
dev_0149,8,1,6114,196,6310,5888,85,5973,6114,85,6199,111,111,115,153,42,34
dev_0149,9,1,7010,196,7206,6799,96,6895,7010,96,7106,100,100,111,139,39,31
dev_0149,10,1,7415,173,7588,7236,94,7330,7415,94,7509,79,79,100,114,35,27
dev_0150,1,1,861,104,965,789,32,821,861,32,893,72,72,0,94,22,14
dev_0150,2,1,1296,118,1414,1142,36,1178,1296,36,1332,82,82,72,108,26,18
dev_0150,3,1,2565,167,2732,2405,89,2494,2565,89,2654,78,78,82,117,39,31
dev_0150,4,1,2989,154,3143,2840,83,2923,2989,83,3072,71,71,78,112,41,33
dev_0150,5,1,3727,167,3894,3578,89,3667,3727,89,3816,78,78,71,119,41,33
dev_0150,6,1,4535,179,4714,4360,82,4442,4535,82,4617,97,97,78,132,35,27
dev_0150,7,1,5021,170,5191,4840,86,4926,5021,86,5107,84,84,97,125,41,33
dev_0150,8,1,5780,174,5954,5627,105,5732,5780,105,5885,69,69,84,117,48,40
dev_0150,9,1,6152,170,6322,5992,79,6071,6152,79,6231,91,91,69,125,34,26
dev_0150,10,1,6421,176,6597,6235,81,6316,6421,81,6502,95,95,91,132,37,29
dev_0155,1,1,1225,122,1347,1149,46,1195,1225,46,1271,76,76,0,112,36,28
dev_0155,2,1,1978,128,2106,1827,53,1880,1978,53,2031,75,75,76,118,43,35
dev_0155,3,1,2587,123,2710,2439,50,2489,2587,50,2637,73,73,75,113,40,32
dev_0155,4,1,4042,139,4181,3868,38,3906,4042,38,4080,101,101,73,129,28,20
dev_0155,5,1,4587,197,4784,4383,94,4477,4587,94,4681,103,103,101,136,33,25
dev_0155,6,1,4966,152,5118,4783,72,4855,4966,72,5038,80,80,103,112,32,24
dev_0155,7,1,5857,157,6014,5662,42,5704,5857,42,5899,115,115,80,147,32,24
dev_0155,8,1,6688,187,6875,6456,70,6526,6688,70,6758,117,117,115,147,30,22
dev_0155,9,1,7325,154,7479,7128,74,7202,7325,74,7399,80,80,117,110,30,22
dev_0155,10,1,7861,161,8022,7698,78,7776,7861,78,7939,83,83,80,113,30,22
dev_0152,1,1,1035,114,1149,959,38,997,1035,38,1073,76,76,0,104,28,20
dev_0152,2,1,1938,130,2068,1773,41,1814,1938,41,1979,89,89,76,120,31,23
dev_0152,3,1,2469,165,2634,2307,92,2399,2469,92,2561,73,73,89,111,38,30
dev_0152,4,1,2890,167,3057,2735,85,2820,2890,85,2975,82,82,73,115,33,25
dev_0152,5,1,3275,168,3443,3113,88,3201,3275,88,3363,80,80,82,116,36,28
dev_0152,6,1,3530,160,3690,3360,70,3430,3530,70,3600,90,90,80,122,32,24
dev_0152,7,1,3824,173,3997,3636,75,3711,3824,75,3899,98,98,90,122,24,16
dev_0152,8,1,4589,176,4765,4393,78,4471,4589,78,4667,98,98,98,123,25,17
dev_0152,9,1,5306,175,5481,5115,82,5197,5306,82,5388,93,93,98,125,32,24
dev_0152,10,1,6009,185,6194,5819,88,5907,6009,88,6097,97,97,93,130,33,25
dev_0156,1,2,2076,268,2344,1855,115,1970,2076,115,2191,153,153,68,108,23,15
dev_0156,2,1,1341,123,1464,1170,37,1207,1341,37,1378,86,86,85,113,27,19
dev_0156,3,1,1776,160,1936,1614,84,1698,1776,84,1860,76,76,86,107,31,23
dev_0156,4,1,2707,175,2882,2534,78,2612,2707,78,2785,97,97,76,132,35,27
dev_0156,5,1,3441,166,3607,3258,80,3338,3441,80,3521,86,86,97,121,35,27
dev_0156,6,1,3736,175,3911,3556,81,3637,3736,81,3817,94,94,86,131,37,29
dev_0156,7,1,4536,197,4733,4328,83,4411,4536,83,4619,114,114,94,153,39,31
dev_0156,8,1,5383,191,5574,5170,92,5262,5383,92,5475,99,99,114,148,49,41
dev_0156,9,1,5954,183,6137,5762,90,5852,5954,90,6044,93,93,99,132,39,31
dev_0169,1,1,1554,135,1689,1460,41,1501,1554,41,1595,94,94,0,125,31,23
dev_0169,2,1,2194,169,2363,2000,69,2069,2194,69,2263,100,100,94,133,33,25
dev_0169,3,1,3054,161,3215,2871,78,2949,3054,78,3132,83,83,100,125,42,34
dev_0169,4,1,4349,160,4509,4168,62,4230,4349,62,4411,98,98,83,150,52,44
dev_0169,5,1,5116,190,5306,4924,96,5020,5116,96,5212,94,94,98,138,44,36
dev_0169,6,1,5401,201,5602,5191,85,5276,5401,85,5486,116,116,94,149,33,25
dev_0170,1,1,1370,158,1528,1301,89,1390,1370,89,1459,69,69,0,107,38,30
dev_0170,2,1,1751,122,1873,1604,44,1648,1751,44,1795,78,78,69,112,34,26
dev_0170,3,1,2565,137,2702,2401,51,2452,2565,51,2616,86,86,78,127,41,33
dev_0170,4,1,3061,154,3215,2871,50,2921,3061,50,3111,104,104,86,144,40,32
dev_0170,5,1,3308,144,3452,3110,50,3160,3308,50,3358,94,94,104,134,40,32
dev_0170,6,1,4138,187,4325,3946,89,4035,4138,89,4227,98,98,94,132,34,26
dev_0170,7,1,4524,142,4666,4327,43,4370,4524,43,4567,99,99,98,132,33,25
dev_0163,1,1,1215,132,1347,1122,39,1161,1215,39,1254,93,93,0,122,29,21
dev_0163,2,1,1950,142,2092,1749,34,1783,1950,34,1984,108,108,93,132,24,16
dev_0163,3,1,2302,151,2453,2109,66,2175,2302,66,2368,85,85,108,112,27,19
dev_0163,4,1,3144,187,3331,2951,79,3030,3144,79,3223,108,108,85,138,30,22
dev_0163,5,1,4040,198,4238,3807,73,3880,4040,73,4113,125,125,108,154,29,21
dev_0163,6,1,4821,191,5012,4595,90,4685,4821,90,4911,101,101,125,135,34,26
dev_0163,7,1,5547,175,5722,5355,84,5439,5547,84,5631,91,91,101,122,31,23
dev_0163,8,1,7032,156,7188,6873,88,6961,7032,88,7120,68,68,91,104,36,28
dev_0165,1,1,1579,132,1711,1482,35,1517,1579,35,1614,97,97,0,122,25,17
dev_0165,2,1,2769,198,2967,2568,94,2662,2769,94,2863,104,104,97,135,31,23
dev_0165,3,1,3535,207,3742,3314,90,3404,3535,90,3625,117,117,104,158,41,33
dev_0165,4,1,4451,212,4663,4219,97,4316,4451,97,4548,115,115,117,155,40,32
dev_0165,5,1,4853,200,5053,4625,87,4712,4853,87,4940,113,113,115,152,39,31
dev_0165,6,1,6009,170,6179,5803,77,5880,6009,77,6086,93,93,113,133,40,32
dev_0165,7,1,6209,183,6392,6028,95,6123,6209,95,6304,88,88,93,128,40,32
dev_0171,1,1,1316,143,1459,1248,75,1323,1316,75,1391,68,68,0,89,21,13
dev_0171,2,1,2036,175,2211,1867,74,1941,2036,74,2110,101,101,68,121,20,12
dev_0171,3,1,2582,162,2744,2399,80,2479,2582,80,2662,82,82,101,105,23,15
dev_0171,4,1,2937,166,3103,2770,81,2851,2937,81,3018,85,85,82,112,27,19
dev_0171,5,1,3803,180,3983,3634,96,3730,3803,96,3899,84,84,85,123,39,31
dev_0171,6,1,4395,197,4592,4207,93,4300,4395,93,4488,104,104,84,138,34,26
dev_0166,1,1,1286,91,1377,1230,35,1265,1286,35,1321,56,56,0,81,25,17
dev_0166,2,1,2189,138,2327,2031,36,2067,2189,36,2225,102,102,56,128,26,18
dev_0166,3,1,3109,165,3274,2912,70,2982,3109,70,3179,95,95,102,125,30,22
dev_0166,4,1,4100,166,4266,3907,68,3975,4100,68,4168,98,98,95,129,31,23
dev_0166,5,1,4870,199,5069,4672,99,4771,4870,99,4969,100,100,98,137,37,29
dev_0166,6,1,5155,169,5324,4972,86,5058,5155,86,5241,83,83,100,118,35,27
dev_0166,7,1,5307,196,5503,5109,81,5190,5307,81,5388,115,115,83,147,32,24
dev_0166,8,1,5897,168,6065,5666,52,5718,5897,52,5949,116,116,115,158,42,34
dev_0172,1,1,1577,122,1699,1495,40,1535,1577,40,1617,82,82,0,112,30,22
dev_0172,2,1,2294,152,2446,2100,40,2140,2294,40,2334,112,112,82,142,30,22
dev_0172,3,1,3049,171,3220,2842,76,2918,3049,76,3125,95,95,112,125,30,22
dev_0172,4,1,3898,203,4101,3685,85,3770,3898,85,3983,118,118,95,149,31,23
dev_0172,5,1,4656,160,4816,4455,77,4532,4656,77,4733,83,83,118,113,30,22
dev_0172,6,1,5566,184,5750,5388,89,5477,5566,89,5655,95,95,83,133,38,30
dev_0173,1,1,1024,95,1119,961,32,993,1024,32,1056,63,63,0,85,22,14
dev_0173,2,2,4083,330,4413,3728,187,3915,4083,187,4270,143,143,212,79,22,14
dev_0173,3,1,2338,160,2498,2195,74,2269,2338,74,2412,86,86,57,119,33,25
dev_0173,4,1,2751,195,2946,2576,106,2682,2751,106,2857,89,89,86,120,31,23
dev_0173,5,1,3163,148,3311,3001,75,3076,3163,75,3238,73,73,89,105,32,24
dev_0162,1,1,1155,118,1273,1083,46,1129,1155,46,1201,72,72,0,108,36,28
dev_0162,2,1,2083,178,2261,1934,101,2035,2083,101,2184,77,77,72,117,40,32
dev_0162,3,1,2458,181,2639,2285,85,2370,2458,85,2543,96,96,77,137,41,33
dev_0162,4,1,3229,181,3410,3042,90,3132,3229,90,3319,91,91,96,126,35,27
dev_0162,5,1,4172,195,4367,3967,81,4048,4172,81,4253,114,114,91,146,32,24
dev_0162,6,1,4976,194,5170,4756,88,4844,4976,88,5064,106,106,114,146,40,32
dev_0162,7,1,5555,183,5738,5353,87,5440,5555,87,5642,96,96,106,135,39,31
dev_0162,8,1,6047,180,6227,5861,90,5951,6047,90,6137,90,90,96,130,40,32
dev_0162,9,1,6453,193,6646,6260,90,6350,6453,90,6543,103,103,90,143,40,32
dev_0162,10,1,7076,187,7263,6872,86,6958,7076,86,7162,101,101,103,141,40,32
dev_0180,1,1,1603,158,1761,1526,81,1607,1603,81,1684,77,77,0,106,29,21
dev_0180,2,1,2455,158,2613,2298,78,2376,2455,78,2533,80,80,77,111,31,23
dev_0180,3,1,3231,190,3421,3042,81,3123,3231,81,3312,109,109,80,142,33,25
dev_0180,4,1,3768,160,3928,3579,80,3659,3768,80,3848,80,80,109,112,32,24
dev_0180,5,1,4485,171,4656,4332,98,4430,4485,98,4583,73,73,80,111,38,30
dev_0174,1,1,1085,106,1191,1016,37,1053,1085,37,1122,69,69,0,96,27,19
dev_0174,2,1,2160,162,2322,2005,76,2081,2160,76,2236,86,86,69,116,30,22
dev_0174,3,1,2518,165,2683,2347,80,2427,2518,80,2598,85,85,86,118,33,25
dev_0174,4,1,3070,207,3277,2889,111,3000,3070,111,3181,96,96,85,140,44,36
dev_0174,5,1,4002,192,4194,3803,89,3892,4002,89,4091,103,103,96,142,39,31
dev_0174,6,1,4914,195,5109,4702,86,4788,4914,86,5000,109,109,103,146,37,29
dev_0174,7,1,5653,174,5827,5449,79,5528,5653,79,5732,95,95,109,127,32,24
dev_0182,1,1,1817,155,1972,1745,83,1828,1817,83,1900,72,72,0,100,28,20
dev_0182,2,1,2571,160,2731,2419,80,2499,2571,80,2651,80,80,72,107,27,19
dev_0182,3,1,3246,127,3373,3076,37,3113,3246,37,3283,90,90,80,117,27,19
dev_0182,4,1,3711,153,3864,3534,66,3600,3711,66,3777,87,87,90,114,27,19
dev_0182,5,1,4514,163,4677,4340,76,4416,4514,76,4590,87,87,87,120,33,25
dev_0182,6,1,5266,157,5423,5098,76,5174,5266,76,5342,81,81,87,118,37,29
dev_0175,1,1,1315,112,1427,1239,36,1275,1315,36,1351,76,76,0,102,26,18
dev_0175,2,1,1940,176,2116,1776,88,1864,1940,88,2028,88,88,76,120,32,24
dev_0175,3,1,2531,195,2726,2324,76,2400,2531,76,2607,119,119,88,151,32,24
dev_0175,4,1,3508,165,3673,3303,79,3382,3508,79,3587,86,86,119,119,33,25
dev_0175,5,1,4079,191,4270,3885,83,3968,4079,83,4162,108,108,86,138,30,22
dev_0175,6,1,4914,179,5093,4715,88,4803,4914,88,5002,91,91,108,120,29,21
dev_0175,7,1,5152,184,5336,4967,90,5057,5152,90,5242,94,94,91,132,38,30
dev_0175,8,1,5728,185,5913,5542,93,5635,5728,93,5821,92,92,94,130,38,30
dev_0189,1,1,1646,141,1787,1547,42,1589,1646,42,1688,99,99,0,131,32,24
dev_0189,2,1,1981,136,2117,1789,43,1832,1981,43,2024,93,93,99,126,33,25
dev_0189,3,1,2734,172,2906,2542,73,2615,2734,73,2807,99,99,93,134,35,27
dev_0189,4,1,3202,189,3391,3003,89,3092,3202,89,3291,100,100,99,140,40,32
dev_0189,5,1,4040,170,4210,3840,70,3910,4040,70,4110,100,100,100,130,30,22
dev_0177,1,1,1081,108,1189,1011,38,1049,1081,38,1119,70,70,0,98,28,20
dev_0177,2,1,1976,182,2158,1827,103,1930,1976,103,2079,79,79,70,114,35,27
dev_0177,3,1,2685,177,2862,2517,88,2605,2685,88,2773,89,89,79,127,38,30
dev_0177,4,1,3706,211,3917,3505,99,3604,3706,99,3805,112,112,89,147,35,27
dev_0177,5,1,4442,175,4617,4247,92,4339,4442,92,4534,83,83,112,125,42,34
dev_0177,6,1,4699,154,4853,4532,70,4602,4699,70,4769,84,84,83,112,28,20
dev_0177,7,1,5181,173,5354,5004,80,5084,5181,80,5261,93,93,84,123,30,22
dev_0177,8,1,5673,177,5850,5488,85,5573,5673,85,5758,92,92,93,122,30,22
dev_0181,1,1,1318,161,1479,1250,93,1343,1318,93,1411,68,68,0,101,33,25
dev_0181,2,1,1874,131,2005,1717,42,1759,1874,42,1916,89,89,68,121,32,24
dev_0181,3,1,2423,136,2559,2242,44,2286,2423,44,2467,92,92,89,126,34,26
dev_0181,4,1,3227,155,3382,3036,56,3092,3227,56,3283,99,99,92,145,46,38
dev_0181,5,1,4349,178,4527,4162,90,4252,4349,90,4439,88,88,99,132,44,36
dev_0181,6,1,5085,219,5304,4900,122,5022,5085,122,5207,97,97,88,141,44,36
dev_0181,7,1,5628,189,5817,5436,94,5530,5628,94,5722,95,95,97,139,44,36
dev_0178,1,1,2133,154,2287,2046,67,2113,2133,67,2200,87,87,0,108,21,13
dev_0178,2,1,3011,154,3165,2842,72,2914,3011,72,3083,82,82,87,103,21,13
dev_0178,3,1,3554,107,3661,3396,31,3427,3554,31,3585,76,76,82,97,21,13
dev_0178,4,1,4409,94,4503,4270,31,4301,4409,31,4440,63,63,76,84,21,13
dev_0178,5,1,4984,138,5122,4852,69,4921,4984,69,5053,69,69,63,90,21,13
dev_0178,6,1,5397,134,5531,5250,56,5306,5397,56,5453,78,78,69,99,21,13
dev_0178,7,1,5941,134,6075,5774,45,5819,5941,45,5986,89,89,78,124,35,27
dev_0178,8,1,6115,184,6299,5935,93,6028,6115,93,6208,91,91,89,139,48,40
dev_0178,9,1,6663,192,6855,6471,91,6562,6663,91,6754,101,101,91,146,45,37
dev_0186,1,1,1271,167,1438,1187,83,1270,1271,83,1354,84,84,0,110,26,18
dev_0186,2,1,2308,159,2467,2150,85,2235,2308,85,2393,74,74,84,106,32,24
dev_0186,3,1,2889,159,3048,2735,79,2814,2889,79,2968,80,80,74,113,33,25
dev_0186,4,1,3665,185,3850,3470,70,3540,3665,70,3735,115,115,80,144,29,21
dev_0186,5,1,3846,185,4031,3633,87,3720,3846,87,3933,98,98,115,126,28,20
dev_0186,6,1,4996,182,5178,4785,69,4854,4996,69,5065,113,113,98,142,29,21
dev_0176,1,2,3600,323,3923,3347,157,3504,3600,157,3757,166,166,87,110,31,23
dev_0176,2,1,2671,177,2848,2502,87,2589,2671,87,2758,90,90,79,111,21,13
dev_0176,3,1,3126,170,3296,2955,89,3044,3126,89,3215,81,81,90,115,34,26
dev_0176,4,1,3810,172,3982,3640,83,3723,3810,83,3893,89,89,81,123,34,26
dev_0176,5,1,4373,187,4560,4179,82,4261,4373,82,4455,105,105,89,140,35,27
dev_0176,6,1,5052,176,5228,4857,86,4943,5052,86,5138,90,90,105,128,38,30
dev_0176,7,1,5630,194,5824,5444,98,5542,5630,98,5728,96,96,90,134,38,30
dev_0176,8,1,6342,176,6518,6157,87,6244,6342,87,6429,89,89,96,126,37,29
dev_0194,1,1,877,102,979,809,34,843,877,34,911,68,68,0,92,24,16
dev_0194,2,1,1928,108,2036,1791,39,1830,1928,39,1967,69,69,68,98,29,21
dev_0194,3,1,2899,171,3070,2733,74,2807,2899,74,2973,97,97,69,127,30,22
dev_0194,4,1,3577,136,3713,3384,40,3424,3577,40,3617,96,96,97,126,30,22
dev_0194,5,1,4301,166,4467,4114,75,4189,4301,75,4376,91,91,96,121,30,22
dev_0194,6,1,4780,131,4911,4598,40,4638,4780,40,4820,91,91,91,121,30,22
dev_0194,7,1,5265,158,5423,5088,72,5160,5265,72,5337,86,86,91,116,30,22
dev_0187,1,1,1260,145,1405,1156,41,1197,1260,41,1301,104,104,0,135,31,23
dev_0187,2,1,2338,179,2517,2133,78,2211,2338,78,2416,101,101,104,129,28,20
dev_0187,3,1,2765,156,2921,2588,80,2668,2765,80,2845,76,76,101,108,32,24
dev_0187,4,1,3516,169,3685,3360,89,3449,3516,89,3605,80,80,76,120,40,32
dev_0187,5,1,4320,177,4497,4153,90,4243,4320,90,4410,87,87,80,130,43,35
dev_0187,6,1,4922,188,5110,4740,93,4833,4922,93,5015,95,95,87,140,45,37
dev_0187,7,1,5794,189,5983,5601,91,5692,5794,91,5885,98,98,95,142,44,36
dev_0183,1,1,1162,153,1315,1051,42,1093,1162,42,1204,111,111,0,143,32,24
dev_0183,2,1,2264,148,2412,2076,71,2147,2264,71,2335,77,77,111,107,30,22
dev_0183,3,1,2820,171,2991,2665,93,2758,2820,93,2913,78,78,77,119,41,33
dev_0183,4,1,3450,181,3631,3289,98,3387,3450,98,3548,83,83,78,119,36,28
dev_0183,5,1,3979,166,4145,3803,73,3876,3979,73,4052,93,93,83,122,29,21
dev_0183,6,1,4817,188,5005,4609,73,4682,4817,73,4890,115,115,93,147,32,24
dev_0183,7,1,5304,197,5501,5099,107,5206,5304,107,5411,90,90,115,133,43,35
dev_0183,8,1,6022,188,6210,5823,79,5902,6022,79,6101,109,109,90,145,36,28
dev_0184,1,1,1603,122,1725,1521,40,1561,1603,40,1643,82,82,0,112,30,22
dev_0184,2,1,2241,131,2372,2072,44,2116,2241,44,2285,87,87,82,121,34,26
dev_0184,3,1,2711,138,2849,2532,46,2578,2711,46,2757,92,92,87,128,36,28
dev_0184,4,1,3196,156,3352,3034,86,3120,3196,86,3282,70,70,92,108,38,30
dev_0184,5,1,3450,166,3616,3300,86,3386,3450,86,3536,80,80,70,114,34,26
dev_0184,6,1,4479,166,4645,4314,81,4395,4479,81,4560,85,85,80,119,34,26
dev_0184,7,1,4764,125,4889,4593,39,4632,4764,39,4803,86,86,85,115,29,21
dev_0184,8,1,5106,133,5239,4927,40,4967,5106,40,5146,93,93,86,123,30,22
dev_0184,9,1,5901,179,6080,5720,91,5811,5901,91,5992,88,88,93,120,32,24
dev_0192,1,1,1280,125,1405,1206,51,1257,1280,51,1331,74,74,0,115,41,33
dev_0192,2,1,1841,176,2017,1668,77,1745,1841,77,1918,99,99,74,130,31,23
dev_0192,3,1,2216,155,2371,2034,72,2106,2216,72,2288,83,83,99,116,33,25
dev_0192,4,1,2912,132,3044,2741,44,2785,2912,44,2956,88,88,83,122,34,26
dev_0192,5,1,3821,161,3982,3656,84,3740,3821,84,3905,77,77,88,111,34,26
dev_0192,6,1,4467,150,4617,4320,80,4400,4467,80,4547,70,70,77,104,34,26
dev_0192,7,1,5014,167,5181,4852,75,4927,5014,75,5089,92,92,70,120,28,20
dev_0192,8,1,6044,164,6208,5863,75,5938,6044,75,6119,89,89,92,118,29,21
dev_0197,1,1,971,104,1075,901,34,935,971,34,1005,70,70,0,94,24,16
dev_0197,2,1,2079,164,2243,1927,82,2009,2079,82,2161,82,82,70,111,29,21
dev_0197,3,1,3015,178,3193,2843,88,2931,3015,88,3103,90,90,82,120,30,22
dev_0197,4,1,3617,185,3802,3424,82,3506,3617,82,3699,103,103,90,139,36,28
dev_0197,5,1,4585,160,4745,4399,77,4476,4585,77,4662,83,83,103,114,31,23
dev_0193,1,1,1142,101,1243,1079,38,1117,1142,38,1180,63,63,0,91,28,20
dev_0193,2,1,1795,153,1948,1663,84,1747,1795,84,1879,69,69,63,98,29,21
dev_0193,3,1,2806,180,2986,2648,91,2739,2806,91,2897,89,89,69,122,33,25
dev_0193,4,1,3879,153,4032,3713,76,3789,3879,76,3955,77,77,89,109,32,24
dev_0193,5,1,5382,183,5565,5206,84,5290,5382,84,5466,99,99,77,137,38,30
dev_0193,6,1,5982,186,6168,5789,92,5881,5982,92,6074,94,94,99,131,37,29
dev_0193,7,1,6751,177,6928,6564,84,6648,6751,84,6835,93,93,94,124,31,23
dev_0193,8,1,7273,176,7449,7088,84,7172,7273,84,7357,92,92,93,123,31,23
dev_0198,1,1,1273,187,1460,1174,88,1262,1273,88,1361,99,99,0,130,31,23
dev_0198,2,1,2493,190,2683,2284,80,2364,2493,80,2573,110,110,99,137,27,19
dev_0198,3,1,3247,126,3373,3048,37,3085,3247,37,3284,89,89,110,116,27,19
dev_0198,4,1,4184,177,4361,4001,83,4084,4184,83,4267,94,94,89,126,32,24
dev_0198,5,1,4835,162,4997,4657,78,4735,4835,78,4913,84,84,94,119,35,27
dev_0190,1,1,1290,113,1403,1217,40,1257,1290,40,1330,73,73,0,103,30,22
dev_0190,2,1,1917,116,2033,1774,46,1820,1917,46,1963,70,70,73,106,36,28
dev_0190,3,1,2732,170,2902,2579,87,2666,2732,87,2819,83,83,70,120,37,29
dev_0190,4,1,3386,173,3559,3220,90,3310,3386,90,3476,83,83,83,120,37,29
dev_0190,5,1,4336,157,4493,4175,79,4254,4336,79,4415,78,78,83,114,36,28
dev_0190,6,1,5480,176,5656,5321,95,5416,5480,95,5575,81,81,78,118,37,29
dev_0190,7,1,6014,186,6200,5834,87,5921,6014,87,6101,99,99,81,140,41,33
dev_0190,8,1,6685,194,6879,6482,90,6572,6685,90,6775,104,104,99,141,37,29
dev_0190,9,1,7335,184,7519,7129,82,7211,7335,82,7417,102,102,104,136,34,26
dev_0179,1,1,1014,113,1127,937,36,973,1014,36,1050,77,77,0,103,26,17
dev_0179,2,1,1992,176,2168,1829,90,1919,1992,90,2082,86,86,77,119,33,25
dev_0179,3,1,3022,174,3196,2840,78,2918,3022,78,3100,96,96,86,131,35,27
dev_0179,4,1,3831,197,4028,3627,89,3716,3831,89,3920,108,108,96,150,42,34
dev_0179,5,1,4497,190,4687,4288,89,4377,4497,89,4586,101,101,108,141,40,32
dev_0179,6,1,4923,187,5110,4725,90,4815,4923,90,5013,97,97,101,138,41,33
dev_0179,7,1,5602,209,5811,5391,95,5486,5602,95,5697,114,114,97,160,46,38
dev_0179,8,1,6119,210,6329,5881,86,5967,6119,86,6205,124,124,114,165,41,33
dev_0179,9,1,6442,195,6637,6200,77,6277,6442,77,6519,118,118,124,153,35,27
dev_0179,10,1,7104,197,7301,6874,85,6959,7104,85,7189,112,112,118,147,35,27
dev_0196,1,1,1462,148,1610,1391,77,1468,1462,77,1539,71,71,0,95,24,16
dev_0196,2,1,2251,150,2401,2103,73,2176,2251,73,2324,77,77,71,104,27,19
dev_0196,3,1,3160,179,3339,2984,80,3064,3160,80,3240,99,99,77,126,27,19
dev_0196,4,1,3648,201,3849,3442,94,3536,3648,94,3742,107,107,99,136,29,21
dev_0196,5,1,4515,214,4729,4291,97,4388,4515,97,4612,117,117,107,147,30,22
dev_0196,6,1,5312,185,5497,5090,80,5170,5312,80,5392,105,105,117,133,28,20
dev_0196,7,1,6045,184,6229,5853,97,5950,6045,97,6142,87,87,105,122,35,27
dev_0195,1,1,878,119,997,793,34,827,878,34,912,85,85,0,109,24,16
dev_0195,2,2,2937,302,3239,2552,158,2710,2937,158,3095,144,144,241,101,28,20
dev_0195,3,1,2219,150,2369,2077,81,2158,2219,81,2300,69,69,73,96,27,19
dev_0195,4,1,3744,157,3901,3611,93,3704,3744,93,3837,64,64,69,96,32,24
dev_0195,5,1,4888,165,5053,4750,91,4841,4888,91,4979,74,74,64,112,38,30
dev_0195,6,1,5497,157,5654,5359,93,5452,5497,93,5590,64,64,74,103,39,31
dev_0195,7,1,6183,176,6359,6034,91,6125,6183,91,6274,85,85,64,120,35,27
dev_0195,8,1,6626,169,6795,6461,89,6550,6626,89,6715,80,80,85,110,30,22
dev_0195,9,1,7066,175,7241,6897,86,6983,7066,86,7152,89,89,80,122,33,25
dev_0199,1,1,1003,108,1111,930,35,965,1003,35,1038,73,73,0,98,25,17
dev_0199,2,1,1771,171,1942,1596,69,1665,1771,69,1840,102,102,73,133,31,23
dev_0199,3,1,2360,152,2512,2174,68,2242,2360,68,2428,84,84,102,113,29,21
dev_0199,4,1,2754,160,2914,2590,80,2670,2754,80,2834,80,80,84,117,37,29
dev_0199,5,1,3617,189,3806,3425,77,3502,3617,77,3694,112,112,80,146,34,26
dev_0199,6,1,4362,182,4544,4140,72,4212,4362,72,4434,110,110,112,144,34,26
dev_0199,7,1,4994,179,5173,4789,84,4873,4994,84,5078,95,95,110,130,35,27
dev_0199,8,1,5561,166,5727,5381,81,5462,5561,81,5642,85,85,95,119,34,26
dev_0203,1,1,1654,154,1808,1593,93,1686,1654,93,1747,61,61,0,89,28,20
dev_0203,2,1,2413,164,2577,2264,76,2340,2413,76,2489,88,88,61,116,28,20
dev_0203,3,1,3309,184,3493,3121,84,3205,3309,84,3393,100,100,88,135,35,27
dev_0203,4,1,4020,199,4219,3819,98,3917,4020,98,4118,101,101,100,143,42,34
dev_0203,5,1,4869,218,5087,4662,112,4774,4869,112,4981,106,106,101,148,42,34
dev_0203,6,1,5581,192,5773,5372,89,5461,5581,89,5670,103,103,106,145,42,34
dev_0202,1,1,1366,152,1518,1301,87,1388,1366,87,1453,65,65,0,91,26,18
dev_0202,2,1,2792,189,2981,2639,101,2740,2792,101,2893,88,88,65,127,39,31
dev_0202,3,1,3444,178,3622,3281,103,3384,3444,103,3547,75,75,88,107,32,24
dev_0202,4,1,4379,167,4546,4222,85,4307,4379,85,4464,82,82,75,114,32,24
dev_0202,5,1,4794,149,4943,4627,64,4691,4794,64,4858,85,85,82,116,31,23
dev_0202,6,1,5344,132,5476,5170,43,5213,5344,43,5387,89,89,85,122,33,25
dev_0202,7,1,6583,189,6772,6392,87,6479,6583,87,6670,102,102,89,135,33,25
dev_0206,1,1,1362,179,1541,1268,85,1353,1362,85,1447,94,94,0,127,33,25
dev_0206,2,1,2254,168,2422,2073,81,2154,2254,81,2335,87,87,94,123,36,28
dev_0206,3,1,3175,171,3346,2996,79,3075,3175,79,3254,92,92,87,126,34,26
dev_0206,4,1,3901,173,4074,3718,82,3800,3901,82,3983,91,91,92,125,34,26
dev_0206,5,1,5029,177,5206,4844,83,4927,5029,83,5112,94,94,91,128,34,26
dev_0206,6,1,5464,173,5637,5283,86,5369,5464,86,5550,87,87,94,130,43,35
dev_0200,1,1,1219,186,1405,1123,90,1213,1219,90,1309,96,96,0,132,36,28
dev_0200,2,1,1548,136,1684,1373,57,1430,1548,57,1605,79,79,96,126,47,39
dev_0200,3,1,2344,168,2512,2183,86,2269,2344,86,2430,82,82,79,112,30,22
dev_0200,4,1,2815,153,2968,2645,65,2710,2815,65,2880,88,88,82,115,27,19
dev_0200,5,1,3211,150,3361,3043,70,3113,3211,70,3281,80,80,88,110,30,22
dev_0200,6,1,3775,160,3935,3612,77,3689,3775,77,3852,83,83,80,117,34,26
dev_0200,7,1,4727,181,4908,4553,90,4643,4727,90,4817,91,91,83,126,35,27
dev_0200,8,1,5429,174,5603,5247,83,5330,5429,83,5512,91,91,91,123,32,24
dev_0204,1,1,1265,116,1381,1195,46,1241,1265,46,1311,70,70,0,106,36,28
dev_0204,2,1,2129,185,2314,1969,95,2064,2129,95,2224,90,90,70,121,31,23
dev_0204,3,1,2410,137,2547,2223,40,2263,2410,40,2450,97,97,90,127,30,22
dev_0204,4,1,2561,134,2695,2375,45,2420,2561,45,2606,89,89,97,124,35,27
dev_0204,5,1,3737,189,3926,3547,88,3635,3737,88,3825,101,101,89,145,44,36
dev_0204,6,1,4160,170,4330,3970,81,4051,4160,81,4241,89,89,101,125,36,28
dev_0204,7,1,4828,174,5002,4649,84,4733,4828,84,4912,90,90,89,129,39,31
dev_0204,8,1,5525,190,5715,5334,89,5423,5525,89,5614,101,101,90,140,39,31
dev_0205,1,1,1408,109,1517,1343,44,1387,1408,44,1452,65,65,0,99,34,26
dev_0205,2,1,2260,170,2430,2106,81,2187,2260,81,2341,89,89,65,119,30,22
dev_0205,3,1,3088,154,3242,2920,75,2995,3088,75,3163,79,79,89,113,34,26
dev_0205,4,1,3450,119,3569,3292,40,3332,3450,40,3490,79,79,79,109,30,22
dev_0205,5,1,4089,168,4257,3925,83,4008,4089,83,4172,85,85,79,112,27,19
dev_0205,6,1,4989,129,5118,4819,44,4863,4989,44,5033,85,85,85,119,34,26
dev_0205,7,1,5502,119,5621,5342,44,5386,5502,44,5546,75,75,85,109,34,26
dev_0205,8,1,6475,142,6617,6304,46,6350,6475,46,6521,96,96,75,132,36,28
dev_0205,9,1,7773,164,7937,7593,80,7673,7773,80,7853,84,84,96,119,35,27
dev_0205,10,1,8497,160,8657,8332,79,8411,8497,79,8576,81,81,84,116,35,27
dev_0211,1,1,1347,136,1483,1253,42,1295,1347,42,1389,94,94,0,126,32,24
dev_0211,2,1,2098,112,2210,1926,34,1960,2098,34,2132,78,78,94,102,24,16
dev_0211,3,1,3057,161,3218,2896,78,2974,3057,78,3135,83,83,78,115,32,24
dev_0211,4,1,3388,164,3552,3223,82,3305,3388,82,3470,82,82,83,119,37,29
dev_0211,5,1,4343,156,4499,4145,40,4185,4343,40,4383,116,116,82,146,30,22
dev_0211,6,1,5489,178,5667,5277,82,5359,5489,82,5571,96,96,116,131,35,27
dev_0211,7,1,6754,180,6934,6560,82,6642,6754,82,6836,98,98,96,133,35,27
dev_0211,8,1,7631,194,7825,7431,92,7523,7631,92,7723,102,102,98,142,40,32
dev_0213,1,1,1468,192,1660,1374,98,1472,1468,98,1566,94,94,0,135,41,33
dev_0213,2,1,2101,174,2275,1917,84,2001,2101,84,2185,90,90,94,120,30,22
dev_0213,3,1,3054,162,3216,2888,86,2974,3054,86,3140,76,76,90,112,36,28
dev_0213,4,1,3686,161,3847,3532,83,3615,3686,83,3769,78,78,76,114,36,28
dev_0213,5,1,4303,167,4470,4146,88,4234,4303,88,4391,79,79,78,111,32,24
dev_0213,6,1,4802,170,4972,4638,85,4723,4802,85,4887,85,85,79,117,32,24
dev_0213,7,1,5248,180,5428,5078,95,5173,5248,95,5343,85,85,85,129,44,36
dev_0215,1,1,1728,177,1905,1600,49,1649,1728,49,1777,128,128,0,167,39,31
dev_0215,2,1,2764,165,2929,2524,53,2577,2764,53,2817,112,112,128,155,43,35
dev_0215,3,1,3505,217,3722,3266,90,3356,3505,90,3595,127,127,112,176,49,41
dev_0215,4,1,4159,186,4345,3939,93,4032,4159,93,4252,93,93,127,131,38,30
dev_0215,5,1,4337,184,4521,4151,91,4242,4337,91,4428,93,93,93,132,39,31
dev_0215,6,1,4958,190,5148,4757,82,4839,4958,82,5040,108,108,93,148,40,32
dev_0214,1,1,1265,145,1410,1198,78,1276,1265,78,1343,67,67,0,94,27,19
dev_0214,2,1,2116,170,2286,1961,82,2043,2116,82,2198,88,88,67,118,30,22
dev_0214,3,1,2969,184,3153,2792,95,2887,2969,95,3064,89,89,88,121,32,24
dev_0214,4,1,3867,179,4046,3684,85,3769,3867,85,3952,94,94,89,126,32,24
dev_0214,5,1,4485,174,4659,4308,91,4399,4485,91,4576,83,83,94,117,34,26
dev_0214,6,1,5438,159,5597,5279,83,5362,5438,83,5521,76,76,83,107,31,23
dev_0214,7,1,6134,182,6316,5977,101,6078,6134,101,6235,81,81,76,111,30,22
dev_0207,1,1,1428,143,1571,1325,40,1365,1428,40,1468,103,103,0,133,30,22
dev_0207,2,1,2472,193,2665,2273,97,2370,2472,97,2569,96,96,103,123,27,19
dev_0207,3,1,2968,192,3160,2768,88,2856,2968,88,3056,104,104,96,145,41,33
dev_0207,4,1,3833,172,4005,3640,83,3723,3833,83,3916,89,89,104,134,45,37
dev_0207,5,1,4268,230,4498,4043,94,4137,4268,94,4362,136,136,89,170,34,26
dev_0207,6,1,4995,173,5168,4780,94,4874,4995,94,5089,79,79,136,115,36,28
dev_0207,7,1,5730,187,5917,5565,101,5666,5730,101,5831,86,86,79,123,37,29
dev_0207,8,1,6414,201,6615,6232,105,6337,6414,105,6519,96,96,86,133,37,29
dev_0201,1,1,1624,182,1806,1538,96,1634,1624,96,1720,86,86,0,107,21,13
dev_0201,2,1,2228,156,2384,2059,73,2132,2228,73,2301,83,83,86,107,24,16
dev_0201,3,1,3464,183,3647,3283,85,3368,3464,85,3549,98,98,83,135,37,29
dev_0201,4,1,4057,179,4236,3865,85,3950,4057,85,4142,94,94,98,130,36,28
dev_0201,5,1,4326,177,4503,4132,77,4209,4326,77,4403,100,100,94,130,30,22
dev_0201,6,1,4950,157,5107,4759,66,4825,4950,66,5016,91,91,100,122,31,23
dev_0201,7,1,5330,166,5496,5161,88,5249,5330,88,5418,78,78,91,108,30,22
dev_0201,8,1,6165,162,6327,6000,75,6075,6165,75,6240,87,87,78,119,32,24
dev_0201,9,1,7285,204,7489,7082,88,7170,7285,88,7373,116,116,87,156,40,32
dev_0201,10,1,8702,205,8907,8485,104,8589,8702,104,8806,101,101,116,140,39,31
dev_0216,1,1,1503,142,1645,1406,45,1451,1503,45,1548,97,97,0,132,35,27
dev_0216,2,1,1971,201,2172,1767,94,1861,1971,94,2065,107,107,97,139,32,24
dev_0216,3,1,2447,176,2623,2240,76,2316,2447,76,2523,100,100,107,134,34,26
dev_0216,4,1,2907,181,3088,2706,80,2786,2907,80,2987,101,101,100,137,36,28
dev_0216,5,1,3308,196,3504,3105,94,3199,3308,94,3402,102,102,101,139,37,29
dev_0216,6,1,4143,138,4281,3949,46,3995,4143,46,4189,92,92,102,128,36,28
dev_0216,7,1,4784,184,4968,4609,101,4710,4784,101,4885,83,83,92,122,39,31
dev_0212,1,1,1093,122,1215,1009,38,1047,1093,38,1131,84,84,0,112,28,20
dev_0212,2,1,1931,133,2064,1756,42,1798,1931,42,1973,91,91,84,123,32,24
dev_0212,3,1,2572,133,2705,2391,43,2434,2572,43,2615,90,90,91,123,33,25
dev_0212,4,1,2975,167,3142,2788,70,2858,2975,70,3045,97,97,90,124,27,19
dev_0212,5,1,3838,165,4003,3661,85,3746,3838,85,3923,80,80,97,108,28,20
dev_0212,6,1,4300,134,4434,4125,39,4164,4300,39,4339,95,95,80,124,29,21
dev_0212,7,1,4972,169,5141,4790,82,4872,4972,82,5054,87,87,95,116,29,21
dev_0212,8,1,5934,138,6072,5748,39,5787,5934,39,5973,99,99,87,128,29,21
dev_0212,9,1,6244,176,6420,6056,87,6143,6244,87,6331,89,89,99,122,33,25
dev_0212,10,1,7252,146,7398,7068,51,7119,7252,51,7303,95,95,89,136,41,33
dev_0210,1,1,1494,143,1637,1416,65,1481,1494,65,1559,78,78,0,103,25,17
dev_0210,2,1,2490,170,2660,2318,76,2394,2490,76,2566,94,94,78,125,31,23
dev_0210,3,1,2921,184,3105,2725,82,2807,2921,82,3003,102,102,94,136,34,26
dev_0210,4,1,4477,180,4657,4286,91,4377,4477,91,4568,89,89,102,123,34,26
dev_0210,5,1,5030,194,5224,4840,93,4933,5030,93,5123,101,101,89,135,34,26
dev_0210,6,1,5378,191,5569,5182,96,5278,5378,96,5474,95,95,101,129,34,26
dev_0210,7,1,5822,182,6004,5632,87,5719,5822,87,5909,95,95,95,129,34,26
dev_0210,8,1,6759,215,6974,6550,101,6651,6759,101,6860,114,114,95,148,34,26
dev_0210,9,1,7774,181,7955,7563,84,7647,7774,84,7858,97,97,114,134,37,29
dev_0222,1,1,1198,170,1368,1114,86,1200,1198,86,1284,84,84,0,113,29,21
dev_0222,2,1,2056,103,2159,1907,38,1945,2056,38,2094,65,65,84,93,28,20
dev_0222,3,1,3125,162,3287,2980,82,3062,3125,82,3207,80,80,65,110,30,22
dev_0222,4,1,3998,172,4170,3828,82,3910,3998,82,4080,90,90,80,124,34,26
dev_0222,5,1,4285,182,4467,4091,78,4169,4285,78,4363,104,104,90,135,31,23
dev_0224,1,1,1034,105,1139,965,36,1001,1034,36,1070,69,69,0,95,26,18
dev_0224,2,1,2118,161,2279,1973,85,2058,2118,85,2203,76,76,69,107,31,23
dev_0224,3,1,3101,172,3273,2931,78,3009,3101,78,3179,94,94,76,126,32,24
dev_0224,4,1,4207,175,4382,4018,80,4098,4207,80,4287,95,95,94,125,30,22
dev_0224,5,1,5485,218,5703,5269,97,5366,5485,97,5582,121,121,95,162,41,33
dev_0218,1,1,1420,147,1567,1341,68,1409,1420,68,1488,79,79,0,107,28,20
dev_0218,2,1,2359,168,2527,2198,86,2284,2359,86,2445,82,82,79,110,28,20
dev_0218,3,1,3537,186,3723,3362,93,3455,3537,93,3630,93,93,82,129,36,28
dev_0218,4,1,4338,192,4530,4136,83,4219,4338,83,4421,109,109,93,151,42,34
dev_0218,5,1,4872,178,5050,4669,84,4753,4872,84,4956,94,94,109,133,39,31
dev_0218,6,1,6050,179,6229,5867,90,5957,6050,90,6140,89,89,94,127,38,30
dev_0218,7,1,6738,185,6923,6563,99,6662,6738,99,6837,86,86,89,131,45,37
dev_0218,8,1,7355,187,7542,7172,90,7262,7355,90,7445,97,97,86,132,35,27
dev_0228,1,1,746,111,857,671,36,707,746,36,782,75,75,0,101,26,18
dev_0228,2,1,1106,113,1219,963,45,1008,1106,45,1151,68,68,75,103,35,27
dev_0228,3,1,2291,170,2461,2141,88,2229,2291,88,2379,82,82,68,120,38,30
dev_0228,4,1,2912,181,3093,2743,94,2837,2912,94,3006,87,87,82,126,39,31
dev_0228,5,1,3078,167,3245,2907,83,2990,3078,83,3161,84,84,87,124,40,32
dev_0217,1,1,1038,127,1165,950,39,989,1038,39,1077,88,88,0,117,29,21
dev_0217,2,1,1378,193,1571,1196,99,1295,1378,99,1477,94,94,88,123,29,21
dev_0217,3,1,2302,187,2489,2109,88,2197,2302,88,2390,99,99,94,133,34,26
dev_0217,4,1,2816,137,2953,2628,48,2676,2816,48,2864,89,89,99,127,38,30
dev_0217,5,1,3366,172,3538,3184,79,3263,3366,79,3445,93,93,89,131,38,30
dev_0217,6,1,4461,170,4631,4277,79,4356,4461,79,4540,91,91,93,130,39,31
dev_0217,7,1,4758,168,4926,4582,83,4665,4758,83,4841,85,85,91,124,39,31
dev_0217,8,1,5419,196,5615,5233,95,5328,5419,95,5514,101,101,85,151,50,42
dev_0217,9,1,6651,189,6840,6446,85,6531,6651,85,6736,104,104,101,146,42,34
dev_0217,10,1,7284,186,7470,7089,95,7184,7284,95,7379,91,91,104,130,39,31
dev_0220,1,1,1384,147,1531,1281,44,1325,1384,44,1428,103,103,0,137,34,26
dev_0220,2,1,1975,162,2137,1762,52,1814,1975,52,2027,110,110,103,152,42,34
dev_0220,3,1,3017,174,3191,2815,82,2897,3017,82,3099,92,92,110,127,35,27
dev_0220,4,1,3933,182,4115,3741,82,3823,3933,82,4015,100,100,92,134,34,26
dev_0220,5,1,4590,192,4782,4389,91,4480,4590,91,4681,101,101,100,138,37,29
dev_0220,6,1,5257,200,5457,5049,93,5142,5257,93,5350,107,107,101,143,36,28
dev_0220,7,1,5632,204,5836,5420,99,5519,5632,99,5731,105,105,107,153,48,40
dev_0220,8,1,6115,194,6309,5900,84,5984,6115,84,6199,110,110,105,142,32,24
dev_0227,1,1,1337,166,1503,1248,77,1325,1337,77,1414,89,89,0,110,21,13
dev_0227,2,1,1920,177,2097,1753,99,1852,1920,99,2019,78,78,89,102,24,16
dev_0227,3,1,2875,161,3036,2708,72,2780,2875,72,2947,89,89,78,119,30,22
dev_0227,4,1,3655,173,3828,3471,78,3549,3655,78,3733,95,95,89,124,29,21
dev_0227,5,1,4473,177,4650,4280,79,4359,4473,79,4552,98,98,95,131,33,25
dev_0227,6,1,5469,150,5619,5293,72,5365,5469,72,5541,78,78,98,108,30,22
dev_0238,1,1,1028,105,1133,963,40,1003,1028,40,1068,65,65,0,95,30,22
dev_0238,2,1,1694,107,1801,1555,33,1588,1694,33,1727,74,74,65,97,23,15
dev_0238,3,1,2250,113,2363,2096,33,2129,2250,33,2283,80,80,74,103,23,15
dev_0238,4,1,2864,119,2983,2708,43,2751,2864,43,2907,76,76,80,109,33,25
dev_0238,5,1,3560,121,3681,3403,40,3443,3560,40,3600,81,81,76,111,30,22
dev_0238,6,1,4485,126,4611,4318,40,4358,4485,40,4525,86,86,81,116,30,22
dev_0238,7,1,5300,122,5422,5132,40,5172,5300,40,5340,82,82,86,112,30,22
dev_0223,1,1,1244,174,1418,1164,94,1258,1244,94,1338,80,80,0,111,31,23
dev_0223,2,1,1556,131,1687,1393,48,1441,1556,48,1604,83,83,80,121,38,30
dev_0223,3,1,1964,166,2130,1808,93,1901,1964,93,2057,73,73,83,111,38,30
dev_0223,4,1,2654,181,2835,2484,84,2568,2654,84,2738,97,97,73,131,34,26
dev_0223,5,1,3511,172,3683,3320,78,3398,3511,78,3589,94,94,97,126,32,24
dev_0223,6,1,4511,198,4709,4304,85,4389,4511,85,4596,113,113,94,151,38,30
dev_0223,7,1,5080,190,5270,4859,82,4941,5080,82,5162,108,108,113,141,33,25
dev_0223,8,1,5650,191,5841,5425,74,5499,5650,74,5724,117,117,108,153,36,28
dev_0233,1,1,1505,149,1654,1433,77,1510,1505,77,1582,72,72,0,100,28,20
dev_0233,2,1,2216,156,2372,2069,81,2150,2216,81,2297,75,75,72,104,29,21
dev_0233,3,1,3109,146,3255,2950,62,3012,3109,62,3171,84,84,75,109,25,17
dev_0233,4,1,3841,169,4010,3669,81,3750,3841,81,3922,88,88,84,114,26,18
dev_0233,5,1,4568,179,4747,4385,84,4469,4568,84,4652,95,95,88,122,27,19
dev_0233,6,1,5054,153,5207,4874,68,4942,5054,68,5122,85,85,95,114,29,21
dev_0219,1,1,1387,156,1543,1281,50,1331,1387,50,1437,106,106,0,146,40,32
dev_0219,2,1,2548,187,2735,2348,93,2441,2548,93,2641,94,94,106,136,42,34
dev_0219,3,1,3175,191,3366,2986,96,3082,3175,96,3271,95,95,94,139,44,36
dev_0219,4,1,3436,166,3602,3269,94,3363,3436,94,3530,72,72,95,105,33,25
dev_0219,5,1,4900,172,5072,4742,86,4828,4900,86,4986,86,86,72,119,33,25
dev_0219,6,1,5634,174,5808,5455,81,5536,5634,81,5715,93,93,86,131,38,30
dev_0219,7,1,6168,203,6371,5974,102,6076,6168,102,6270,101,101,93,147,46,38
dev_0219,8,1,6892,171,7063,6708,88,6796,6892,88,6980,83,83,101,125,42,34
dev_0219,9,1,7531,196,7727,7349,97,7446,7531,97,7628,99,99,83,138,39,31
dev_0219,10,1,8239,184,8423,8044,88,8132,8239,88,8327,96,96,99,133,37,29
dev_0231,1,1,1373,136,1509,1276,39,1315,1373,39,1412,97,97,0,126,29,21
dev_0231,2,1,2566,184,2750,2368,83,2451,2566,83,2649,101,101,97,136,35,27
dev_0231,3,1,3657,170,3827,3466,80,3546,3657,80,3737,90,90,101,119,29,21
dev_0231,4,1,4219,175,4394,4038,84,4122,4219,84,4303,91,91,90,122,31,23
dev_0231,5,1,4560,174,4734,4388,93,4481,4560,93,4653,81,81,91,116,35,27
dev_0231,6,1,4978,189,5167,4799,91,4890,4978,91,5069,98,98,81,136,38,30
dev_0234,1,1,1370,164,1534,1288,82,1370,1370,82,1452,82,82,0,115,33,25
dev_0234,2,1,2050,137,2187,1878,47,1925,2050,47,2097,90,90,82,127,37,29
dev_0234,3,1,3290,143,3433,3105,48,3153,3290,48,3338,95,95,90,133,38,30
dev_0234,4,1,3985,186,4171,3793,89,3882,3985,89,4074,97,97,95,136,39,31
dev_0234,5,1,4714,142,4856,4524,49,4573,4714,49,4763,93,93,97,132,39,31
dev_0234,6,1,5397,190,5587,5212,98,5310,5397,98,5495,92,92,93,131,39,31
dev_0226,1,1,1138,178,1316,1054,94,1148,1138,94,1232,84,84,0,113,29,21
dev_0226,2,1,1962,194,2156,1776,92,1868,1962,92,2054,102,102,84,137,35,27
dev_0226,3,1,2519,163,2682,2325,71,2396,2519,71,2590,92,92,102,124,32,24
dev_0226,4,1,2875,196,3071,2680,93,2773,2875,93,2968,103,103,92,145,42,34
dev_0226,5,1,3392,178,3570,3195,84,3279,3392,84,3476,94,94,103,133,39,31
dev_0226,6,1,4243,192,4435,4035,78,4113,4243,78,4321,114,114,94,150,36,28
dev_0226,7,1,5063,188,5251,4842,81,4923,5063,81,5144,107,107,114,147,40,32
dev_0226,8,1,5760,167,5927,5566,80,5646,5760,80,5840,87,87,107,113,26,18
dev_0221,1,1,1438,115,1553,1360,37,1397,1438,37,1475,78,78,0,105,27,19
dev_0221,2,1,2447,194,2641,2281,106,2387,2447,106,2553,88,88,78,128,40,32
dev_0221,3,1,3035,183,3218,2858,94,2952,3035,94,3129,89,89,88,127,38,30
dev_0221,4,1,4005,172,4177,3835,91,3926,4005,91,4096,81,81,89,128,47,39
dev_0221,5,1,5238,218,5456,5043,104,5147,5238,104,5342,114,114,81,162,48,40
dev_0221,6,1,5772,178,5950,5566,86,5652,5772,86,5858,92,92,114,134,42,34
dev_0221,7,1,6424,173,6597,6245,86,6331,6424,86,6510,87,87,92,126,39,31
dev_0221,8,1,7587,185,7772,7402,87,7489,7587,87,7674,98,98,87,137,39,31
dev_0221,9,1,8186,170,8356,8012,94,8106,8186,94,8280,76,76,98,115,39,31
dev_0221,10,1,8370,166,8536,8222,94,8316,8370,94,8464,72,72,76,111,39,31
dev_0239,1,1,1102,143,1245,1006,47,1053,1102,47,1149,96,96,0,133,37,29
dev_0239,2,1,1810,161,1971,1604,51,1655,1810,51,1861,110,110,96,151,41,33
dev_0239,3,1,2858,174,3032,2654,80,2734,2858,80,2938,94,94,110,127,33,25
dev_0239,4,1,3405,204,3609,3200,93,3293,3405,93,3498,111,111,94,156,45,37
dev_0239,5,1,4080,184,4264,3867,82,3949,4080,82,4162,102,102,111,144,42,34
dev_0239,6,1,5003,202,5205,4801,102,4903,5003,102,5105,100,100,102,151,51,43
dev_0239,7,1,5694,171,5865,5484,61,5545,5694,61,5755,110,110,100,161,51,43
dev_0230,1,1,1300,135,1435,1207,42,1249,1300,42,1342,93,93,0,125,32,24
dev_0230,2,1,1984,157,2141,1817,83,1900,1984,83,2067,74,74,93,107,33,25
dev_0230,3,1,2457,152,2609,2277,46,2323,2457,46,2503,106,106,74,142,36,28
dev_0230,4,1,2737,179,2916,2533,81,2614,2737,81,2818,98,98,106,135,37,29
dev_0230,5,1,3316,194,3510,3123,99,3222,3316,99,3415,95,95,98,133,38,30
dev_0230,6,1,4040,162,4202,3872,89,3961,4040,89,4129,73,73,95,111,38,30
dev_0230,7,1,4878,175,5053,4715,85,4800,4878,85,4963,90,90,73,121,31,23
dev_0230,8,1,5833,191,6024,5639,87,5726,5833,87,5920,104,104,90,138,34,26
dev_0230,9,1,6820,197,7017,6606,87,6693,6820,87,6907,110,110,104,150,40,32
dev_0230,10,1,7563,195,7758,7353,95,7448,7563,95,7658,100,100,110,145,45,37
dev_0243,1,2,2264,264,2528,2051,122,2173,2264,122,2386,142,142,71,96,25,17
dev_0243,2,1,1782,174,1956,1623,86,1709,1782,86,1868,88,88,71,120,32,24
dev_0243,3,1,2662,189,2851,2473,88,2561,2662,88,2750,101,101,88,136,35,27
dev_0243,4,1,3617,192,3809,3414,90,3504,3617,90,3707,102,102,101,139,37,29
dev_0243,5,1,4492,197,4689,4287,94,4381,4492,94,4586,103,103,102,141,38,30
dev_0243,6,1,4966,171,5137,4767,75,4842,4966,75,5041,96,96,103,123,27,19
dev_0243,7,1,5679,183,5862,5479,79,5558,5679,79,5758,104,104,96,132,28,20
dev_0236,1,1,1106,137,1243,1013,44,1057,1106,44,1150,93,93,0,127,34,26
dev_0236,2,3,5322,534,5856,4611,274,4885,5322,274,5596,260,260,451,109,21,13
dev_0236,3,1,2662,171,2833,2487,84,2571,2662,84,2746,87,87,88,119,32,24
dev_0236,4,1,3382,165,3547,3213,83,3296,3382,83,3465,82,82,87,121,39,31
dev_0236,5,1,4143,172,4315,3976,87,4063,4143,87,4230,85,85,82,124,39,31
dev_0236,6,1,4875,172,5047,4706,88,4794,4875,88,4963,84,84,85,123,39,31
dev_0236,7,1,5239,167,5406,5077,89,5166,5239,89,5328,78,78,84,110,32,24
dev_0236,8,1,5888,177,6065,5733,100,5833,5888,100,5988,77,77,78,114,37,29
dev_0240,1,1,1460,137,1597,1360,37,1397,1460,37,1497,100,100,0,127,27,19
dev_0240,2,1,2038,175,2213,1842,79,1921,2038,79,2117,96,96,100,127,31,23
dev_0240,3,1,3323,186,3509,3145,104,3249,3323,104,3427,82,82,96,120,38,30
dev_0240,4,1,4283,186,4469,4107,92,4199,4283,92,4375,94,94,82,133,39,31
dev_0240,5,1,4515,186,4701,4323,88,4411,4515,88,4603,98,98,94,138,40,32
dev_0240,6,1,5069,204,5273,4849,82,4931,5069,82,5151,122,122,98,157,35,27
dev_0240,7,1,5677,174,5851,5427,46,5473,5677,46,5723,128,128,122,164,36,28
dev_0240,8,1,6744,194,6938,6510,88,6598,6744,88,6832,106,106,128,140,34,26
dev_0240,9,1,7491,192,7683,7286,93,7379,7491,93,7584,99,99,106,139,40,32
dev_0241,1,1,787,102,889,717,32,749,787,32,819,70,70,0,92,22,14
dev_0241,2,1,2212,140,2352,2046,44,2090,2212,44,2256,96,96,70,130,34,26
dev_0241,3,1,2652,144,2796,2458,46,2504,2652,46,2698,98,98,96,134,36,28
dev_0241,4,1,3360,154,3514,3152,44,3196,3360,44,3404,110,110,98,144,34,26
dev_0241,5,1,3668,181,3849,3471,94,3565,3668,94,3762,87,87,110,120,33,25
dev_0241,6,1,4427,133,4560,4253,46,4299,4427,46,4473,87,87,87,123,36,28
dev_0241,7,1,4579,166,4745,4405,79,4484,4579,79,4658,87,87,87,120,33,25
dev_0241,8,1,5418,190,5608,5238,97,5335,5418,97,5515,93,93,87,132,39,31
dev_0241,9,1,6120,184,6304,5925,82,6007,6120,82,6202,102,102,93,138,36,28
dev_0241,10,1,7529,189,7718,7324,86,7410,7529,86,7615,103,103,102,139,36,28
dev_0255,1,1,1570,200,1770,1469,99,1568,1570,99,1669,101,101,0,143,42,34
dev_0255,2,1,2408,213,2621,2207,113,2320,2408,113,2521,100,100,101,139,39,31
dev_0255,3,1,2750,185,2935,2556,91,2647,2750,91,2841,94,94,100,133,39,31
dev_0255,4,1,3138,193,3331,2944,93,3037,3138,93,3231,100,100,94,139,39,31
dev_0255,5,1,3437,185,3622,3238,86,3324,3437,86,3523,99,99,100,136,37,29
dev_0247,1,1,936,105,1041,868,37,905,936,37,973,68,68,0,95,27,19
dev_0247,2,1,1621,124,1745,1471,42,1513,1621,42,1663,82,82,68,114,32,24
dev_0247,3,1,2083,113,2196,1928,40,1968,2083,40,2123,73,73,82,103,30,22
dev_0247,4,1,2778,175,2953,2631,101,2732,2778,101,2879,74,74,73,105,31,23
dev_0247,5,1,3322,145,3467,3158,55,3213,3322,55,3377,90,90,74,135,45,37
dev_0247,6,1,3620,177,3797,3445,92,3537,3620,92,3712,85,85,90,125,40,32
dev_0247,7,1,4200,148,4348,4043,76,4119,4200,76,4276,72,72,85,109,37,29
dev_0247,8,1,4591,166,4757,4428,75,4503,4591,75,4666,91,91,72,130,39,31
dev_0247,9,1,5268,132,5400,5094,49,5143,5268,49,5317,83,83,91,122,39,31
dev_0242,1,1,813,114,927,737,38,775,813,38,851,76,76,0,104,28,20
dev_0242,2,1,2472,172,2644,2304,80,2384,2472,80,2552,92,92,76,122,30,22
dev_0242,3,1,3055,165,3220,2849,51,2900,3055,51,3106,114,114,92,155,41,33
dev_0242,4,1,3984,182,4166,3772,84,3856,3984,84,4068,98,98,114,135,37,29
dev_0242,5,1,4558,211,4769,4331,82,4413,4558,82,4640,129,129,98,165,36,28
dev_0242,6,1,5079,167,5246,4867,84,4951,5079,84,5163,83,83,129,120,37,29
dev_0242,7,1,5721,200,5921,5523,85,5608,5721,85,5806,115,115,83,151,36,28
dev_0242,8,1,6308,203,6511,6073,83,6156,6308,83,6391,120,120,115,155,35,27
dev_0242,9,1,6821,194,7015,6589,82,6671,6821,82,6903,112,112,120,144,32,24
dev_0242,10,1,7427,174,7601,7220,79,7299,7427,79,7506,95,95,112,125,30,22
dev_0251,1,1,1016,147,1163,913,44,957,1016,44,1060,103,103,0,137,34,26
dev_0251,2,1,1773,171,1944,1585,86,1671,1773,86,1859,85,85,103,114,29,21
dev_0251,3,1,2508,167,2675,2334,78,2412,2508,78,2586,89,89,85,120,31,23
dev_0251,4,1,3290,183,3473,3091,73,3164,3290,73,3363,110,110,89,142,32,24
dev_0251,5,1,3853,167,4020,3658,82,3740,3853,82,3935,85,85,110,117,32,24
dev_0251,6,1,4529,167,4696,4360,83,4443,4529,83,4612,84,84,85,116,32,24
dev_0251,7,1,5654,195,5849,5448,73,5521,5654,73,5727,122,122,84,158,36,28
dev_0261,1,1,1163,100,1263,1098,35,1133,1163,35,1198,65,65,0,90,25,17
dev_0261,2,1,1739,133,1872,1586,45,1631,1739,45,1784,88,88,65,123,35,27
dev_0261,3,1,2473,126,2599,2309,50,2359,2473,50,2523,76,76,88,116,40,32
dev_0261,4,1,3176,164,3340,3025,89,3114,3176,89,3265,75,75,76,110,35,27
dev_0261,5,1,3660,160,3820,3498,73,3571,3660,73,3733,87,87,75,116,29,21
dev_0261,6,1,3965,180,4145,3784,86,3870,3965,86,4051,94,94,87,127,33,25
dev_0244,1,1,1341,158,1499,1226,43,1269,1341,43,1384,115,115,0,148,33,25
dev_0244,2,1,1976,180,2156,1767,86,1853,1976,86,2062,94,94,115,130,36,28
dev_0244,3,1,3145,137,3282,2959,45,3004,3145,45,3190,92,92,94,127,35,27
dev_0244,4,1,4093,142,4235,3914,55,3969,4093,55,4148,87,87,92,132,45,37
dev_0244,5,1,5534,157,5691,5371,81,5452,5534,81,5615,76,76,87,110,34,26
dev_0244,6,1,6097,188,6285,5927,94,6021,6097,94,6191,94,94,76,133,39,31
dev_0244,7,1,6350,207,6557,6145,96,6241,6350,96,6446,111,111,94,151,40,32
dev_0244,8,1,6841,179,7020,6636,85,6721,6841,85,6926,94,94,111,132,38,30
dev_0244,9,1,7150,203,7353,6960,107,7067,7150,107,7257,96,96,94,144,48,40
dev_0244,10,1,7938,182,8120,7754,94,7848,7938,94,8032,88,88,96,124,36,28
dev_0249,1,1,1957,152,2109,1876,71,1947,1957,71,2028,81,81,0,104,23,15
dev_0249,2,1,2741,140,2881,2596,76,2672,2741,76,2817,64,64,81,101,37,29
dev_0249,3,1,3123,146,3269,2969,56,3025,3123,56,3179,90,90,64,136,46,38
dev_0249,4,1,3780,148,3928,3601,59,3660,3780,59,3839,89,89,90,138,49,41
dev_0249,5,1,4758,182,4940,4550,63,4613,4758,63,4821,119,119,89,172,53,45
dev_0249,6,1,5277,139,5416,5077,58,5135,5277,58,5335,81,81,119,129,48,40
dev_0249,7,1,6050,186,6236,5875,92,5967,6050,92,6142,94,94,81,143,49,41
dev_0249,8,1,6723,179,6902,6537,87,6624,6723,87,6810,92,92,94,142,50,42
dev_0249,9,1,7414,205,7619,7218,101,7319,7414,101,7515,104,104,92,154,50,42
dev_0250,1,1,1594,109,1703,1519,34,1553,1594,34,1628,75,75,0,99,24,16
dev_0250,2,1,3053,169,3222,2887,78,2965,3053,78,3131,91,91,75,124,33,25
dev_0250,3,1,3831,142,3973,3667,69,3736,3831,69,3900,73,73,91,103,30,22
dev_0250,4,1,4248,177,4425,4090,92,4182,4248,92,4340,85,85,73,117,32,24
dev_0250,5,1,4930,160,5090,4770,85,4855,4930,85,5015,75,75,85,105,30,22
dev_0250,6,1,5591,184,5775,5416,84,5500,5591,84,5675,100,100,75,136,36,28
dev_0250,7,1,6314,170,6484,6131,87,6218,6314,87,6401,83,83,100,118,35,27
dev_0250,8,1,6526,185,6711,6340,82,6422,6526,82,6608,103,103,83,140,37,29
dev_0250,9,1,6895,193,7088,6696,97,6793,6895,97,6992,96,96,103,149,53,44
dev_0262,1,1,1116,111,1227,1042,37,1079,1116,37,1153,74,74,0,101,27,19
dev_0262,2,1,1411,104,1515,1272,39,1311,1411,39,1450,65,65,74,94,29,21
dev_0262,3,1,2171,121,2292,2029,44,2073,2171,44,2215,77,77,65,111,34,26
dev_0262,4,1,2598,141,2739,2425,45,2470,2598,45,2643,96,96,77,131,35,27
dev_0262,5,1,3704,151,3855,3526,69,3595,3704,69,3773,82,82,96,117,35,27
dev_0262,6,1,4256,133,4389,4085,44,4129,4256,44,4300,89,89,82,123,34,26
dev_0262,7,1,4769,153,4922,4616,89,4705,4769,89,4858,64,64,89,98,34,26
dev_0246,1,1,1806,188,1994,1714,96,1810,1806,96,1902,92,92,0,121,29,21
dev_0246,2,1,2579,172,2751,2392,77,2469,2579,77,2656,95,95,92,130,35,27
dev_0246,3,1,3357,164,3521,3178,80,3258,3357,80,3437,84,84,95,119,35,27
dev_0246,4,1,3858,183,4041,3683,92,3775,3858,92,3950,91,91,84,127,36,28
dev_0246,5,1,4675,173,4848,4491,80,4571,4675,80,4755,93,93,91,124,31,23
dev_0246,6,1,5526,187,5713,5326,80,5406,5526,80,5606,107,107,93,146,39,31
dev_0246,7,1,6881,190,7071,6678,94,6772,6881,94,6975,96,96,107,135,39,31
dev_0246,8,1,8273,193,8466,8084,100,8184,8273,100,8373,93,93,96,132,39,31
dev_0246,9,1,8784,178,8962,8594,81,8675,8784,81,8865,97,97,93,134,37,29
dev_0254,1,1,1266,187,1453,1163,84,1247,1266,84,1350,103,103,0,125,22,14
dev_0254,2,1,2603,215,2818,2385,100,2485,2603,100,2703,115,115,103,156,41,33
dev_0254,3,1,3421,183,3604,3218,95,3313,3421,95,3516,88,88,115,125,37,29
dev_0254,4,1,4071,200,4271,3867,84,3951,4071,84,4155,116,116,88,148,32,24
dev_0254,5,1,4419,198,4617,4189,84,4273,4419,84,4503,114,114,116,145,31,23
dev_0254,6,1,5121,184,5305,4911,88,4999,5121,88,5209,96,96,114,136,40,32
dev_0254,7,1,5584,198,5782,5382,92,5474,5584,92,5676,106,106,96,146,40,32
dev_0260,1,1,1271,154,1425,1205,88,1293,1271,88,1359,66,66,0,100,34,26
dev_0260,2,1,1650,112,1762,1513,41,1554,1650,41,1691,71,71,66,102,31,23
dev_0260,3,1,2397,153,2550,2223,50,2273,2397,50,2447,103,103,71,143,40,32
dev_0260,4,1,3672,186,3858,3469,86,3555,3672,86,3758,100,100,103,133,33,25
dev_0260,5,1,5005,172,5177,4812,79,4891,5005,79,5084,93,93,100,122,29,21
dev_0260,6,1,5850,172,6022,5669,84,5753,5850,84,5934,88,88,93,128,40,32
dev_0260,7,1,6510,174,6684,6335,87,6422,6510,87,6597,87,87,88,118,31,23
dev_0260,8,1,7326,185,7511,7148,94,7242,7326,94,7420,91,91,87,130,39,31
dev_0258,1,1,1453,118,1571,1380,45,1425,1453,45,1498,73,73,0,108,35,27
dev_0258,2,1,2242,153,2395,2103,87,2190,2242,87,2329,66,66,73,94,28,20
dev_0258,3,1,3104,144,3248,2974,80,3054,3104,80,3184,64,64,66,96,32,24
dev_0258,4,1,3996,146,4142,3869,83,3952,3996,83,4079,63,63,64,94,31,23
dev_0258,5,1,4663,161,4824,4516,77,4593,4663,77,4740,84,84,63,119,35,27
dev_0258,6,1,5104,158,5262,4955,93,5048,5104,93,5197,65,65,84,101,36,28
dev_0258,7,1,5782,159,5941,5643,85,5728,5782,85,5867,74,74,65,107,33,25
dev_0258,8,1,6944,153,7097,6799,82,6881,6944,82,7026,71,71,74,105,34,26
dev_0258,9,1,7819,171,7990,7656,79,7735,7819,79,7898,92,92,71,130,38,30
dev_0252,1,1,962,127,1089,868,33,901,962,33,995,94,94,0,117,23,15
dev_0252,2,1,1563,181,1744,1371,83,1454,1563,83,1646,98,98,94,128,30,22
dev_0252,3,1,2276,179,2455,2080,81,2161,2276,81,2357,98,98,98,134,36,28
dev_0252,4,1,2635,161,2796,2454,78,2532,2635,78,2713,83,83,98,121,38,30
dev_0252,5,1,3199,170,3369,3021,75,3096,3199,75,3274,95,95,83,130,35,27
dev_0252,6,1,3940,196,4136,3752,103,3855,3940,103,4043,93,93,95,132,39,31
dev_0252,7,1,4349,215,4564,4149,108,4257,4349,108,4457,107,107,93,145,38,30
dev_0252,8,1,5358,210,5568,5147,106,5253,5358,106,5464,104,104,107,147,43,35
dev_0252,9,1,6379,187,6566,6170,82,6252,6379,82,6461,105,105,104,142,37,29
dev_0256,1,1,1421,128,1549,1333,40,1373,1421,40,1461,88,88,0,118,30,22
dev_0256,2,1,2154,181,2335,1962,77,2039,2154,77,2231,104,104,88,138,34,26
dev_0256,3,1,2897,190,3087,2685,82,2767,2897,82,2979,108,108,104,145,37,29
dev_0256,4,1,3696,176,3872,3495,83,3578,3696,83,3779,93,93,108,129,36,28
dev_0256,5,1,4562,189,4751,4368,88,4456,4562,88,4650,101,101,93,135,34,26
dev_0256,6,1,5412,198,5610,5210,97,5307,5412,97,5509,101,101,101,145,44,36
dev_0256,7,1,6081,184,6265,5880,84,5964,6081,84,6165,100,100,101,134,34,26
dev_0256,8,1,7104,175,7279,6910,81,6991,7104,81,7185,94,94,100,126,32,24
dev_0256,9,1,7464,198,7662,7279,107,7386,7464,107,7571,91,91,94,130,39,31
dev_0273,1,1,1353,158,1511,1237,42,1279,1353,42,1395,116,116,0,148,32,24
dev_0273,2,1,1934,150,2084,1713,45,1758,1934,45,1979,105,105,116,140,35,27
dev_0273,3,1,2641,180,2821,2431,75,2506,2641,75,2716,105,105,105,139,34,26
dev_0273,4,1,3333,176,3509,3151,99,3250,3333,99,3432,77,77,105,118,41,33
dev_0273,5,1,4130,177,4307,3962,86,4048,4130,86,4216,91,91,77,124,33,25
dev_0270,1,1,1428,182,1610,1329,83,1412,1428,83,1511,99,99,0,123,24,16
dev_0270,2,1,2004,152,2156,1828,75,1903,2004,75,2079,77,77,99,103,26,18
dev_0270,3,1,3460,200,3660,3276,93,3369,3460,93,3553,107,107,77,151,44,36
dev_0270,4,1,4583,191,4774,4382,97,4479,4583,97,4680,94,94,107,138,44,36
dev_0270,5,1,4714,179,4893,4528,87,4615,4714,87,4801,92,92,94,124,32,24
dev_0270,6,1,5456,176,5632,5279,91,5370,5456,91,5547,85,85,92,122,37,29
dev_0272,1,1,985,124,1109,908,47,955,985,47,1032,77,77,0,114,37,29
dev_0272,2,1,1992,144,2136,1819,48,1867,1992,48,2040,96,96,77,134,38,30
dev_0272,3,1,2680,154,2834,2486,56,2542,2680,56,2736,98,98,96,144,46,38
dev_0272,4,1,3303,167,3470,3101,63,3164,3303,63,3366,104,104,98,157,53,45
dev_0272,5,1,4344,215,4559,4125,100,4225,4344,100,4444,115,115,104,159,44,36
dev_0272,6,1,4784,199,4983,4565,95,4660,4784,95,4879,104,104,115,145,41,33
dev_0284,1,1,920,111,1031,855,46,901,920,46,966,65,65,0,101,36,28
dev_0284,2,1,1542,115,1657,1400,38,1438,1542,38,1580,77,77,65,105,28,20
dev_0284,3,1,2084,135,2219,1922,50,1972,2084,50,2134,85,85,77,125,40,32
dev_0284,4,1,3190,154,3344,3030,79,3109,3190,79,3269,75,75,85,107,32,24
dev_0284,5,1,4104,163,4267,3945,79,4024,4104,79,4183,84,84,75,115,31,23
dev_0268,1,1,1083,128,1211,1000,45,1045,1083,45,1128,83,83,0,118,35,27
dev_0268,2,1,1716,213,1929,1544,124,1668,1716,124,1840,89,89,83,134,45,37
dev_0268,3,1,2305,218,2523,2097,99,2196,2305,99,2404,119,119,89,159,40,32
dev_0268,4,1,3106,191,3297,2884,88,2972,3106,88,3194,103,103,119,147,44,36
dev_0268,5,1,3990,204,4194,3787,104,3891,3990,104,4094,100,100,103,143,43,35
dev_0268,6,1,4305,189,4494,4108,92,4200,4305,92,4397,97,97,100,138,41,33
dev_0268,7,1,4714,174,4888,4540,97,4637,4714,97,4811,77,77,97,118,41,33
dev_0283,1,1,1573,154,1727,1500,81,1581,1573,81,1654,73,73,0,98,25,17
dev_0283,2,1,2009,155,2164,1864,83,1947,2009,83,2092,72,72,73,105,33,25
dev_0283,3,1,2546,183,2729,2374,83,2457,2546,83,2629,100,100,72,135,35,27
dev_0283,4,1,3482,180,3662,3291,89,3380,3482,89,3571,91,91,100,133,42,34
dev_0283,5,1,4323,168,4491,4143,79,4222,4323,79,4402,89,89,91,130,41,33
dev_0282,1,1,1410,181,1591,1313,84,1397,1410,84,1494,97,97,0,121,24,16
dev_0282,2,1,2244,157,2401,2060,70,2130,2244,70,2314,87,87,97,113,26,18
dev_0282,3,1,3049,161,3210,2869,68,2937,3049,68,3117,93,93,87,118,25,17
dev_0282,4,1,3518,192,3710,3315,82,3397,3518,82,3600,110,110,93,142,32,24
dev_0282,5,1,4236,194,4430,4001,69,4070,4236,69,4305,125,125,110,148,23,15
dev_0274,1,1,1000,101,1101,932,33,965,1000,33,1033,68,68,0,91,23,15
dev_0274,2,1,2012,183,2195,1853,92,1945,2012,92,2104,91,91,68,123,32,24
dev_0274,3,1,2832,185,3017,2640,84,2724,2832,84,2916,101,101,91,139,38,30
dev_0274,4,1,3239,185,3424,3040,87,3127,3239,87,3326,98,98,101,140,42,34
dev_0274,5,1,3859,141,4000,3665,45,3710,3859,45,3904,96,96,98,131,35,27
dev_0274,6,1,4198,180,4378,4022,100,4122,4198,100,4298,80,80,96,119,39,31
dev_0274,7,1,4935,177,5112,4774,96,4870,4935,96,5031,81,81,80,124,43,35
dev_0267,1,1,1109,195,1304,1004,90,1094,1109,90,1199,105,105,0,134,29,21
dev_0267,2,1,2267,201,2468,2061,100,2161,2267,100,2367,101,101,105,135,34,26
dev_0267,3,1,3290,186,3476,3080,77,3157,3290,77,3367,109,109,101,139,30,22
dev_0267,4,1,4196,195,4391,3968,76,4044,4196,76,4272,119,119,109,149,30,22
dev_0267,5,1,4771,184,4955,4551,83,4634,4771,83,4854,101,101,119,134,33,25
dev_0267,6,1,5294,173,5467,5098,78,5176,5294,78,5372,95,95,101,126,31,23
dev_0267,7,1,5833,172,6005,5656,90,5746,5833,90,5923,82,82,95,119,37,29
dev_0267,8,1,6533,175,6708,6360,84,6444,6533,84,6617,91,91,82,128,37,29
dev_0266,1,1,1052,103,1155,995,46,1041,1052,46,1098,57,57,0,93,36,28
dev_0266,2,1,1641,157,1798,1503,76,1579,1641,76,1717,81,81,57,112,31,23
dev_0266,3,1,3040,200,3240,2858,99,2957,3040,99,3139,101,101,81,134,33,25
dev_0266,4,1,3986,184,4170,3794,93,3887,3986,93,4079,91,91,101,128,37,29
dev_0266,5,1,4828,177,5005,4637,77,4714,4828,77,4905,100,100,91,128,28,20
dev_0266,6,1,5585,209,5794,5377,101,5478,5585,101,5686,108,108,100,149,41,33
dev_0266,7,1,6744,185,6929,6535,84,6619,6744,84,6828,101,101,108,135,34,26
dev_0266,8,1,8366,178,8544,8168,81,8249,8366,81,8447,97,97,101,135,38,30
dev_0266,9,1,9035,195,9230,8838,95,8933,9035,95,9130,100,100,97,138,38,30
dev_0290,1,1,1388,169,1557,1273,54,1327,1388,54,1442,115,115,0,159,44,36
dev_0290,2,1,2475,200,2675,2253,93,2346,2475,93,2568,107,107,115,144,37,29
dev_0290,3,1,3831,144,3975,3654,74,3728,3831,74,3905,70,70,107,101,31,23
dev_0290,4,1,4426,166,4592,4273,83,4356,4426,83,4509,83,83,70,117,34,26
dev_0290,5,1,4820,186,5006,4637,86,4723,4820,86,4906,100,100,83,137,37,29
dev_0278,1,1,947,96,1043,886,35,921,947,35,982,61,61,0,86,25,17
dev_0278,2,1,1372,163,1535,1233,85,1318,1372,85,1457,78,78,61,104,26,18
dev_0278,3,1,1912,195,2107,1730,91,1821,1912,91,2003,104,104,78,138,34,26
dev_0278,4,1,3279,174,3453,3074,73,3147,3279,73,3352,101,101,104,133,32,24
dev_0278,5,1,4018,173,4191,3824,80,3904,4018,80,4098,93,93,101,123,30,22
dev_0278,6,1,4448,165,4613,4263,73,4336,4448,73,4521,92,92,93,131,39,31
dev_0278,7,1,5505,186,5691,5310,83,5393,5505,83,5588,103,103,92,136,33,25
dev_0278,8,1,5985,177,6162,5796,91,5887,5985,91,6076,86,86,103,125,39,31
dev_0271,1,1,1165,161,1326,1087,83,1170,1165,83,1248,78,78,0,112,34,26
dev_0271,2,1,1668,132,1800,1502,44,1546,1668,44,1712,88,88,78,122,34,26
dev_0271,3,1,2589,175,2764,2399,73,2472,2589,73,2662,102,102,88,131,29,21
dev_0271,4,1,3417,157,3574,3249,91,3340,3417,91,3508,66,66,102,102,36,28
dev_0271,5,1,3742,161,3903,3596,81,3677,3742,81,3823,80,80,66,118,38,30
dev_0271,6,1,4058,184,4242,3904,110,4014,4058,110,4168,74,74,80,110,36,28
dev_0271,7,1,4339,147,4486,4164,46,4210,4339,46,4385,101,101,74,137,36,28
dev_0271,8,1,4644,174,4818,4459,90,4549,4644,90,4734,84,84,101,117,33,25
dev_0271,9,1,4877,136,5013,4699,42,4741,4877,42,4919,94,94,84,126,32,24
dev_0271,10,1,5338,166,5504,5159,81,5240,5338,81,5419,85,85,94,122,37,29
dev_0276,1,1,1362,150,1512,1288,76,1364,1362,76,1438,74,74,0,105,31,23
dev_0276,2,1,3185,162,3347,3031,82,3113,3185,82,3267,80,80,74,118,38,30
dev_0276,3,1,3836,182,4018,3662,88,3750,3836,88,3924,94,94,80,136,42,34
dev_0276,4,1,4378,203,4581,4184,103,4287,4378,103,4481,100,100,94,142,42,34
dev_0276,5,1,4935,178,5113,4749,92,4841,4935,92,5027,86,86,100,133,47,39
dev_0276,6,1,5998,184,6182,5825,97,5922,5998,97,6095,87,87,86,135,48,40
dev_0276,7,1,6869,185,7054,6698,101,6799,6869,101,6970,84,84,87,126,42,34
dev_0276,8,1,7875,184,8059,7694,87,7781,7875,87,7962,97,97,84,133,36,28
dev_0279,1,2,2600,330,2930,2365,177,2542,2600,177,2777,153,153,82,97,26,18
dev_0279,2,1,1550,149,1699,1412,82,1494,1550,82,1632,67,67,71,97,30,22
dev_0279,3,1,2294,121,2415,2142,36,2178,2294,36,2330,85,85,67,111,26,18
dev_0279,4,1,2939,179,3118,2760,85,2845,2939,85,3024,94,94,85,128,34,26
dev_0279,5,1,3807,182,3989,3625,94,3719,3807,94,3901,88,88,94,121,33,25
dev_0279,6,1,5258,163,5421,5092,85,5177,5258,85,5343,78,78,88,117,39,31
dev_0279,7,1,6257,171,6428,6094,86,6180,6257,86,6343,85,85,78,120,35,27
dev_0280,1,1,916,133,1049,825,42,867,916,42,958,91,91,0,123,32,24
dev_0280,2,1,1914,179,2093,1732,88,1820,1914,88,2002,91,91,91,125,34,26
dev_0280,3,1,2415,138,2553,2231,45,2276,2415,45,2460,93,93,91,128,35,27
dev_0280,4,1,2872,162,3034,2701,84,2785,2872,84,2956,78,78,93,116,38,30
dev_0280,5,1,3753,161,3914,3597,83,3680,3753,83,3836,78,78,78,117,39,31
dev_0280,6,1,5133,169,5302,4968,82,5050,5133,82,5215,87,87,78,124,37,29
dev_0280,7,1,5888,192,6080,5693,84,5777,5888,84,5972,108,108,87,152,44,36
dev_0280,8,1,6471,191,6662,6258,86,6344,6471,86,6557,105,105,108,149,44,36
dev_0291,1,1,977,132,1109,887,42,929,977,42,1019,90,90,0,122,32,24
dev_0291,2,1,1668,156,1824,1468,46,1514,1668,46,1714,110,110,90,146,36,28
dev_0291,3,1,2288,138,2426,2094,54,2148,2288,54,2342,84,84,110,128,44,36
dev_0291,4,1,3397,166,3563,3220,73,3293,3397,73,3470,93,93,84,127,34,26
dev_0291,5,1,3940,169,4109,3754,76,3830,3940,76,4016,93,93,93,129,36,28
dev_0277,1,1,1512,200,1712,1404,92,1496,1512,92,1604,108,108,0,141,33,25
dev_0277,2,1,2035,161,2196,1838,72,1910,2035,72,2107,89,89,108,112,23,15
dev_0277,3,1,2696,141,2837,2532,66,2598,2696,66,2762,75,75,89,98,23,15
dev_0277,4,1,4475,171,4646,4304,75,4379,4475,75,4550,96,96,75,127,31,23
dev_0277,5,1,5109,202,5311,4914,103,5017,5109,103,5212,99,99,96,130,31,23
dev_0277,6,1,5908,203,6111,5702,96,5798,5908,96,6004,107,107,99,138,31,23
dev_0277,7,1,7135,207,7342,6929,108,7037,7135,108,7243,99,99,107,137,38,30
dev_0277,8,1,7428,202,7630,7235,108,7343,7428,108,7536,94,94,99,129,35,27
dev_0277,9,1,8169,184,8353,7989,98,8087,8169,98,8267,86,86,94,122,36,28
dev_0298,1,1,1204,149,1353,1120,65,1185,1204,65,1269,84,84,0,113,29,21
dev_0298,2,1,1878,129,2007,1706,41,1747,1878,41,1919,88,88,84,119,31,23
dev_0298,3,1,2303,148,2451,2111,44,2155,2303,44,2347,104,104,88,138,34,26
dev_0298,4,1,2972,202,3174,2764,98,2862,2972,98,3070,104,104,104,146,42,34
dev_0298,5,1,3339,177,3516,3138,80,3218,3339,80,3419,97,97,104,131,34,26
dev_0281,1,1,1184,135,1319,1086,37,1123,1184,37,1221,98,98,0,125,27,19
dev_0281,2,1,2447,158,2605,2231,40,2271,2447,40,2487,118,118,98,148,30,22
dev_0281,3,1,3226,195,3421,2993,80,3073,3226,80,3306,115,115,118,150,35,27
dev_0281,4,1,4011,201,4212,3776,81,3857,4011,81,4092,120,120,115,159,39,31
dev_0281,5,1,4813,183,4996,4597,87,4684,4813,87,4900,96,96,120,134,38,30
dev_0281,6,1,5327,183,5510,5138,90,5228,5327,90,5417,93,93,96,131,38,30
dev_0281,7,1,5901,205,6106,5705,102,5807,5901,102,6003,103,103,93,148,45,37
dev_0281,8,1,6449,166,6615,6261,81,6342,6449,81,6530,85,85,103,117,32,24
dev_0281,9,1,6956,220,7176,6753,102,6855,6956,102,7058,118,118,85,153,35,27
dev_0281,10,1,7464,185,7649,7252,91,7343,7464,91,7555,94,94,118,133,39,31
dev_0294,1,1,1390,157,1547,1313,80,1393,1390,80,1470,77,77,0,101,24,16
dev_0294,2,1,2187,146,2333,2039,75,2114,2187,75,2262,71,71,77,100,29,21
dev_0294,3,1,2644,160,2804,2494,81,2575,2644,81,2725,79,79,71,110,31,23
dev_0294,4,1,3357,181,3538,3161,64,3225,3357,64,3421,117,117,79,143,26,18
dev_0294,5,1,4080,196,4276,3841,74,3915,4080,74,4154,122,122,117,151,29,21
dev_0294,6,1,4610,214,4824,4343,69,4412,4610,69,4679,145,145,122,175,30,22
dev_0286,1,1,1193,106,1299,1125,38,1163,1193,38,1231,68,68,0,96,28,20
dev_0286,2,1,1812,160,1972,1650,66,1716,1812,66,1878,94,94,68,118,24,16
dev_0286,3,1,2157,169,2326,1986,92,2078,2157,92,2249,77,77,94,105,28,20
dev_0286,4,1,2821,205,3026,2630,91,2721,2821,91,2912,114,114,77,146,32,24
dev_0286,5,1,3611,177,3788,3398,78,3476,3611,78,3689,99,99,114,131,32,24
dev_0286,6,1,4045,167,4212,3863,84,3947,4045,84,4129,83,83,99,120,37,29
dev_0286,7,1,4659,197,4856,4470,91,4561,4659,91,4750,106,106,83,141,35,27
dev_0286,8,1,5059,205,5264,4835,87,4922,5059,87,5146,118,118,106,150,32,24
dev_0286,9,1,6600,195,6795,6385,98,6483,6600,98,6698,97,97,118,138,41,33
dev_0293,1,1,961,116,1077,887,42,929,961,42,1003,74,74,0,106,32,24
dev_0293,2,2,3477,354,3831,2982,129,3111,3477,129,3606,225,225,270,122,19,11
dev_0293,3,1,2172,171,2343,1976,78,2054,2172,78,2250,93,93,103,114,21,13
dev_0293,4,1,2579,184,2763,2381,79,2460,2579,79,2658,105,105,93,141,36,28
dev_0293,5,1,3607,218,3825,3370,86,3456,3607,86,3693,132,132,105,166,34,26
dev_0293,6,1,4177,191,4368,3947,93,4040,4177,93,4270,98,98,132,139,41,33
dev_0285,1,2,3093,344,3437,2834,177,3011,3093,177,3270,167,167,92,98,23,15
dev_0285,2,1,2285,165,2450,2114,69,2183,2285,69,2354,96,96,75,121,25,17
dev_0285,3,1,3288,148,3436,3113,69,3182,3288,69,3357,79,79,96,105,26,18
dev_0285,4,1,3917,145,4062,3765,72,3837,3917,72,3989,73,73,79,102,29,21
dev_0285,5,1,4612,150,4762,4468,79,4547,4612,79,4691,71,71,73,100,29,21
dev_0285,6,1,5527,158,5685,5370,72,5442,5527,72,5599,86,86,71,115,29,21
dev_0285,7,1,6186,163,6349,6018,81,6099,6186,81,6267,82,82,86,111,29,21
dev_0285,8,1,6752,175,6927,6570,75,6645,6752,75,6827,100,100,82,129,29,21
dev_0285,9,1,7443,187,7630,7250,94,7344,7443,94,7537,93,93,100,122,29,21
dev_0285,10,1,7734,182,7916,7548,89,7637,7734,89,7823,93,93,93,122,29,21
dev_0302,1,1,1531,182,1713,1451,102,1553,1531,102,1633,80,80,0,110,30,22
dev_0302,2,1,2000,168,2168,1833,81,1914,2000,81,2081,87,87,80,112,25,17
dev_0302,3,1,3155,158,3313,2985,75,3060,3155,75,3230,83,83,87,113,30,22
dev_0302,4,1,3591,130,3721,3424,46,3470,3591,46,3637,84,84,83,120,36,28
dev_0302,5,1,4552,198,4750,4383,113,4496,4552,113,4665,85,85,84,134,49,41
dev_0302,6,1,5361,155,5516,5177,56,5233,5361,56,5417,99,99,85,145,46,38
dev_0305,1,1,1229,161,1390,1167,99,1266,1229,99,1328,62,62,0,98,36,28
dev_0305,2,1,2010,148,2158,1849,49,1898,2010,49,2059,99,99,62,138,39,31
dev_0305,3,1,2416,142,2558,2222,47,2269,2416,47,2463,95,95,99,132,37,29
dev_0305,4,1,4291,181,4472,4094,79,4173,4291,79,4370,102,102,95,135,33,25
dev_0305,5,1,5159,167,5326,4976,86,5062,5159,86,5245,81,81,102,112,31,23
dev_0296,1,1,1503,155,1658,1428,80,1508,1503,80,1583,75,75,0,104,29,21
dev_0296,2,1,2295,172,2467,2136,88,2224,2295,88,2383,84,84,75,115,31,23
dev_0296,3,1,2972,182,3154,2781,75,2856,2972,75,3047,107,107,84,139,32,24
dev_0296,4,1,3980,171,4151,3785,83,3868,3980,83,4063,88,88,107,117,29,21
dev_0296,5,1,4297,168,4465,4122,81,4203,4297,81,4378,87,87,88,120,33,25
dev_0296,6,1,5534,173,5707,5357,83,5440,5534,83,5617,90,90,87,122,32,24
dev_0296,7,1,6075,194,6269,5908,117,6025,6075,117,6192,77,77,90,119,42,34
dev_0308,1,1,1041,114,1155,971,44,1015,1041,44,1085,70,70,0,104,34,26
dev_0308,2,1,2220,165,2385,2073,88,2161,2220,88,2308,77,77,70,118,41,33
dev_0308,3,1,2607,200,2807,2425,95,2520,2607,95,2702,105,105,77,141,36,28
dev_0308,4,1,3127,187,3314,2916,81,2997,3127,81,3208,106,106,105,142,36,28
dev_0308,5,1,3588,184,3772,3377,79,3456,3588,79,3667,105,105,106,142,37,29
dev_0295,1,1,1139,112,1251,1070,43,1113,1139,43,1182,69,69,0,102,33,25
dev_0295,2,1,1635,187,1822,1487,108,1595,1635,108,1743,79,79,69,107,28,20
dev_0295,3,1,2089,155,2244,1941,86,2027,2089,86,2175,69,69,79,98,29,21
dev_0295,4,1,3062,145,3207,2917,69,2986,3062,69,3131,76,76,69,112,36,28
dev_0295,5,1,4052,161,4213,3904,89,3993,4052,89,4141,72,72,76,110,38,30
dev_0295,6,1,5513,191,5704,5338,88,5426,5513,88,5601,103,103,72,141,38,30
dev_0295,7,1,5775,189,5964,5574,91,5665,5775,91,5866,98,98,103,138,40,32
dev_0295,8,1,6302,182,6484,6119,97,6216,6302,97,6399,85,85,98,128,43,35
dev_0292,1,1,2043,173,2216,1948,78,2026,2043,78,2121,95,95,0,132,37,29
dev_0292,2,1,2975,200,3175,2779,99,2878,2975,99,3074,101,101,95,149,48,40
dev_0292,3,1,3474,173,3647,3288,88,3376,3474,88,3562,85,85,101,129,44,36
dev_0292,4,1,4297,146,4443,4120,54,4174,4297,54,4351,92,92,85,136,44,36
dev_0292,5,1,4929,201,5130,4725,89,4814,4929,89,5018,112,112,92,153,41,33
dev_0292,6,1,6309,192,6501,6060,55,6115,6309,55,6364,137,137,112,182,45,37
dev_0292,7,1,6530,178,6708,6270,55,6325,6530,55,6585,123,123,137,168,45,37
dev_0292,8,1,7182,174,7356,6968,83,7051,7182,83,7265,91,91,123,136,45,37
dev_0292,9,1,7925,209,8134,7719,94,7813,7925,94,8019,115,115,91,159,44,36
dev_0297,1,1,1293,167,1460,1210,84,1294,1293,84,1377,83,83,0,114,31,23
dev_0297,2,1,1867,164,2031,1679,59,1738,1867,59,1926,105,105,83,129,24,16
dev_0297,3,1,2472,164,2636,2281,78,2359,2472,78,2550,86,86,105,115,29,21
dev_0297,4,1,3056,178,3234,2882,90,2972,3056,90,3146,88,88,86,119,31,23
dev_0297,5,1,3711,156,3867,3549,82,3631,3711,82,3793,74,74,88,108,34,26
dev_0297,6,1,4200,171,4371,4042,87,4129,4200,87,4287,84,84,74,118,34,26
dev_0297,7,1,4780,167,4947,4610,81,4691,4780,81,4861,86,86,84,114,28,20
dev_0297,8,1,5834,190,6024,5652,94,5746,5834,94,5928,96,96,86,134,38,30
dev_0307,1,1,1509,152,1661,1402,45,1447,1509,45,1554,107,107,0,142,35,27
dev_0307,2,1,2445,187,2632,2240,89,2329,2445,89,2534,98,98,107,135,37,29
dev_0307,3,1,3129,195,3324,2922,86,3008,3129,86,3215,109,109,98,152,43,35
dev_0307,4,1,3769,186,3955,3563,89,3652,3769,89,3858,97,97,109,135,38,30
dev_0307,5,1,4394,157,4551,4212,72,4284,4394,72,4466,85,85,97,117,32,24
dev_0307,6,1,4931,183,5114,4748,85,4833,4931,85,5016,98,98,85,136,38,30
dev_0300,1,1,1391,170,1561,1279,58,1337,1391,58,1449,112,112,0,160,48,40
dev_0300,2,1,2228,159,2387,2037,80,2117,2228,80,2308,79,79,112,112,33,25
dev_0300,3,1,3259,153,3412,3108,81,3189,3259,81,3340,72,72,79,105,33,25
dev_0300,4,1,4096,173,4269,3943,92,4035,4096,92,4188,81,81,72,115,34,26
dev_0300,5,1,5484,187,5671,5299,83,5382,5484,83,5567,104,104,81,139,35,27
dev_0300,6,1,6434,173,6607,6243,86,6329,6434,86,6520,87,87,104,125,38,30
dev_0300,7,1,6649,154,6803,6459,51,6510,6649,51,6700,103,103,87,144,41,33
dev_0300,8,1,6967,151,7118,6764,51,6815,6967,51,7018,100,100,103,141,41,33
dev_0300,9,1,8031,174,8205,7812,55,7867,8031,55,8086,119,119,100,164,45,37
dev_0310,1,1,982,103,1085,911,32,943,982,32,1014,71,71,0,93,22,14
dev_0310,2,1,1592,161,1753,1442,82,1524,1592,82,1674,79,79,71,103,24,16
dev_0310,3,1,2482,179,2661,2312,88,2400,2482,88,2570,91,91,79,127,36,28
dev_0310,4,1,2905,144,3049,2711,41,2752,2905,41,2946,103,103,91,134,31,23
dev_0310,5,1,3979,176,4155,3793,93,3886,3979,93,4072,83,83,103,113,30,22
dev_0310,6,1,4913,158,5071,4752,80,4832,4913,80,4993,78,78,83,108,30,22
dev_0306,1,1,1597,148,1745,1529,80,1609,1597,80,1677,68,68,0,100,32,24
dev_0306,2,2,4251,320,4571,3874,164,4038,4251,164,4415,156,156,221,95,24,16
dev_0306,3,1,3092,182,3274,2938,99,3037,3092,99,3191,83,83,71,117,34,26
dev_0306,4,1,3737,168,3905,3572,86,3658,3737,86,3823,82,82,83,122,40,32
dev_0306,5,1,4555,170,4725,4397,94,4491,4555,94,4649,76,76,82,113,37,29
dev_0306,6,1,5309,176,5485,5144,87,5231,5309,87,5396,89,89,76,128,39,31
dev_0306,7,1,6259,179,6438,6074,83,6157,6259,83,6342,96,96,89,133,37,29
dev_0304,1,2,2893,337,3230,2632,170,2802,2893,170,3063,167,167,94,100,27,19
dev_0304,2,1,2234,173,2407,2072,84,2156,2234,84,2318,89,89,73,120,31,23
dev_0304,3,1,2894,166,3060,2726,87,2813,2894,87,2981,79,79,89,114,35,27
dev_0304,4,1,3432,167,3599,3264,78,3342,3432,78,3510,89,89,79,122,33,25
dev_0304,5,1,4125,180,4305,3934,78,4012,4125,78,4203,102,102,89,137,35,27
dev_0304,6,1,5020,175,5195,4832,89,4921,5020,89,5109,86,86,102,119,33,25
dev_0304,7,1,5788,187,5975,5608,93,5701,5788,93,5881,94,94,86,129,35,27
dev_0304,8,1,6341,177,6518,6161,91,6252,6341,91,6432,86,86,94,122,36,28
dev_0317,1,2,2858,308,3166,2646,167,2813,2858,167,3025,141,141,71,91,21,13
dev_0317,2,1,2109,161,2270,1965,87,2052,2109,87,2196,74,74,70,102,28,20
dev_0317,3,1,2580,172,2752,2422,88,2510,2580,88,2668,84,84,74,122,38,30
dev_0317,4,1,3250,179,3429,3077,90,3167,3250,90,3340,89,89,84,128,39,31
dev_0317,5,1,4053,191,4244,3862,89,3951,4053,89,4142,102,102,89,141,39,31
dev_0303,1,1,918,95,1013,857,34,891,918,34,952,61,61,0,85,24,16
dev_0303,2,1,1702,158,1860,1568,85,1653,1702,85,1787,73,73,61,107,34,26
dev_0303,3,1,2893,186,3079,2722,88,2810,2893,88,2981,98,98,73,130,32,24
dev_0303,4,1,3583,177,3760,3389,81,3470,3583,81,3664,96,96,98,129,33,25
dev_0303,5,1,4261,164,4425,4078,77,4155,4261,77,4338,87,87,96,112,25,17
dev_0303,6,1,5102,190,5292,4919,94,5013,5102,94,5196,96,96,87,134,38,30
dev_0303,7,1,6035,185,6220,5857,103,5960,6035,103,6138,82,82,96,127,45,37
dev_0303,8,1,6769,182,6951,6602,97,6699,6769,97,6866,85,85,82,128,43,35
dev_0303,9,1,7839,162,8001,7678,86,7764,7839,86,7925,76,76,85,115,39,31
dev_0303,10,1,8579,175,8754,8406,78,8484,8579,78,8657,97,97,76,134,37,29
dev_0319,1,1,1302,170,1472,1218,86,1304,1302,86,1388,84,84,0,111,27,19
dev_0319,2,1,1931,130,2061,1763,46,1809,1931,46,1977,84,84,84,120,36,28
dev_0319,3,1,2518,134,2652,2341,41,2382,2518,41,2559,93,93,84,124,31,23
dev_0319,4,1,2856,167,3023,2682,86,2768,2856,86,2942,81,81,93,118,37,29
dev_0319,5,1,3866,187,4053,3689,91,3780,3866,91,3957,96,96,81,134,38,30
dev_0319,6,1,4616,190,4806,4426,96,4522,4616,96,4712,94,94,96,138,44,36
dev_0315,1,1,911,118,1029,833,40,873,911,40,951,78,78,0,108,30,22
dev_0315,2,1,1759,179,1938,1578,76,1654,1759,76,1835,103,103,78,129,26,18
dev_0315,3,1,2360,125,2485,2169,37,2206,2360,37,2397,88,88,103,115,27,19
dev_0315,4,1,3047,154,3201,2883,78,2961,3047,78,3125,76,76,88,108,32,24
dev_0315,5,1,3824,126,3950,3659,37,3696,3824,37,3861,89,89,76,116,27,19
dev_0315,6,1,5049,188,5237,4860,88,4948,5049,88,5137,100,100,89,141,41,33
dev_0315,7,1,5733,198,5931,5533,98,5631,5733,98,5831,100,100,100,144,44,36
dev_0321,1,1,958,123,1081,872,37,909,958,37,995,86,86,0,113,27,19
dev_0321,2,1,1654,117,1771,1493,42,1535,1654,42,1696,75,75,86,107,32,24
dev_0321,3,1,2385,177,2562,2222,89,2311,2385,89,2474,88,88,75,126,38,30
dev_0321,4,1,2996,183,3179,2809,84,2893,2996,84,3080,99,99,88,136,37,29
dev_0321,5,1,3693,171,3864,3506,83,3589,3693,83,3776,88,88,99,125,37,29
dev_0321,6,1,4114,189,4303,3944,107,4051,4114,107,4221,82,82,88,135,53,45
dev_0309,1,3,5877,428,6305,5526,231,5757,5877,231,6108,197,197,154,67,24,16
dev_0309,2,1,2976,157,3133,2862,86,2948,2976,86,3062,71,71,43,97,26,18
dev_0309,3,1,3665,158,3823,3519,83,3602,3665,83,3748,75,75,71,112,37,29
dev_0309,4,1,4328,116,4444,4178,41,4219,4328,41,4369,75,75,75,106,31,23
dev_0309,5,1,5040,160,5200,4876,71,4947,5040,71,5111,89,89,75,120,31,23
dev_0309,6,1,5390,160,5550,5214,73,5287,5390,73,5463,87,87,89,118,31,23
dev_0309,7,1,6214,153,6367,6038,64,6102,6214,64,6278,89,89,87,120,31,23
dev_0309,8,1,6737,165,6902,6561,78,6639,6737,78,6815,87,87,89,119,32,24
dev_0309,9,1,7329,199,7528,7138,95,7233,7329,95,7424,104,104,87,140,36,28
dev_0325,1,1,1101,166,1267,1026,91,1117,1101,91,1192,75,75,0,104,29,21
dev_0325,2,1,1768,182,1950,1598,87,1685,1768,87,1855,95,95,75,130,35,27
dev_0325,3,1,2466,156,2622,2289,74,2363,2466,74,2540,82,82,95,114,32,24
dev_0325,4,1,3121,158,3279,2952,71,3023,3121,71,3192,87,87,82,119,32,24
dev_0325,5,1,3430,172,3602,3244,73,3317,3430,73,3503,99,99,87,131,32,24
dev_0325,6,1,4172,160,4332,3992,79,4071,4172,79,4251,81,81,99,113,32,24
dev_0325,7,1,5048,149,5197,4894,76,4970,5048,76,5124,73,73,81,105,32,24
dev_0313,1,1,1020,109,1129,946,35,981,1020,35,1055,74,74,0,99,25,17
dev_0313,2,1,1752,184,1936,1578,84,1662,1752,84,1836,100,100,74,127,27,19
dev_0313,3,1,2413,190,2603,2217,94,2311,2413,94,2507,96,96,100,136,40,32
dev_0313,4,1,2938,188,3126,2732,78,2810,2938,78,3016,110,110,96,148,38,30
dev_0313,5,1,3476,175,3651,3276,85,3361,3476,85,3561,90,90,110,124,34,26
dev_0313,6,1,4268,190,4458,4085,97,4182,4268,97,4365,93,93,90,128,35,27
dev_0313,7,1,4686,204,4890,4483,94,4577,4686,94,4780,110,110,93,152,42,34
dev_0313,8,1,5089,206,5295,4862,89,4951,5089,89,5178,117,117,110,157,40,32
dev_0313,9,1,5447,182,5629,5227,79,5306,5447,79,5526,103,103,117,136,33,25
dev_0314,1,1,1505,134,1639,1414,43,1457,1505,43,1548,91,91,0,124,33,25
dev_0314,2,1,2235,133,2368,2058,47,2105,2235,47,2282,86,86,91,123,37,29
dev_0314,3,1,3975,173,4148,3796,80,3876,3975,80,4055,93,93,86,128,35,27
dev_0314,4,1,4694,156,4850,4490,45,4535,4694,45,4739,111,111,93,146,35,27
dev_0314,5,1,4866,185,5051,4670,100,4770,4866,100,4966,85,85,111,120,35,27
dev_0314,6,1,5487,182,5669,5325,105,5430,5487,105,5592,77,77,85,117,40,32
dev_0314,7,1,6389,175,6564,6222,85,6307,6389,85,6474,90,90,77,128,38,30
dev_0314,8,1,6692,157,6849,6533,88,6621,6692,88,6780,69,69,90,100,31,23
dev_0314,9,1,7421,149,7570,7281,78,7359,7421,78,7499,71,71,69,103,32,24
dev_0314,10,1,7873,140,8013,7712,50,7762,7873,50,7923,90,90,71,130,40,32
dev_0320,1,1,1182,173,1355,1096,87,1183,1182,87,1269,86,86,0,123,37,29
dev_0320,2,1,1877,173,2050,1699,81,1780,1877,81,1958,92,92,86,128,36,28
dev_0320,3,1,3039,191,3230,2852,96,2948,3039,96,3135,95,95,92,135,40,32
dev_0320,4,1,3662,178,3840,3472,83,3555,3662,83,3745,95,95,95,133,38,30
dev_0320,5,1,4717,186,4903,4528,92,4620,4717,92,4809,94,94,95,142,48,40
dev_0320,6,1,5758,154,5912,5562,52,5614,5758,52,5810,102,102,94,144,42,34
dev_0320,7,1,5956,176,6132,5765,87,5852,5956,87,6043,89,89,102,128,39,31
dev_0320,8,1,6702,152,6854,6539,78,6617,6702,78,6780,74,74,89,108,34,26
dev_0329,1,1,1434,151,1585,1367,84,1451,1434,84,1518,67,67,0,103,36,28
dev_0329,2,1,2115,110,2225,1977,39,2016,2115,39,2154,71,71,67,100,29,21
dev_0329,3,1,2666,175,2841,2495,75,2570,2666,75,2741,100,100,71,130,30,22
dev_0329,4,1,2993,195,3188,2780,82,2862,2993,82,3075,113,113,100,149,36,28
dev_0329,5,1,3325,146,3471,3112,46,3158,3325,46,3371,100,100,113,136,36,28
dev_0329,6,1,3735,175,3910,3547,87,3634,3735,87,3822,88,88,100,125,37,29
dev_0329,7,1,4528,178,4706,4357,95,4452,4528,95,4623,83,83,88,121,38,30
dev_0327,1,1,1127,132,1259,1037,42,1079,1127,42,1169,90,90,0,122,32,24
dev_0327,2,1,3074,181,3255,2891,88,2979,3074,88,3162,93,93,90,128,35,27
dev_0327,3,1,4099,179,4278,3913,86,3999,4099,86,4185,93,93,93,131,38,30
dev_0327,4,1,4808,165,4973,4630,80,4710,4808,80,4888,85,85,93,115,30,22
dev_0327,5,1,5542,182,5724,5357,82,5439,5542,82,5624,100,100,85,131,31,23
dev_0327,6,1,6208,197,6405,6011,100,6111,6208,100,6308,97,97,100,137,40,32
dev_0327,7,1,6538,204,6742,6339,102,6441,6538,102,6640,102,102,97,141,39,31
dev_0327,8,1,6800,188,6988,6595,85,6680,6800,85,6885,103,103,102,145,42,34
dev_0330,1,1,1278,159,1437,1207,88,1295,1278,88,1366,71,71,0,99,28,20
dev_0330,2,1,2110,188,2298,1945,94,2039,2110,94,2204,94,94,71,129,35,27
dev_0330,3,1,2540,187,2727,2365,106,2471,2540,106,2646,81,81,94,113,32,24
dev_0330,4,1,3454,171,3625,3298,96,3394,3454,96,3550,75,75,81,109,34,26
dev_0330,5,1,3834,172,4006,3679,92,3771,3834,92,3926,80,80,75,111,31,23
dev_0330,6,1,4489,178,4667,4324,93,4417,4489,93,4582,85,85,80,116,31,23
dev_0330,7,1,5077,194,5271,4874,76,4950,5077,76,5153,118,118,85,149,31,23
dev_0318,1,1,1777,150,1927,1671,44,1715,1777,44,1821,106,106,0,140,34,26
dev_0318,2,1,2289,174,2463,2078,69,2147,2289,69,2358,105,105,106,133,28,20
dev_0318,3,1,3069,174,3243,2866,76,2942,3069,76,3145,98,98,105,132,34,26
dev_0318,4,1,3675,170,3845,3485,78,3563,3675,78,3753,92,92,98,127,35,27
dev_0318,5,1,4513,214,4727,4302,95,4397,4513,95,4608,119,119,92,154,35,27
dev_0318,6,1,5329,198,5527,5090,78,5168,5329,78,5407,120,120,119,155,35,27
dev_0318,7,1,6283,187,6470,6067,91,6158,6283,91,6374,96,96,120,134,38,30
dev_0318,8,1,6810,179,6989,6620,85,6705,6810,85,6895,94,94,96,132,38,30
dev_0318,9,1,7426,185,7611,7234,87,7321,7426,87,7513,98,98,94,136,38,30
dev_0318,10,1,8144,180,8324,7948,82,8030,8144,82,8226,98,98,98,134,36,28
dev_0332,1,1,842,101,943,780,39,819,842,39,881,62,62,0,91,29,21
dev_0332,2,1,1224,117,1341,1084,39,1123,1224,39,1263,78,78,62,107,29,21
dev_0332,3,1,1780,129,1909,1612,39,1651,1780,39,1819,90,90,78,119,29,21
dev_0332,4,1,2371,147,2518,2209,75,2284,2371,75,2446,72,72,90,102,30,22
dev_0332,5,1,3006,140,3146,2839,45,2884,3006,45,3051,95,95,72,130,35,27
dev_0332,6,1,3986,172,4158,3809,90,3899,3986,90,4076,82,82,95,120,38,30
dev_0332,7,1,5050,189,5239,4888,109,4997,5050,109,5159,80,80,82,132,52,44
dev_0332,8,1,6179,205,6384,6004,110,6114,6179,110,6289,95,95,80,147,52,44
dev_0331,1,1,1524,153,1677,1416,45,1461,1524,45,1569,108,108,0,143,35,27
dev_0331,2,1,2300,161,2461,2115,84,2199,2300,84,2384,77,77,108,107,30,22
dev_0331,3,1,2698,193,2891,2526,98,2624,2698,98,2796,95,95,77,133,38,30
dev_0331,4,1,3832,171,4003,3650,84,3734,3832,84,3916,87,87,95,123,36,28
dev_0331,5,1,4256,133,4389,4078,42,4120,4256,42,4298,91,91,87,123,32,24
dev_0331,6,1,4754,185,4939,4566,88,4654,4754,88,4842,97,97,91,137,40,32
dev_0331,7,1,5645,174,5819,5457,83,5540,5645,83,5728,91,91,97,124,33,25
dev_0331,8,1,6846,194,7040,6648,87,6735,6846,87,6933,107,107,91,144,37,29
dev_0322,1,1,1503,126,1629,1408,31,1439,1503,31,1534,95,95,0,116,21,13
dev_0322,2,1,2035,119,2154,1864,43,1907,2035,43,2078,76,76,95,109,33,25
dev_0322,3,1,2586,172,2758,2420,82,2502,2586,82,2668,90,90,76,115,25,17
dev_0322,4,1,3186,162,3348,3012,78,3090,3186,78,3264,84,84,90,115,31,23
dev_0322,5,1,3637,177,3814,3453,77,3530,3637,77,3714,100,100,84,130,30,22
dev_0322,6,1,4669,198,4867,4458,87,4545,4669,87,4756,111,111,100,145,34,26
dev_0322,7,1,5652,211,5863,5423,93,5516,5652,93,5745,118,118,111,155,37,29
dev_0322,8,1,6348,192,6540,6125,87,6212,6348,87,6435,105,105,118,147,42,34
dev_0322,9,1,7282,178,7460,7083,84,7167,7282,84,7366,94,94,105,131,37,29
dev_0322,10,1,7907,204,8111,7705,96,7801,7907,96,8003,108,108,94,152,44,36
dev_0323,1,1,895,102,997,830,37,867,895,37,932,65,65,0,92,27,19
dev_0323,2,1,2238,162,2400,2086,75,2161,2238,75,2313,87,87,65,120,33,25
dev_0323,3,1,3234,179,3413,3044,76,3120,3234,76,3310,103,103,87,134,31,23
dev_0323,4,1,3973,178,4151,3763,71,3834,3973,71,4044,107,107,103,139,32,24
dev_0323,5,1,4519,187,4706,4308,83,4391,4519,83,4602,104,104,107,134,30,22
dev_0323,6,1,5171,172,5343,4977,82,5059,5171,82,5253,90,90,104,123,33,25
dev_0323,7,1,5699,194,5893,5501,86,5587,5699,86,5785,108,108,90,142,34,26
dev_0323,8,1,6259,189,6448,6052,90,6142,6259,90,6349,99,99,108,135,36,28
dev_0323,9,1,7024,187,7211,6828,90,6918,7024,90,7114,97,97,99,133,36,28
dev_0323,10,1,7320,190,7510,7120,87,7207,7320,87,7407,103,103,97,133,30,22
dev_0326,1,1,1143,114,1257,1070,41,1111,1143,41,1184,73,73,0,104,31,23
dev_0326,2,1,1952,174,2126,1785,80,1865,1952,80,2032,94,94,73,124,30,22
dev_0326,3,1,2574,190,2764,2374,84,2458,2574,84,2658,106,106,94,140,34,26
dev_0326,4,1,3044,144,3188,2840,46,2886,3044,46,3090,98,98,106,134,36,28
dev_0326,5,1,3430,192,3622,3230,90,3320,3430,90,3520,102,102,98,140,38,30
dev_0326,6,1,4350,184,4534,4139,75,4214,4350,75,4425,109,109,102,140,31,23
dev_0326,7,1,4825,186,5011,4617,87,4704,4825,87,4912,99,99,109,133,34,26
dev_0326,8,1,5746,176,5922,5570,99,5669,5746,99,5845,77,77,99,119,42,34
dev_0326,9,1,6444,207,6651,6262,102,6364,6444,102,6546,105,105,77,149,44,36
dev_0326,10,1,7107,195,7302,6904,97,7001,7107,97,7204,98,98,105,142,44,36
