example_index,example_id,session_index,dialogue_id,dialogue_turns,api_call_count,session_input_tokens,before_memory_count,after_memory_count,before_memory_tokens,after_memory_tokens,delta_memory_count,delta_memory_tokens,add_event_ids,add_event_statuses,status,error
0,dev_0003,0,15_00034,22,2,429,0,2,0,70,2,70,"[""a424561b-a512-441a-9af9-6858c3eb1949""]","[""SUCCEEDED""]",OK,
0,dev_0003,1,2_00055,16,1,410,2,3,70,95,1,25,"[""01b40890-44ee-4357-8d2b-975e3811acb0""]","[""SUCCEEDED""]",OK,
0,dev_0003,2,15_00056,22,2,293,3,5,95,186,2,91,"[""7676c9aa-75b5-4d6f-a2dc-bd39e1379883""]","[""SUCCEEDED""]",OK,
0,dev_0003,3,15_00070,18,2,343,5,7,186,255,2,69,"[""047ac38d-8673-4781-a176-03cf24affd31""]","[""SUCCEEDED""]",OK,
0,dev_0003,4,11_00121,32,2,459,7,10,255,393,3,138,"[""993f17ef-147d-41ac-9b5d-30d42e2ee3db""]","[""SUCCEEDED""]",OK,
0,dev_0003,5,15_00100,20,2,280,10,12,393,440,2,47,"[""6eb35a5e-586a-4a90-916f-98a33c526809""]","[""SUCCEEDED""]",OK,
0,dev_0071,0,1_00025,14,1,282,0,4,0,81,4,81,"[""eb63e218-4496-4a5b-9da5-a69d4d590e3a""]","[""SUCCEEDED""]",OK,
0,dev_0071,1,16_00103,20,2,200,4,6,81,130,2,49,"[""3102892f-64e6-4114-9dcb-9647062e3cda""]","[""SUCCEEDED""]",OK,
0,dev_0071,2,16_00091,18,2,355,6,9,130,204,3,74,"[""5de2d22c-a26a-4321-b3a4-ee6cf9fb9fe1""]","[""SUCCEEDED""]",OK,
0,dev_0071,3,12_00001,30,2,549,9,14,204,339,5,135,"[""f5718193-c772-4dfe-ae6f-5d0e599320b4""]","[""SUCCEEDED""]",OK,
0,dev_0071,4,9_00014,24,2,292,14,17,339,410,3,71,"[""0cf10715-5b9d-418a-9f3f-2f4249bc48c6""]","[""SUCCEEDED""]",OK,
0,dev_0071,5,9_00025,30,2,339,17,21,410,495,4,85,"[""85d4bbcc-ce1e-458e-ab77-f1f5b3d2e15a""]","[""SUCCEEDED""]",OK,
0,dev_0071,6,2_00000,10,1,107,21,22,495,508,1,13,"[""85c01a7f-21c2-4832-8cfa-e1f1ae81221f""]","[""SUCCEEDED""]",OK,
0,dev_0071,7,18_00052,32,3,407,22,25,508,617,3,109,"[""c99e0bef-ab81-4307-8976-fab0ceb277a8""]","[""SUCCEEDED""]",OK,
0,dev_0071,8,5_00084,10,1,128,25,27,617,635,2,18,"[""dcf5af06-caf0-4ea2-9794-24de8ae59697""]","[""SUCCEEDED""]",OK,
0,dev_0071,9,11_00015,18,2,234,27,30,635,695,3,60,"[""1a3b34a4-bcd0-4fc8-932f-5f7af71246ff""]","[""SUCCEEDED""]",OK,
0,dev_0117,0,20_00008,20,2,289,0,5,0,85,5,85,"[""aceaa6ce-e78b-4a1e-ae09-ed19e7266dc2""]","[""SUCCEEDED""]",OK,
0,dev_0117,1,2_00101,20,1,255,5,10,85,198,5,113,"[""a07e231d-2514-4813-bd07-2dc8596294ac""]","[""SUCCEEDED""]",OK,
0,dev_0117,2,12_00097,20,2,250,10,13,198,260,3,62,"[""76e2dac9-dddc-4832-b6c4-0bf052f8854d""]","[""SUCCEEDED""]",OK,
0,dev_0117,3,15_00061,20,2,400,13,15,260,350,2,90,"[""43c439cc-765f-4031-ac79-9a6112275050""]","[""SUCCEEDED""]",OK,
0,dev_0117,4,10_00116,24,2,281,15,17,350,378,2,28,"[""dbf1012a-614a-46fd-b6f5-286844765958""]","[""SUCCEEDED""]",OK,
0,dev_0117,5,17_00108,30,2,429,17,20,378,464,3,86,"[""04fa8e24-c6cc-4efa-8b73-291b457f5412""]","[""SUCCEEDED""]",OK,
0,dev_0117,6,2_00050,14,1,302,20,22,464,524,2,60,"[""ba7fd562-ea3f-47eb-bd50-b29effbe6984""]","[""SUCCEEDED""]",OK,
0,dev_0169,0,19_00045,22,2,419,0,6,0,103,6,103,"[""5e8a0697-b9e3-49d5-a8c6-478033544d4d""]","[""SUCCEEDED""]",OK,
0,dev_0169,1,2_00047,14,1,227,6,8,103,150,2,47,"[""91faa93c-32ad-4bf6-b23f-04fb7f695eac""]","[""SUCCEEDED""]",OK,
0,dev_0169,2,12_00007,22,2,383,8,7,150,136,-1,-14,"[""f8d2b2f1-1a19-4c88-bd23-e54f2f4b6564""]","[""SUCCEEDED""]",OK,
0,dev_0169,3,20_00034,28,3,578,7,11,136,207,4,71,"[""483920d7-46f6-4807-a309-64388c16c3d1""]","[""SUCCEEDED""]",OK,
0,dev_0169,4,11_00081,28,1,322,11,14,207,306,3,99,"[""45610c7c-0b07-4dbb-a998-eeeb192901e6""]","[""SUCCEEDED""]",OK,
0,dev_0169,5,7_00021,10,1,124,14,15,306,324,1,18,"[""e562f8ca-4e0d-4a76-9a2d-2415fcce61e7""]","[""SUCCEEDED""]",OK,
0,dev_0219,0,18_00078,20,2,331,0,3,0,74,3,74,"[""7495252e-4259-4aab-9e1d-13e7375c63c3""]","[""SUCCEEDED""]",OK,
0,dev_0219,1,16_00049,28,2,458,3,8,74,191,5,117,"[""261bf879-1945-4d15-82cf-4159a9b6afd9""]","[""SUCCEEDED""]",OK,
0,dev_0219,2,2_00061,18,1,273,8,9,191,241,1,50,"[""debc99bc-631c-457e-811b-13193a20df0a""]","[""SUCCEEDED""]",OK,
0,dev_0219,3,5_00105,12,0,109,9,14,241,288,5,47,"[""5fd1da07-86d3-4080-a11e-546d93143ba3""]","[""SUCCEEDED""]",OK,
0,dev_0219,4,18_00021,40,2,660,14,21,288,451,7,163,"[""f8358922-fd01-45ec-8e4b-dccfc8def51b""]","[""SUCCEEDED""]",OK,
0,dev_0219,5,8_00061,22,2,310,21,23,451,506,2,55,"[""5e096c4a-906d-4945-b079-372076c8f5a0""]","[""SUCCEEDED""]",OK,
0,dev_0219,6,10_00064,20,1,214,23,30,506,579,7,73,"[""9edc095f-a3ef-47cf-942c-8335b70ecc39""]","[""SUCCEEDED""]",OK,
0,dev_0219,7,19_00091,28,2,284,30,33,579,691,3,112,"[""fc50b33c-b14d-4ecc-b2f2-8e386633d0b3""]","[""SUCCEEDED""]",OK,
0,dev_0219,8,6_00086,20,1,275,33,35,691,747,2,56,"[""ffa968e4-8b3f-4e08-a262-48c3f5ad18d1""]","[""SUCCEEDED""]",OK,
0,dev_0219,9,19_00114,20,2,308,35,37,747,806,2,59,"[""9bedbb61-0545-40fe-b38c-defd30ba57bd""]","[""SUCCEEDED""]",OK,
0,dev_0278,0,8_00114,14,2,145,0,2,0,41,2,41,"[""8ea68e24-aded-44b3-9018-ee8d28765cf3""]","[""SUCCEEDED""]",OK,
0,dev_0278,1,2_00038,10,1,142,2,3,41,64,1,23,"[""3cbd6b36-7b96-4fea-ae71-e6a3e1460114""]","[""SUCCEEDED""]",OK,
0,dev_0278,2,2_00002,14,1,219,3,4,64,81,1,17,"[""0638b4a9-fc28-45cd-9c60-51b89016fe61""]","[""SUCCEEDED""]",OK,
0,dev_0278,3,18_00014,46,2,575,4,9,81,178,5,97,"[""804b84d5-4d0b-469d-a655-13914bc994d5""]","[""SUCCEEDED""]",OK,
0,dev_0278,4,14_00039,22,2,330,9,13,178,275,4,97,"[""f9a62312-8157-402e-90c2-166da5de5e7c""]","[""SUCCEEDED""]",OK,
0,dev_0278,5,1_00071,8,1,201,13,15,275,316,2,41,"[""7fc8dd23-ffe6-4413-ab63-1e62a0801b08""]","[""SUCCEEDED""]",OK,
0,dev_0278,6,15_00124,30,3,457,15,18,316,442,3,126,"[""96566528-f5eb-4674-9214-62db82347fec""]","[""SUCCEEDED""]",OK,
0,dev_0278,7,1_00047,14,1,216,18,19,442,503,1,61,"[""4bf1b86e-a623-4737-a4b1-5987aa3bfdf0""]","[""SUCCEEDED""]",OK,
1,dev_0004,0,15_00038,22,2,383,0,2,0,86,2,86,"[""44214e57-5fca-4268-bf82-1db5b480259a""]","[""SUCCEEDED""]",OK,
1,dev_0004,1,15_00071,24,2,387,2,4,63,123,2,60,"[""ed4fcba8-594c-4753-a242-3b787cf20c80""]","[""SUCCEEDED""]",OK,
1,dev_0072,0,19_00125,16,2,251,0,3,0,44,3,44,"[""0609e62c-2ceb-48c0-8464-ac6cb86fb39f""]","[""SUCCEEDED""]",OK,
1,dev_0072,1,12_00039,24,2,402,3,5,44,108,2,64,"[""94db253c-b309-4abf-bc07-decd22fe5de9""]","[""SUCCEEDED""]",OK,
1,dev_0072,2,18_00007,40,2,674,5,13,108,279,8,171,"[""aae2bf27-8a50-4c7f-b9da-6b952f9eee1d""]","[""SUCCEEDED""]",OK,
1,dev_0072,3,19_00083,34,2,412,13,16,279,401,3,122,"[""7d3d1b86-d58d-45be-80ae-bbc92f4a714c""]","[""SUCCEEDED""]",OK,
1,dev_0072,4,18_00006,46,2,567,16,18,401,487,2,86,"[""3c0273c0-1726-4632-ab41-a0562938ad7e""]","[""SUCCEEDED""]",OK,
1,dev_0072,5,4_00099,14,1,282,18,19,487,534,1,47,"[""89a2902b-332a-47db-8f9e-6bd66ab7efe9""]","[""SUCCEEDED""]",OK,
1,dev_0118,0,17_00122,34,2,375,0,4,0,89,4,89,"[""effe802d-a2b6-46a1-b7c2-374dccfeb65d""]","[""SUCCEEDED""]",OK,
1,dev_0118,1,12_00067,30,2,398,4,8,89,236,4,147,"[""0099fe84-3233-45fb-ae65-d37d2332110e""]","[""SUCCEEDED""]",OK,
1,dev_0118,2,15_00008,32,3,596,8,11,236,340,3,104,"[""38c0ee57-d6c6-4e3d-a7aa-9d5e91030c45""]","[""SUCCEEDED""]",OK,
1,dev_0118,3,5_00121,12,1,135,11,12,340,353,1,13,"[""2052362b-4a62-473a-a7d9-242d12a8989c""]","[""SUCCEEDED""]",OK,
1,dev_0118,4,14_00040,24,2,329,12,16,353,437,4,84,"[""1f638175-15e6-48ad-9d60-c01711f18369""]","[""SUCCEEDED""]",OK,
1,dev_0118,5,9_00077,14,2,276,16,18,437,482,2,45,"[""0a54d49a-a1b3-400b-98d5-40948710857e""]","[""SUCCEEDED""]",OK,
1,dev_0118,6,11_00018,24,2,259,18,21,482,556,3,74,"[""3775218c-a4ea-4a7f-9c73-2a40f21616f5""]","[""SUCCEEDED""]",OK,
1,dev_0118,7,4_00100,12,1,233,21,22,556,592,1,36,"[""10fdd628-27fc-42fd-8235-d5432808bee1""]","[""SUCCEEDED""]",OK,
1,dev_0118,8,19_00108,20,2,236,22,27,592,675,5,83,"[""c2cdb915-089d-4cb0-bde4-f1b5c2e374e6""]","[""SUCCEEDED""]",OK,
1,dev_0118,9,9_00103,6,1,161,27,30,675,745,3,70,"[""e8d2b3af-4169-4fb4-8162-9329bcafb692""]","[""SUCCEEDED""]",OK,
1,dev_0170,0,13_00103,20,1,345,0,3,0,56,3,56,"[""feb96700-1aca-49a5-83bb-35fd65059669""]","[""SUCCEEDED""]",OK,
1,dev_0170,1,3_00097,10,1,115,3,3,56,56,0,0,"[""668e4919-b324-4d86-b6da-ca47b0ed2b93""]","[""SUCCEEDED""]",OK,
1,dev_0170,2,14_00071,26,2,341,3,9,56,139,6,83,"[""e9ae5b45-cbf5-4f3c-a760-1dd7e57848e0""]","[""SUCCEEDED""]",OK,
1,dev_0170,3,1_00000,12,1,209,9,11,139,181,2,42,"[""ea415a2f-8497-4d99-8804-a6aa8956db07""]","[""SUCCEEDED""]",OK,
1,dev_0170,4,7_00029,8,1,99,11,12,181,195,1,14,"[""7d9d9953-6c2f-41f1-ba15-09b14e902dad""]","[""SUCCEEDED""]",OK,
1,dev_0170,5,4_00045,24,1,374,12,15,195,300,3,105,"[""481ed328-7a94-40fb-9af5-8e5514e645ab""]","[""SUCCEEDED""]",OK,
1,dev_0170,6,9_00116,12,1,171,15,18,300,364,3,64,"[""2164aa19-2ff5-4257-a125-4ca20bce8baf""]","[""SUCCEEDED""]",OK,
1,dev_0220,0,2_00080,20,1,335,0,2,0,51,2,51,"[""7c8c1769-bb80-4da5-9288-c600aa5ea06a""]","[""SUCCEEDED""]",OK,
1,dev_0220,1,1_00021,12,1,197,2,3,51,86,1,35,"[""adbcf214-fc4b-4968-be39-f1292eebe47c""]","[""SUCCEEDED""]",OK,
1,dev_0220,2,19_00043,34,2,439,3,9,86,228,6,142,"[""7fb00f4f-a0cd-4646-a2e2-9fb87dde623f""]","[""SUCCEEDED""]",OK,
1,dev_0220,3,13_00085,26,1,416,9,13,228,320,4,92,"[""8329da4e-5047-4a53-b86e-7cec3b66feee""]","[""SUCCEEDED""]",OK,
1,dev_0220,4,19_00023,22,2,255,13,15,320,377,2,57,"[""f16c06f6-6f45-4533-aa4b-0474d096cd8a""]","[""SUCCEEDED""]",OK,
1,dev_0220,5,2_00062,16,1,297,15,16,377,434,1,57,"[""f4403c2a-b708-40d6-a6b4-99933cc6d57d""]","[""SUCCEEDED""]",OK,
1,dev_0220,6,2_00027,12,1,149,16,17,434,449,1,15,"[""1654c201-8ed7-4fe0-a6ff-4859af6aaa7b""]","[""SUCCEEDED""]",OK,
1,dev_0220,7,1_00054,14,1,215,17,18,449,479,1,30,"[""0fe13319-6dcc-4813-9066-80c099f82337""]","[""SUCCEEDED""]",OK,
1,dev_0279,0,18_00072,26,2,241,0,5,0,70,5,70,"[""84827297-2963-4bb7-9a77-c335b395a994""]","[""SUCCEEDED""]",OK,
1,dev_0279,1,3_00120,4,1,104,5,6,70,116,1,46,"[""10c4ada5-e500-4f0f-ac6a-a396ec204443""]","[""SUCCEEDED""]",OK,
1,dev_0279,2,8_00022,24,2,316,6,8,116,187,2,71,"[""ed42bf54-c874-46d6-a501-dd68582d4fbf""]","[""SUCCEEDED""]",OK,
1,dev_0279,3,12_00103,28,2,231,8,11,187,254,3,67,"[""0b3f08a3-5df7-4738-8472-9971e8aff4b9""]","[""SUCCEEDED""]",OK,
1,dev_0279,4,18_00009,26,2,375,11,16,254,343,5,89,"[""3cf9814c-24e9-457d-9119-1b09721f3965""]","[""SUCCEEDED""]",OK,
1,dev_0279,5,18_00004,42,2,644,16,21,343,486,5,143,"[""7a5808b0-7dc3-4661-bf7d-9f4e1886257d""]","[""SUCCEEDED""]",OK,
1,dev_0279,6,12_00014,30,2,438,21,25,486,613,4,127,"[""206bc3fa-c2a3-4f75-9502-6cab0d7da049""]","[""SUCCEEDED""]",OK,
2,dev_0008,0,8_00097,24,2,376,0,4,0,83,4,83,"[""7d96cb47-26d3-40f7-a255-28890f4d8254""]","[""SUCCEEDED""]",OK,
2,dev_0008,1,9_00037,24,2,348,4,7,83,164,3,81,"[""e23d20cc-1e4d-4229-8cb1-8dec289d77a4""]","[""SUCCEEDED""]",OK,
2,dev_0008,2,9_00042,28,2,429,7,10,164,290,3,126,"[""f556c209-65b1-4b4e-9a6e-e5836410fcab""]","[""SUCCEEDED""]",OK,
2,dev_0008,3,9_00033,24,2,320,10,12,290,329,2,39,"[""ded4abe1-6d81-4670-af05-69d1798c85d2""]","[""SUCCEEDED""]",OK,
2,dev_0008,4,8_00058,26,2,396,12,15,329,391,3,62,"[""e2851de8-e740-49c5-99e5-f04b6ed37df4""]","[""SUCCEEDED""]",OK,
2,dev_0073,0,3_00022,10,0,105,0,2,0,23,2,23,"[""0a842c1b-7708-4704-b7cf-2f46b4894410""]","[""SUCCEEDED""]",OK,
2,dev_0073,1,6_00042,20,1,299,2,3,23,54,1,31,"[""d86c77b8-5e5a-4b6e-9fc9-5ffcbfd054a9""]","[""SUCCEEDED""]",OK,
2,dev_0073,2,8_00041,30,2,622,3,5,54,121,2,67,"[""8ce7f00c-1cf2-409d-836a-cc8bfe4117dd""]","[""SUCCEEDED""]",OK,
2,dev_0073,3,4_00050,20,1,360,5,10,121,229,5,108,"[""24f84130-eb0d-4ec5-a1ca-bc5250ad2991""]","[""SUCCEEDED""]",OK,
2,dev_0073,4,3_00088,6,1,76,10,10,229,229,0,0,"[""5cdbb665-0279-4ceb-92da-682c88d41a48""]","[""SUCCEEDED""]",OK,
2,dev_0073,5,2_00019,10,1,140,10,11,229,253,1,24,"[""3ed1d925-f6a0-4f51-a1a1-aac5e5390f65""]","[""SUCCEEDED""]",OK,
2,dev_0073,6,15_00110,20,2,307,11,13,253,329,2,76,"[""901184b4-d328-47dd-86d1-480a351ffa77""]","[""SUCCEEDED""]",OK,
2,dev_0073,7,15_00017,26,3,520,13,17,329,463,4,134,"[""89edab41-c69c-4b21-b1fe-2bf06b82a970""]","[""SUCCEEDED""]",OK,
2,dev_0073,8,2_00089,22,1,308,17,20,463,522,3,59,"[""78c14ea2-b5e9-48e1-bd55-b7cad95450af""]","[""SUCCEEDED""]",OK,
2,dev_0119,0,7_00034,24,1,414,0,1,0,59,1,59,"[""6477f665-1bd8-4860-82f7-7af647807362""]","[""SUCCEEDED""]",OK,
2,dev_0119,1,10_00066,18,1,333,1,5,59,116,4,57,"[""f0e8f9b5-d347-41ce-b243-a210d0b39a43""]","[""SUCCEEDED""]",OK,
2,dev_0119,2,19_00071,30,2,516,5,10,116,226,5,110,"[""deec6e0c-5f30-44e9-98c2-c96222cd09b9""]","[""SUCCEEDED""]",OK,
2,dev_0119,3,20_00063,14,3,224,10,13,226,279,3,53,"[""4c9aad1a-9186-4ad9-bff1-df8bd11c70f1""]","[""SUCCEEDED""]",OK,
2,dev_0119,4,17_00096,32,4,548,13,20,279,428,7,149,"[""c7a8ae27-7252-4ad9-9727-4f0712cfa1ff""]","[""SUCCEEDED""]",OK,
2,dev_0119,5,5_00036,16,1,238,20,23,428,513,3,85,"[""b79e3bbb-2c20-4ccb-b38f-1d538bd70265""]","[""SUCCEEDED""]",OK,
2,dev_0119,6,5_00050,8,1,210,23,23,513,539,0,26,"[""ee8ec87e-1e81-430b-b269-bdbd423e2c83""]","[""SUCCEEDED""]",OK,
2,dev_0119,7,6_00095,14,1,138,23,23,539,539,0,0,"[""ed8a0e2c-a5b2-46e8-9b7b-007c44dbd406""]","[""SUCCEEDED""]",OK,
2,dev_0119,8,1_00103,18,1,316,23,25,539,580,2,41,"[""5c7dfe61-6421-43af-8e60-0cb1e5d52637""]","[""SUCCEEDED""]",OK,
2,dev_0171,0,20_00108,18,2,328,0,3,0,49,3,49,"[""0c47d2fa-00af-4b8f-a0bd-6a42240ba812""]","[""SUCCEEDED""]",OK,
2,dev_0171,1,6_00037,20,1,261,3,5,49,91,2,42,"[""737559d2-689e-47f5-9b35-898021dacb99""]","[""SUCCEEDED""]",OK,
2,dev_0171,2,6_00105,18,1,230,5,6,91,118,1,27,"[""e6ec17b4-6323-44cf-ab96-e702eac0f642""]","[""SUCCEEDED""]",OK,
2,dev_0171,3,17_00042,16,3,129,6,8,118,145,2,27,"[""52a35e81-d056-4cbc-996f-cdb9ecf777ef""]","[""SUCCEEDED""]",OK,
2,dev_0171,4,12_00085,24,2,374,8,13,145,228,5,83,"[""88639abf-73a8-458c-8b9f-a298b9ec8b68""]","[""SUCCEEDED""]",OK,
2,dev_0171,5,6_00115,20,1,245,13,18,228,312,5,84,"[""557e80be-479d-4f91-ac10-d020e3d9645c""]","[""SUCCEEDED""]",OK,
2,dev_0221,0,13_00087,20,1,380,0,3,0,56,3,56,"[""d0804e57-4de9-43ee-8f0d-492989ad58c4""]","[""SUCCEEDED""]",OK,
2,dev_0221,1,12_00024,26,2,373,3,9,56,193,6,137,"[""1eb93f84-c50f-49f0-99b7-e0cd2c7e0592""]","[""SUCCEEDED""]",OK,
2,dev_0221,2,11_00022,16,2,238,9,13,193,253,4,60,"[""5c3f3071-b8cb-4481-aa18-e2c9dff5ff34""]","[""SUCCEEDED""]",OK,
2,dev_0221,3,19_00028,20,2,443,13,15,253,307,2,54,"[""4ac5a1d8-39dd-4b78-9f46-a24d7d9323b5""]","[""SUCCEEDED""]",OK,
2,dev_0221,4,12_00009,32,2,508,15,17,307,381,2,74,"[""84cad0d7-eabc-4963-a3f6-c1520981bc3a""]","[""SUCCEEDED""]",OK,
2,dev_0221,5,1_00031,14,1,237,17,19,381,469,2,88,"[""c87f37d7-44c9-4b78-8f5c-d576559b7dbe""]","[""SUCCEEDED""]",OK,
2,dev_0221,6,18_00125,20,2,302,19,21,469,553,2,84,"[""e37ef953-20ac-4c40-87a2-545bfa237830""]","[""SUCCEEDED""]",OK,
2,dev_0221,7,16_00016,28,3,519,21,21,553,566,0,13,"[""3d4f9ed0-37b1-4b17-95f0-eccb58ee7992""]","[""SUCCEEDED""]",OK,
2,dev_0221,8,11_00032,16,2,270,21,22,566,597,1,31,"[""5675d26c-ec67-4f0e-b88c-6cfecc41a988""]","[""SUCCEEDED""]",OK,
2,dev_0221,9,5_00081,8,0,82,22,24,597,610,2,13,"[""7630c328-12d9-45e3-9404-afc821d5c597""]","[""SUCCEEDED""]",OK,
2,dev_0280,0,7_00005,10,1,130,0,1,0,50,1,50,"[""4f361809-874a-4338-bd1b-1959d8309510""]","[""SUCCEEDED""]",OK,
2,dev_0280,1,8_00036,24,2,374,1,4,50,132,3,82,"[""785c67ab-2ecb-480d-8478-54da0724d975""]","[""SUCCEEDED""]",OK,
2,dev_0280,2,3_00122,12,1,225,4,6,132,236,2,104,"[""f3ed7896-e628-4db8-a8bb-3d96e70b4896""]","[""SUCCEEDED""]",OK,
2,dev_0280,3,5_00007,16,1,201,6,8,236,273,2,37,"[""6ca1cdfa-fd41-44d6-a28e-310e1fdc6645""]","[""SUCCEEDED""]",OK,
2,dev_0280,4,12_00035,24,2,395,8,11,273,364,3,91,"[""9d83c37f-3b93-4119-a973-be86dbf3ad03""]","[""SUCCEEDED""]",OK,
2,dev_0280,5,16_00032,34,3,615,11,14,364,473,3,109,"[""33ebf467-7571-4c8b-8617-ec2fe4b03118""]","[""SUCCEEDED""]",OK,
2,dev_0280,6,11_00092,26,1,309,14,17,473,528,3,55,"[""8f7ffc7a-e692-4d96-a3d8-183f0e3ea2d2""]","[""SUCCEEDED""]",OK,
2,dev_0280,7,17_00018,18,3,226,17,21,528,590,4,62,"[""a29526aa-f535-4a1d-ba24-f21e82031b1f""]","[""SUCCEEDED""]",OK,
3,dev_0009,0,9_00040,24,2,295,0,6,0,77,6,77,"[""fe083217-0032-4954-931c-da04e21814ee""]","[""SUCCEEDED""]",OK,
3,dev_0009,1,13_00014,14,2,245,6,8,77,125,2,48,"[""3d005488-a7ca-4995-80b0-9e7b65104827""]","[""SUCCEEDED""]",OK,
3,dev_0009,2,17_00074,40,4,663,8,13,125,254,5,129,"[""be9375de-3583-4e03-9c1e-d5100af8a5c7""]","[""SUCCEEDED""]",OK,
3,dev_0009,3,9_00041,22,2,278,13,15,254,296,2,42,"[""b111597a-2c2a-4b9d-84fb-2230fbd11782""]","[""SUCCEEDED""]",OK,
3,dev_0009,4,17_00092,30,4,510,15,21,296,398,6,102,"[""a691b9aa-0bd6-4ae1-b44a-b0ed7b4aee8c""]","[""SUCCEEDED""]",OK,
3,dev_0009,5,9_00029,16,2,372,21,23,398,456,2,58,"[""3b3d56bd-3f15-48d2-a509-5111346b88af""]","[""SUCCEEDED""]",OK,
3,dev_0074,0,10_00005,18,2,180,0,2,0,40,2,40,"[""ad3bde8e-7dd6-4e37-aaef-d27a880eb04c""]","[""SUCCEEDED""]",OK,
3,dev_0074,1,18_00079,18,2,169,2,5,40,104,3,64,"[""3cf34346-ff34-41cb-ab06-b18abc8d388e""]","[""SUCCEEDED""]",OK,
3,dev_0074,2,11_00006,18,2,172,5,5,104,139,0,35,"[""32aac54d-f5b1-4d99-ad32-2e2d889e9349""]","[""SUCCEEDED""]",OK,
3,dev_0074,3,8_00116,22,2,309,5,8,139,194,3,55,"[""ec01e4a4-3279-437f-b0d1-c5bc07dd6236""]","[""SUCCEEDED""]",OK,
3,dev_0074,4,8_00045,28,2,718,8,10,194,275,2,81,"[""ecdf6501-4fe5-44d3-92a6-ede983bec3c8""]","[""SUCCEEDED""]",OK,
3,dev_0074,5,7_00048,14,1,192,10,12,275,333,2,58,"[""d5ff4ffd-c3cc-4e24-af57-b2f0b14ddefc""]","[""SUCCEEDED""]",OK,
3,dev_0120,0,12_00032,30,2,359,0,3,0,101,3,101,"[""b419bfdb-1824-46bf-b6c2-2c67d19e19e2""]","[""SUCCEEDED""]",OK,
3,dev_0120,1,13_00089,26,1,344,3,5,101,172,2,71,"[""68bd311f-cd4c-4d43-a0e2-b6019861a5d5""]","[""SUCCEEDED""]",OK,
3,dev_0120,2,11_00009,16,2,197,5,7,172,206,2,34,"[""14b12dcf-d02e-4c17-b94e-58672b2a8ab7""]","[""SUCCEEDED""]",OK,
3,dev_0120,3,3_00049,32,0,372,7,11,206,261,4,55,"[""660d0fd8-1d8a-4934-b267-669f3e9dc995""]","[""SUCCEEDED""]",OK,
3,dev_0120,4,13_00110,24,1,333,11,13,261,321,2,60,"[""f1b9079b-5175-45ab-8e8c-a205c89f713a""]","[""SUCCEEDED""]",OK,
3,dev_0172,0,13_00074,30,3,420,0,4,0,96,4,96,"[""44fe3d38-e87c-482e-a421-8d5686af1f5d""]","[""SUCCEEDED""]",OK,
3,dev_0172,1,9_00097,12,1,266,4,9,96,148,5,52,"[""9bb81696-010a-4144-ae99-df84df5e4964""]","[""SUCCEEDED""]",OK,
3,dev_0172,2,17_00022,18,3,330,9,13,148,215,4,67,"[""f6bb1b55-29f8-461a-b4ea-365ec7d659a0""]","[""SUCCEEDED""]",OK,
3,dev_0172,3,12_00048,28,2,364,13,15,215,292,2,77,"[""a07f035e-0806-43df-8004-06d314a7a251""]","[""SUCCEEDED""]",OK,
3,dev_0172,4,18_00013,28,2,308,15,19,292,394,4,102,"[""8a46a817-c88d-461f-8173-8b3ca69ba671""]","[""SUCCEEDED""]",OK,
3,dev_0172,5,13_00100,28,1,408,19,21,394,491,2,97,"[""35094c0f-7e60-4154-856a-d346b78e8e52""]","[""SUCCEEDED""]",OK,
3,dev_0222,0,9_00044,24,2,243,0,3,0,34,3,34,"[""3bffaf26-efe5-4128-b064-12b0a26edd5d""]","[""SUCCEEDED""]",OK,
3,dev_0222,1,19_00098,20,2,342,3,6,34,105,3,71,"[""7c93323a-e501-40a7-b116-7c7b38c087f7""]","[""SUCCEEDED""]",OK,
3,dev_0222,2,20_00026,24,3,470,6,7,105,196,1,91,"[""5d28f19f-2b24-4ddb-bb5f-2c483635188e""]","[""SUCCEEDED""]",OK,
3,dev_0222,3,16_00105,26,2,368,7,10,196,267,3,71,"[""6173cbc7-8330-47fb-973a-55bc2015f943""]","[""SUCCEEDED""]",OK,
3,dev_0222,4,6_00120,8,1,116,10,11,267,290,1,23,"[""924287d6-59ef-4247-8011-d31a78e250dc""]","[""SUCCEEDED""]",OK,
3,dev_0281,0,10_00045,18,2,245,0,2,0,18,2,18,"[""41c201f9-1ed1-49b9-baa0-af4ae31b8572""]","[""SUCCEEDED""]",OK,
3,dev_0281,1,17_00081,28,4,493,2,7,18,100,5,82,"[""060dbb0d-0e29-4598-8ed0-8bbaf9fe3683""]","[""SUCCEEDED""]",OK,
3,dev_0281,2,19_00102,24,2,304,7,12,100,166,5,66,"[""d6997dfb-a5dd-4b9a-8f65-15f9fec380e6""]","[""SUCCEEDED""]",OK,
3,dev_0281,3,15_00123,20,3,342,12,15,166,258,3,92,"[""5b1bc491-4680-40db-ba43-1f99cdabd049""]","[""SUCCEEDED""]",OK,
3,dev_0281,4,4_00087,24,1,362,15,16,258,322,1,64,"[""663686cb-39ef-4dfc-9968-3ce152fd2fc9""]","[""SUCCEEDED""]",OK,
3,dev_0281,5,2_00114,16,1,232,16,18,322,380,2,58,"[""11a831e3-4263-4c9e-b8d2-2d2c01e8f9ec""]","[""SUCCEEDED""]",OK,
3,dev_0281,6,4_00054,18,1,245,18,19,380,434,1,54,"[""cdb10efa-8390-4c8e-a85a-d1f1d6e4bb6a""]","[""SUCCEEDED""]",OK,
3,dev_0281,7,17_00052,14,3,250,19,22,434,483,3,49,"[""b8096ff7-d7fe-4e4b-8ee0-5cd1e5ac9289""]","[""SUCCEEDED""]",OK,
3,dev_0281,8,13_00025,16,2,219,22,24,483,510,2,27,"[""4cb453a1-606f-4ed0-949a-1f810e106816""]","[""SUCCEEDED""]",OK,
3,dev_0281,9,2_00005,12,1,223,24,25,510,527,1,17,"[""41802765-a42e-4754-9fbd-472ba3e677d9""]","[""SUCCEEDED""]",OK,
4,dev_0014,0,17_00063,36,4,547,0,4,0,169,4,169,"[""2f45bb4a-e524-4993-a3dc-33391778a012""]","[""SUCCEEDED""]",OK,
4,dev_0014,1,14_00088,20,2,458,4,8,169,288,4,119,"[""60a40401-c771-42b0-9886-56213a0117c9""]","[""SUCCEEDED""]",OK,
4,dev_0014,2,19_00119,22,2,349,8,10,288,328,2,40,"[""9b9ca87b-0166-4376-bd42-ded60f7ab74e""]","[""SUCCEEDED""]",OK,
4,dev_0014,3,14_00097,24,2,327,10,13,328,385,3,57,"[""74d6e28a-4350-49f6-9499-d80616d161c5""]","[""SUCCEEDED""]",OK,
4,dev_0014,4,19_00111,16,2,161,13,14,385,406,1,21,"[""fa0b25df-e006-4a9e-a088-21496ea57d43""]","[""SUCCEEDED""]",OK,
4,dev_0014,5,14_00076,26,2,512,14,16,406,455,2,49,"[""79c3a70d-194d-4e57-a6b4-816e64e0bb10""]","[""SUCCEEDED""]",OK,
4,dev_0075,0,18_00000,36,2,594,0,4,0,142,4,142,"[""7ff055bb-8403-4c2f-a836-5b389c4c960e""]","[""SUCCEEDED""]",OK,
4,dev_0075,1,13_00055,28,3,424,4,8,142,240,4,98,"[""5e4c5f15-df42-40e2-928e-e8f35c2758da""]","[""SUCCEEDED""]",OK,
4,dev_0075,2,1_00020,24,1,353,8,12,240,351,4,111,"[""542d6867-14f8-44a4-a256-03eaaf91b2f9""]","[""SUCCEEDED""]",OK,
4,dev_0075,3,15_00119,18,2,278,12,14,351,429,2,78,"[""7aafe31a-0173-4028-aa1b-33ff20dd51ba""]","[""SUCCEEDED""]",OK,
4,dev_0075,4,2_00092,20,1,309,14,16,429,510,2,81,"[""462ee35b-9220-4d11-bd9a-b746da460f47""]","[""SUCCEEDED""]",OK,
4,dev_0075,5,13_00108,20,1,344,16,18,510,552,2,42,"[""ba2648f4-bea6-4a03-b044-f63d9fa4ec0a""]","[""SUCCEEDED""]",OK,
4,dev_0075,6,18_00015,32,2,508,18,21,552,656,3,104,"[""3b91f90e-cd6d-4b7f-b0c0-be7c0fb502f4""]","[""SUCCEEDED""]",OK,
4,dev_0075,7,16_00115,14,2,117,21,23,656,712,2,56,"[""0be9fbf0-6d3f-4c1b-9f0b-00e849cfd4dc""]","[""SUCCEEDED""]",OK,
4,dev_0122,0,8_00047,28,2,497,0,3,0,104,3,104,"[""476279aa-0a49-446c-ad27-5e99f823740f""]","[""SUCCEEDED""]",OK,
4,dev_0122,1,20_00080,20,2,354,3,8,104,197,5,93,"[""400a796e-c95b-4d16-9b5d-229cc0c945e6""]","[""SUCCEEDED""]",OK,
4,dev_0122,2,18_00046,24,3,305,8,12,197,254,4,57,"[""8feffb54-31ec-45ef-b211-379ffc6c32ef""]","[""SUCCEEDED""]",OK,
4,dev_0122,3,9_00046,18,2,242,12,16,254,327,4,73,"[""a81607b2-7288-4f5d-8629-21952784d11e""]","[""SUCCEEDED""]",OK,
4,dev_0122,4,16_00058,18,2,275,16,19,327,384,3,57,"[""6f412fdf-f830-4cd3-97f6-1452d210f547""]","[""SUCCEEDED""]",OK,
4,dev_0173,0,10_00059,18,1,187,0,2,0,28,2,28,"[""9fc62201-ddf7-49e9-a862-b25b2fb1b283""]","[""SUCCEEDED""]",OK,
4,dev_0173,1,18_00065,32,3,357,2,4,28,95,2,67,"[""a072013e-e31a-4a8d-a254-e9c0dbd5ca45""]","[""SUCCEEDED""]",OK,
4,dev_0173,2,2_00031,12,1,153,4,6,95,121,2,26,"[""927444a2-b61c-4074-9ec9-0784cd2506c5""]","[""SUCCEEDED""]",OK,
4,dev_0173,3,4_00000,10,1,166,6,8,121,153,2,32,"[""bff5200c-06af-4b1e-a84f-c057ae023302""]","[""SUCCEEDED""]",OK,
4,dev_0173,4,8_00053,18,2,162,8,11,153,202,3,49,"[""74128e07-52f1-43f4-b8b3-ea417ce7397a""]","[""SUCCEEDED""]",OK,
4,dev_0223,0,20_00045,20,3,274,0,5,0,85,5,85,"[""9c04cd5a-cd6b-4001-9d73-3e0c4ead68f0""]","[""SUCCEEDED""]",OK,
4,dev_0223,1,5_00078,6,1,85,5,7,85,109,2,24,"[""2e997434-1067-4b48-a635-dd81f076acfe""]","[""SUCCEEDED""]",OK,
4,dev_0223,2,4_00027,12,1,181,7,8,109,158,1,49,"[""45804eca-1aa1-49dc-bb6f-8cb54ee88b20""]","[""SUCCEEDED""]",OK,
4,dev_0223,3,6_00077,18,1,298,8,11,158,225,3,67,"[""92a67578-a8b3-4c27-957f-af3d9d2324a6""]","[""SUCCEEDED""]",OK,
4,dev_0223,4,12_00059,20,2,380,11,15,225,328,4,103,"[""eb5501a7-7a91-4947-97b2-a769a43b8aed""]","[""SUCCEEDED""]",OK,
4,dev_0223,5,15_00078,22,2,444,15,17,328,390,2,62,"[""326c307e-ffe7-4938-9c19-9796e3a3bac0""]","[""SUCCEEDED""]",OK,
4,dev_0223,6,16_00106,26,2,223,17,20,390,438,3,48,"[""bb8be19c-1b66-4199-8b63-7dbe47b43ad8""]","[""SUCCEEDED""]",OK,
4,dev_0223,7,3_00072,20,0,234,20,21,438,479,1,41,"[""089de6d3-11f7-44b2-948f-221ea7793474""]","[""SUCCEEDED""]",OK,
4,dev_0282,0,6_00032,28,1,343,0,3,0,58,3,58,"[""3ead710e-0138-45b1-95f8-ae723897f90d""]","[""SUCCEEDED""]",OK,
4,dev_0282,1,17_00026,14,3,328,3,7,58,136,4,78,"[""106e7f1a-5df3-48b4-bfca-6b825ec5c727""]","[""SUCCEEDED""]",OK,
4,dev_0282,2,18_00053,28,3,343,7,11,136,229,4,93,"[""510b3f9a-b134-42eb-949f-110f3404ad6b""]","[""SUCCEEDED""]",OK,
4,dev_0282,3,10_00075,14,1,193,11,13,229,295,2,66,"[""276511e9-69e0-4507-8697-ab086f317dda""]","[""SUCCEEDED""]",OK,
4,dev_0282,4,2_00100,22,1,297,13,21,295,408,8,113,"[""5b503c10-f833-436f-82a7-a2f618ee7bc5""]","[""SUCCEEDED""]",OK,
5,dev_0015,0,14_00048,32,2,410,0,6,0,111,6,111,"[""0c260ccb-0a6e-4f7c-8b43-09af4791ec9a""]","[""SUCCEEDED""]",OK,
5,dev_0015,1,14_00089,24,2,455,6,9,111,192,3,81,"[""fc6efa01-48b1-4af1-9438-9a87e4633fa1""]","[""SUCCEEDED""]",OK,
5,dev_0015,2,19_00035,18,2,376,9,11,192,257,2,65,"[""d3da0884-bd46-4d31-8151-947d571e6b44""]","[""SUCCEEDED""]",OK,
5,dev_0015,3,20_00015,18,2,372,11,13,257,337,2,80,"[""492b1c32-601d-47b6-82b4-2747420c58f1""]","[""SUCCEEDED""]",OK,
5,dev_0015,4,14_00064,26,2,421,13,14,337,382,1,45,"[""7b9acab5-5356-482a-9430-8817a1a386dd""]","[""SUCCEEDED""]",OK,
5,dev_0015,5,19_00032,22,2,339,14,16,382,440,2,58,"[""a0094fe2-f7c8-479a-a31b-a9d0436b6971""]","[""SUCCEEDED""]",OK,
5,dev_0015,6,20_00010,20,2,289,16,17,440,482,1,42,"[""ffd83bd2-a0e5-4382-b3e7-b6b55ba52bcb""]","[""SUCCEEDED""]",OK,
5,dev_0015,7,19_00107,26,2,455,17,19,482,542,2,60,"[""19ac132c-47d2-440d-8bec-6262e5cdc369""]","[""SUCCEEDED""]",OK,
5,dev_0015,8,17_00066,34,4,591,19,25,542,673,6,131,"[""b45f6415-88d4-4b56-bbfd-b80bb24ee7d2""]","[""SUCCEEDED""]",OK,
5,dev_0015,9,19_00029,30,2,450,25,27,673,733,2,60,"[""b81bf4d3-8dd2-4980-bd3f-076a43268347""]","[""SUCCEEDED""]",OK,
5,dev_0076,0,3_00105,8,1,103,0,3,0,36,3,36,"[""144a9036-d6ed-4de2-a288-e6368f9d359f""]","[""SUCCEEDED""]",OK,
5,dev_0076,1,6_00094,14,1,143,3,4,36,75,1,39,"[""0ac0e36c-4fd2-49ba-9617-83607c257377""]","[""SUCCEEDED""]",OK,
5,dev_0076,2,2_00035,12,1,231,4,5,75,101,1,26,"[""4f5549e8-b414-4b4a-b69a-783f96fa5d67""]","[""SUCCEEDED""]",OK,
5,dev_0076,3,20_00097,16,2,200,5,7,101,144,2,43,"[""0e010006-a91a-4ae6-b8ca-9e984446bc35""]","[""SUCCEEDED""]",OK,
5,dev_0076,4,16_00050,22,2,301,7,10,144,233,3,89,"[""b2444e16-c204-4ccb-b2e2-387ca4202990""]","[""SUCCEEDED""]",OK,
5,dev_0076,5,13_00075,22,3,333,10,13,233,359,3,126,"[""cd5aaf67-77bf-4f07-b7f9-6c268441b2ea""]","[""SUCCEEDED""]",OK,
5,dev_0076,6,3_00027,10,0,122,13,15,359,403,2,44,"[""275fa3db-5bca-4283-969a-d6edf103f096""]","[""SUCCEEDED""]",OK,
5,dev_0076,7,13_00119,26,1,403,15,19,403,504,4,101,"[""89b3ce60-e7e4-4858-8b6b-66c20a934c2f""]","[""SUCCEEDED""]",OK,
5,dev_0124,0,9_00006,20,2,255,0,5,0,71,5,71,"[""041d3752-e6b3-455b-b77e-fff8170d70a8""]","[""SUCCEEDED""]",OK,
5,dev_0124,1,2_00048,22,1,334,5,7,71,122,2,51,"[""678017a6-049c-40ae-b164-67adfbbc36d8""]","[""SUCCEEDED""]",OK,
5,dev_0124,2,10_00127,14,2,137,7,10,122,145,3,23,"[""b3bf1502-1428-4216-928e-c76c3fc0958a""]","[""SUCCEEDED""]",OK,
5,dev_0124,3,12_00033,32,2,609,10,12,145,196,2,51,"[""178e91b1-c435-4255-8c74-f68a0e50a56b""]","[""SUCCEEDED""]",OK,
5,dev_0124,4,10_00012,16,2,207,12,14,196,254,2,58,"[""1676e72a-2894-4068-9ac8-88207369ad6e""]","[""SUCCEEDED""]",OK,
5,dev_0124,5,5_00061,8,1,175,14,15,254,299,1,45,"[""a7c238ac-0651-4263-8ffe-cad61082ffbc""]","[""SUCCEEDED""]",OK,
5,dev_0174,0,20_00071,24,2,174,0,3,0,77,3,77,"[""44c8d42c-2f5a-454c-81bb-77022e264547""]","[""SUCCEEDED""]",OK,
5,dev_0174,1,14_00085,20,2,438,3,6,77,152,3,75,"[""ec30a0a1-ca83-4904-9f6d-3bd86c36fcdf""]","[""SUCCEEDED""]",OK,
5,dev_0174,2,1_00029,10,1,149,6,7,152,170,1,18,"[""3dced5a7-5acd-4c8a-85d1-b9e60d16c701""]","[""SUCCEEDED""]",OK,
5,dev_0174,3,1_00007,12,1,241,7,8,170,204,1,34,"[""d70beba0-88e4-46ad-8071-4f69791436df""]","[""SUCCEEDED""]",OK,
5,dev_0174,4,9_00028,22,2,408,8,13,204,283,5,79,"[""41dbba0c-0dff-4155-b901-ca9fcbbbb805""]","[""SUCCEEDED""]",OK,
5,dev_0174,5,14_00124,18,3,412,13,16,283,348,3,65,"[""2e340c7f-6c56-477a-a15f-1a6279142f2a""]","[""SUCCEEDED""]",OK,
5,dev_0174,6,13_00070,18,3,336,16,19,348,427,3,79,"[""ed7f4d5d-073c-4329-947d-f83ab560f439""]","[""SUCCEEDED""]",OK,
5,dev_0224,0,12_00072,20,2,166,0,4,0,56,4,56,"[""81a80aee-1f2c-4ae7-a0b1-d47a63e79fbb""]","[""SUCCEEDED""]",OK,
5,dev_0224,1,8_00006,26,2,436,4,6,56,135,2,79,"[""41b4b381-29b2-482a-b410-1018b472c5c9""]","[""SUCCEEDED""]",OK,
5,dev_0224,2,13_00078,22,3,426,6,9,135,211,3,76,"[""6eb6983d-c40b-465e-9e61-63024ff8808b""]","[""SUCCEEDED""]",OK,
5,dev_0224,3,8_00082,24,2,494,9,12,211,313,3,102,"[""5081e6ce-b41d-409c-a8c8-f29ba83780f9""]","[""SUCCEEDED""]",OK,
5,dev_0224,4,8_00024,30,2,559,12,15,313,410,3,97,"[""8ae0b03f-2c32-462a-b827-2a29882d0ca4""]","[""SUCCEEDED""]",OK,
5,dev_0283,0,16_00035,26,3,433,0,3,0,71,3,71,"[""cfc63b36-6a06-4969-ac17-005b5ad673d4""]","[""SUCCEEDED""]",OK,
5,dev_0283,1,2_00024,10,1,147,3,4,71,85,1,14,"[""db2d2f90-5c4d-44d4-b16a-8c983c00b0dc""]","[""SUCCEEDED""]",OK,
5,dev_0283,2,1_00019,10,1,231,4,6,85,139,2,54,"[""6c2ce59d-c21e-4452-836d-d18377720d06""]","[""SUCCEEDED""]",OK,
5,dev_0283,3,14_00019,20,2,413,6,11,139,280,5,141,"[""cc6681a7-1954-491a-ae39-da42cb7210e2""]","[""SUCCEEDED""]",OK,
5,dev_0283,4,3_00043,20,0,377,11,15,280,380,4,100,"[""d4c699a3-9f2f-45e1-8c4e-438d37d268fa""]","[""SUCCEEDED""]",OK,
6,dev_0020,0,6_00117,12,1,163,0,2,0,23,2,23,"[""2d2a0fe7-a640-4de2-b1e8-3cf54ed11a08""]","[""SUCCEEDED""]",OK,
6,dev_0020,1,1_00084,12,1,253,2,3,23,66,1,43,"[""cf727d94-68ad-4e78-90e7-3eb76ba5bf18""]","[""SUCCEEDED""]",OK,
6,dev_0020,2,18_00108,24,2,352,3,10,66,191,7,125,"[""2d3a6e76-5f4a-4a96-a2a0-59c9393092c9""]","[""SUCCEEDED""]",OK,
6,dev_0020,3,12_00034,26,2,377,10,12,191,273,2,82,"[""d0e90de0-f83c-4be9-a2b7-aef75161b2a9""]","[""SUCCEEDED""]",OK,
6,dev_0020,4,3_00121,8,1,148,12,15,273,329,3,56,"[""37ad8d81-6395-4617-86bd-3b0912fd4285""]","[""SUCCEEDED""]",OK,
6,dev_0020,5,13_00123,38,1,620,15,17,329,384,2,55,"[""7295fd6e-3049-4d72-a255-225845fe4e16""]","[""SUCCEEDED""]",OK,
6,dev_0020,6,9_00104,10,1,168,17,21,384,437,4,53,"[""c51b7356-01cc-4165-812a-c4e167261399""]","[""SUCCEEDED""]",OK,
6,dev_0020,7,11_00106,22,1,300,21,24,437,497,3,60,"[""276ae414-e52a-4f22-b4a3-94da113f7928""]","[""SUCCEEDED""]",OK,
6,dev_0020,8,9_00113,12,1,172,24,26,497,538,2,41,"[""33e1a0fd-456d-4cb7-9a0a-057d7e358c9b""]","[""SUCCEEDED""]",OK,
6,dev_0020,9,20_00012,20,2,307,26,30,538,606,4,68,"[""679ae18f-e4bb-426b-b014-4570f03584bb""]","[""SUCCEEDED""]",OK,
6,dev_0078,0,15_00049,26,2,387,0,2,0,55,2,55,"[""17ab1051-0e09-4bc6-97a9-c80e6903240a""]","[""SUCCEEDED""]",OK,
6,dev_0078,1,13_00053,26,3,304,2,4,55,102,2,47,"[""8812c60c-3762-4675-94e3-3b9407ec8069""]","[""SUCCEEDED""]",OK,
6,dev_0078,2,6_00012,12,1,156,4,8,102,145,4,43,"[""e172b7ca-fbb7-42a7-a177-63c2ffb3be18""]","[""SUCCEEDED""]",OK,
6,dev_0078,3,20_00009,18,2,286,8,10,145,198,2,53,"[""ee6c3ed5-56d6-474c-820a-9d628bcc9a3b""]","[""SUCCEEDED""]",OK,
6,dev_0078,4,2_00127,14,0,126,10,11,198,213,1,15,"[""59d9366f-8269-40e5-b45f-6ca63edd36ef""]","[""SUCCEEDED""]",OK,
6,dev_0126,0,14_00084,20,2,365,0,4,0,92,4,92,"[""f1183000-94b4-481a-a224-6494f06200ba""]","[""SUCCEEDED""]",OK,
6,dev_0126,1,4_00021,10,1,146,4,6,92,124,2,32,"[""7a539beb-4049-40af-96b8-7495f4bbacf5""]","[""SUCCEEDED""]",OK,
6,dev_0126,2,17_00115,42,2,714,6,11,124,255,5,131,"[""f89f6355-5a16-44b2-a14e-d1ca259bbbc3""]","[""SUCCEEDED""]",OK,
6,dev_0126,3,19_00118,22,2,347,11,16,255,355,5,100,"[""3cbcc779-768b-4514-8f48-e0ed53972e22""]","[""SUCCEEDED""]",OK,
6,dev_0126,4,11_00040,18,2,241,16,18,355,405,2,50,"[""0e3442c0-2ea8-4efe-92b8-d1d4e21e8e1c""]","[""SUCCEEDED""]",OK,
6,dev_0126,5,12_00029,22,2,390,18,21,405,498,3,93,"[""3f5aca85-d3de-4b6a-97cf-b42a3c31e24f""]","[""SUCCEEDED""]",OK,
6,dev_0126,6,16_00080,18,2,260,21,23,498,554,2,56,"[""c9dbd196-069f-40ec-b095-065ef633e8ae""]","[""SUCCEEDED""]",OK,
6,dev_0126,7,19_00067,32,2,564,23,27,554,655,4,101,"[""eb18c8b0-b707-41b1-9086-20110eae3a2a""]","[""SUCCEEDED""]",OK,
6,dev_0126,8,11_00027,20,2,237,27,30,655,696,3,41,"[""baa0450c-8172-427e-94be-fb73c63bb212""]","[""SUCCEEDED""]",OK,
6,dev_0126,9,7_00062,22,1,311,30,34,696,757,4,61,"[""d0636db8-5d41-4f9c-acd5-8088d4d97add""]","[""SUCCEEDED""]",OK,
6,dev_0175,0,13_00033,20,2,319,0,2,0,41,2,41,"[""6960388d-39d4-4319-9586-f29bd71ebf32""]","[""SUCCEEDED""]",OK,
6,dev_0175,1,20_00082,18,2,203,2,4,41,117,2,76,"[""3e3c4861-fc20-409e-a940-596f53adab1e""]","[""SUCCEEDED""]",OK,
6,dev_0175,2,10_00096,18,2,225,4,6,117,166,2,49,"[""6f989035-5f97-42e9-afd5-675c9e592be2""]","[""SUCCEEDED""]",OK,
6,dev_0175,3,19_00060,26,2,421,6,9,166,269,3,103,"[""a55f78f0-3848-463d-902d-ea24a1d25ecd""]","[""SUCCEEDED""]",OK,
6,dev_0175,4,1_00001,12,1,270,9,13,269,368,4,99,"[""08ed1c75-c2d7-4a93-8cc5-00a253d665fe""]","[""SUCCEEDED""]",OK,
6,dev_0175,5,15_00095,20,2,371,13,15,368,444,2,76,"[""dc935bb8-6b2f-4796-b7dd-4a528e197ddb""]","[""SUCCEEDED""]",OK,
6,dev_0175,6,5_00112,8,0,101,15,16,444,460,1,16,"[""057a53d9-96a2-44f4-abf8-5262a2f7bee9""]","[""SUCCEEDED""]",OK,
6,dev_0175,7,10_00023,18,2,244,16,20,460,524,4,64,"[""d61b7c78-7eae-49fd-9455-4b0e2b46a8ca""]","[""SUCCEEDED""]",OK,
6,dev_0226,0,12_00104,22,2,219,0,3,0,59,3,59,"[""95c662a4-d41b-4a75-b043-738b19b78bd8""]","[""SUCCEEDED""]",OK,
6,dev_0226,1,4_00033,18,1,309,3,7,59,122,4,63,"[""da0e8cc2-108d-4ebd-8600-8377efec2db7""]","[""SUCCEEDED""]",OK,
6,dev_0226,2,10_00115,20,2,231,7,10,122,181,3,59,"[""632433b8-c1b3-4167-b6e2-eabb486736b2""]","[""SUCCEEDED""]",OK,
6,dev_0226,3,5_00077,8,1,159,10,13,181,217,3,36,"[""150bc43f-1abd-44a9-8bcc-006c5a063fdb""]","[""SUCCEEDED""]",OK,
6,dev_0226,4,10_00095,18,2,216,13,14,217,261,1,44,"[""0bb8dec8-5a8d-4535-b0e7-10e70904c4a8""]","[""SUCCEEDED""]",OK,
6,dev_0226,5,15_00036,22,2,378,14,16,261,341,2,80,"[""e03df029-4419-46d7-bda7-6dc83942f9ed""]","[""SUCCEEDED""]",OK,
6,dev_0226,6,20_00019,20,3,358,16,19,341,399,3,58,"[""8749a7d8-665c-41ab-b4bc-88e95a3dedb8""]","[""SUCCEEDED""]",OK,
6,dev_0226,7,13_00126,28,1,310,19,22,399,474,3,75,"[""d0ab7909-1974-49ff-a396-e676c5afe13e""]","[""SUCCEEDED""]",OK,
6,dev_0284,0,3_00098,10,1,143,0,0,0,0,0,0,"[""0177c84d-6d7b-448d-9745-b34a6572b4bf""]","[""SUCCEEDED""]",OK,
6,dev_0284,1,14_00028,14,2,229,0,3,0,66,3,66,"[""5a993ff4-2114-472f-a656-0f0b4b6463d6""]","[""SUCCEEDED""]",OK,
6,dev_0284,2,2_00009,14,1,225,3,8,66,132,5,66,"[""fa1dab36-3267-43e2-a012-06a8da6cc8be""]","[""SUCCEEDED""]",OK,
6,dev_0284,3,18_00017,30,2,490,8,12,132,245,4,113,"[""fbce92bd-960f-40b8-b9a8-d6e5e0594958""]","[""SUCCEEDED""]",OK,
6,dev_0284,4,16_00036,28,3,404,12,15,245,369,3,124,"[""4f508444-85e7-4b91-bea0-e9015a9f6931""]","[""SUCCEEDED""]",OK,
7,dev_0021,0,14_00058,18,2,270,0,2,0,49,2,49,"[""e96f99f3-c2fa-418a-bc76-0577fd39db66""]","[""SUCCEEDED""]",OK,
7,dev_0021,1,5_00053,6,1,90,2,3,49,60,1,11,"[""08fda041-4e1c-4145-9763-5c4a1f352cda""]","[""SUCCEEDED""]",OK,
7,dev_0021,2,16_00010,26,3,410,3,8,60,134,5,74,"[""2d9102f2-8145-4776-b1e3-8761dc4317ae""]","[""SUCCEEDED""]",OK,
7,dev_0021,3,6_00078,26,1,427,8,10,134,215,2,81,"[""0c459e2a-cde9-4e5c-bcd0-947fd38c4f5d""]","[""SUCCEEDED""]",OK,
7,dev_0021,4,6_00061,18,1,347,10,12,215,264,2,49,"[""41384ebb-cc54-4bbb-88d6-e190f50ac08a""]","[""SUCCEEDED""]",OK,
7,dev_0021,5,13_00060,18,3,287,12,16,264,356,4,92,"[""90daf3f2-9c49-4b0e-982f-96740008d3b2""]","[""SUCCEEDED""]",OK,
7,dev_0021,6,9_00061,14,2,255,16,20,356,424,4,68,"[""05b01a24-a0de-4d07-97c6-9d6fa2a0ca13""]","[""SUCCEEDED""]",OK,
7,dev_0021,7,15_00031,18,2,337,20,22,424,488,2,64,"[""655f61e8-49b9-4d06-b888-1854a36b7f74""]","[""SUCCEEDED""]",OK,
7,dev_0021,8,20_00091,22,2,310,22,24,488,539,2,51,"[""80114438-329a-423d-ab22-85786352670a""]","[""SUCCEEDED""]",OK,
7,dev_0079,0,19_00076,28,2,536,0,4,0,116,4,116,"[""37e3bb93-05f0-44f6-b3c8-a8f1c90005e5""]","[""SUCCEEDED""]",OK,
7,dev_0079,1,6_00111,12,1,125,4,5,116,129,1,13,"[""9e694334-71d7-401f-b164-18eafa6c1305""]","[""SUCCEEDED""]",OK,
7,dev_0079,2,1_00113,12,1,270,5,6,129,183,1,54,"[""397035b3-7f25-48b2-aa3b-33d7d1c89b92""]","[""SUCCEEDED""]",OK,
7,dev_0079,3,16_00022,24,3,336,6,10,183,268,4,85,"[""05b30743-1316-4b1e-8d9b-30c12094ca82""]","[""SUCCEEDED""]",OK,
7,dev_0079,4,18_00105,24,2,416,10,14,268,354,4,86,"[""c323bb0e-21e0-4baf-9285-4008526d013d""]","[""SUCCEEDED""]",OK,
7,dev_0079,5,16_00065,20,2,332,14,14,354,354,0,0,"[""c7ca5687-9995-4920-9950-b98b9a51e80a""]","[""SUCCEEDED""]",OK,
7,dev_0079,6,7_00060,18,1,268,14,17,354,408,3,54,"[""673195ce-5de9-4130-a47a-fccd8e4c9421""]","[""SUCCEEDED""]",OK,
7,dev_0079,7,19_00057,34,2,507,17,20,408,559,3,151,"[""c264107f-58f0-4b6c-880e-eb1a43b1a7e2""]","[""SUCCEEDED""]",OK,
7,dev_0079,8,4_00009,8,1,137,20,22,559,593,2,34,"[""ffa071b9-b074-405a-9348-b3c181fdef9b""]","[""SUCCEEDED""]",OK,
7,dev_0079,9,15_00064,22,2,367,22,24,593,665,2,72,"[""0515e39e-d7bb-415f-8ca5-50e4b69911fb""]","[""SUCCEEDED""]",OK,
7,dev_0127,0,15_00063,24,2,345,0,2,0,53,2,53,"[""6d8e866d-2a96-4f17-a9ce-0149c22e5e5c""]","[""SUCCEEDED""]",OK,
7,dev_0127,1,17_00091,48,4,944,2,6,53,217,4,164,"[""70e2d8c2-3e5b-4aa1-b8b5-9fcce5331fcd""]","[""SUCCEEDED""]",OK,
7,dev_0127,2,1_00120,14,1,261,6,9,217,272,3,55,"[""e83025e4-b8a6-4421-83d8-660ba5622ac7""]","[""SUCCEEDED""]",OK,
7,dev_0127,3,19_00115,20,2,299,9,12,272,317,3,45,"[""d6f1dfcd-f62c-4d04-b9d1-98f047eb5ac7""]","[""SUCCEEDED""]",OK,
7,dev_0127,4,13_00112,32,1,536,12,15,317,393,3,76,"[""9fdf21a0-5183-4756-90b5-069dace9fe09""]","[""SUCCEEDED""]",OK,
7,dev_0176,0,15_00050,24,2,519,0,2,0,69,2,69,"[""b3002e88-c050-4ff1-b1fd-3e5cd596348d""]","[""SUCCEEDED""]",OK,
7,dev_0176,1,16_00078,24,2,356,2,4,69,167,2,98,"[""a0ad2528-ad59-4cbc-baa0-e7e8f0895434""]","[""SUCCEEDED""]",OK,
7,dev_0176,2,12_00108,12,2,200,4,6,167,210,2,43,"[""0b655f3b-536f-4a27-877c-9820cd287ff6""]","[""SUCCEEDED""]",OK,
7,dev_0176,3,19_00025,22,2,277,6,8,210,257,2,47,"[""af5acefe-265d-4732-8dcf-a1741599f1c6""]","[""SUCCEEDED""]",OK,
7,dev_0176,4,8_00077,18,2,232,8,10,257,306,2,49,"[""8f68fe42-8dd1-488e-9aeb-fbe129156986""]","[""SUCCEEDED""]",OK,
7,dev_0176,5,9_00108,18,2,301,10,14,306,361,4,55,"[""87dd808c-8818-41d9-b300-2d3c189e10e5""]","[""SUCCEEDED""]",OK,
7,dev_0176,6,1_00105,14,1,265,14,16,361,435,2,74,"[""9ba7f435-8750-4000-8066-f0fb42131496""]","[""SUCCEEDED""]",OK,
7,dev_0176,7,1_00119,16,1,326,16,18,435,514,2,79,"[""76d13692-b406-4c70-a81b-fd4e0b41441b""]","[""SUCCEEDED""]",OK,
7,dev_0227,0,18_00115,16,2,333,0,4,0,63,4,63,"[""e12ada9c-36cd-431c-804c-1e5b835921d3""]","[""SUCCEEDED""]",OK,
7,dev_0227,1,4_00117,16,1,214,4,6,63,91,2,28,"[""2ea6601d-fa51-4e3c-a3fc-20017f647e16""]","[""SUCCEEDED""]",OK,
7,dev_0227,2,14_00065,20,2,415,6,13,91,248,7,157,"[""da003845-4fbe-4995-b0e7-f84f0eb4893c""]","[""SUCCEEDED""]",OK,
7,dev_0227,3,15_00045,28,2,322,13,15,248,294,2,46,"[""2d16629c-e3fd-44cb-8fdf-b5ea470ffe3a""]","[""SUCCEEDED""]",OK,
7,dev_0227,4,1_00106,16,1,372,15,18,294,349,3,55,"[""56dc5e6f-76be-443a-88d8-bb0399b5357b""]","[""SUCCEEDED""]",OK,
7,dev_0227,5,12_00054,28,2,447,18,20,349,418,2,69,"[""c5ce8863-9338-4bac-94eb-0777aa5c74d4""]","[""SUCCEEDED""]",OK,
7,dev_0285,0,16_00013,26,3,388,0,3,0,64,3,64,"[""fe143b20-ce0d-4c50-afc7-108daa09444c""]","[""SUCCEEDED""]",OK,
7,dev_0285,1,19_00126,24,2,270,3,5,64,105,2,41,"[""4a6a61e3-aaa2-4a6b-81ac-4ffa31f53bee""]","[""SUCCEEDED""]",OK,
7,dev_0285,2,18_00122,26,2,444,5,7,105,166,2,61,"[""1f35057d-3bd0-4595-8b0d-7ac14ac03226""]","[""SUCCEEDED""]",OK,
7,dev_0285,3,15_00099,18,2,286,7,9,166,216,2,50,"[""773940cd-3aa5-40d9-b7f2-2e71b362f5a1""]","[""SUCCEEDED""]",OK,
7,dev_0285,4,2_00069,16,1,319,9,11,216,304,2,88,"[""3f2621e7-ca29-4a9f-a7ba-0eddfa28736b""]","[""SUCCEEDED""]",OK,
7,dev_0285,5,18_00119,22,2,405,11,13,304,375,2,71,"[""6d25c925-4f10-4df4-8711-dacbc483c906""]","[""SUCCEEDED""]",OK,
7,dev_0285,6,1_00026,12,1,301,13,14,375,406,1,31,"[""1e6cfc15-d774-4eaf-996f-2debfd1f8760""]","[""SUCCEEDED""]",OK,
7,dev_0285,7,11_00105,22,1,233,14,18,406,479,4,73,"[""1935c247-9481-4b9d-b0e4-0b04c5b85be6""]","[""SUCCEEDED""]",OK,
7,dev_0285,8,2_00108,20,1,301,18,20,479,538,2,59,"[""e7fd5626-fde2-4c5d-b4d8-a828912ccc7f""]","[""SUCCEEDED""]",OK,
7,dev_0285,9,6_00029,12,1,126,20,21,538,567,1,29,"[""191639a6-cb89-4335-b64a-1546e1868576""]","[""SUCCEEDED""]",OK,
8,dev_0022,0,16_00021,28,3,372,0,3,0,117,3,117,"[""abc53c7d-8a94-42d1-a04c-0da0b68f6e05""]","[""SUCCEEDED""]",OK,
8,dev_0022,1,10_00102,18,2,237,3,8,117,199,5,82,"[""61b1abfc-f010-4dd9-ba39-a4f9029c1045""]","[""SUCCEEDED""]",OK,
8,dev_0022,2,17_00107,44,2,755,8,17,199,371,9,172,"[""b0b0a7a3-3d63-4089-9b8b-eaddda8e9950""]","[""SUCCEEDED""]",OK,
8,dev_0022,3,16_00064,16,2,171,17,19,371,405,2,34,"[""f2a6cb4a-7f75-4243-9265-e9b30b7f7d5a""]","[""SUCCEEDED""]",OK,
8,dev_0022,4,18_00077,22,2,330,19,23,405,467,4,62,"[""cc987fdb-fa02-4445-930a-49d6fcd40cf5""]","[""SUCCEEDED""]",OK,
8,dev_0022,5,3_00044,16,0,242,23,25,467,537,2,70,"[""13a7a845-1cf0-4a9e-9294-9d48a84d8787""]","[""SUCCEEDED""]",OK,
8,dev_0022,6,2_00003,12,1,183,25,26,537,559,1,22,"[""4d662444-7cdd-4055-99e7-94da43d9109a""]","[""SUCCEEDED""]",OK,
8,dev_0022,7,16_00057,18,2,349,26,28,559,614,2,55,"[""5e550b49-d3dc-4661-b5fa-fc887aaacf54""]","[""SUCCEEDED""]",OK,
8,dev_0022,8,9_00091,8,1,146,28,30,614,635,2,21,"[""133c5f6b-6d6e-436d-8bc2-dae35eff5c73""]","[""SUCCEEDED""]",OK,
8,dev_0080,0,8_00017,30,2,613,0,3,0,125,3,125,"[""6d827861-428c-4c07-b761-dd88cb930e91""]","[""SUCCEEDED""]",OK,
8,dev_0080,1,11_00043,16,2,269,3,7,125,207,4,82,"[""ad766b67-bb93-4a0c-8960-71266c52fbf6""]","[""SUCCEEDED""]",OK,
8,dev_0080,2,14_00008,18,2,278,7,10,207,275,3,68,"[""d36b6bfb-5d20-45f9-b809-1ab51e67635e""]","[""SUCCEEDED""]",OK,
8,dev_0080,3,3_00112,6,1,199,10,12,275,313,2,38,"[""147e4960-b354-480b-86fe-7b935e6c089d""]","[""SUCCEEDED""]",OK,
8,dev_0080,4,18_00022,36,2,544,12,17,313,440,5,127,"[""652fc7a9-0f8e-4526-9753-f991ddb46621""]","[""SUCCEEDED""]",OK,
8,dev_0080,5,18_00094,26,2,347,17,20,440,481,3,41,"[""0a5cc3f3-292c-4c97-a131-2ea7ff0abd87""]","[""SUCCEEDED""]",OK,
8,dev_0080,6,13_00097,26,1,323,20,25,481,591,5,110,"[""92804eaa-1246-4c0f-a265-7990df5179fb""]","[""SUCCEEDED""]",OK,
8,dev_0080,7,10_00052,20,2,275,25,33,591,702,8,111,"[""df615839-e8fb-42ee-b004-d1fcc2a1e718""]","[""SUCCEEDED""]",OK,
8,dev_0128,0,19_00004,26,2,346,0,2,0,63,2,63,"[""f5f01975-6dd5-4434-bf9c-bdb88af1bac0""]","[""SUCCEEDED""]",OK,
8,dev_0128,1,6_00076,16,1,246,2,5,63,116,3,53,"[""789d079b-b5f8-45d8-9187-1c198fef9c14""]","[""SUCCEEDED""]",OK,
8,dev_0128,2,8_00048,28,2,456,5,5,116,142,0,26,"[""acaa3535-8203-4414-96a0-54eb86d6343a""]","[""SUCCEEDED""]",OK,
8,dev_0128,3,11_00103,32,1,518,5,7,142,184,2,42,"[""2a68ec59-fe93-4521-b652-5cd695347011""]","[""SUCCEEDED""]",OK,
8,dev_0128,4,14_00094,22,2,287,7,9,184,252,2,68,"[""8a4ec1f8-6014-4625-af15-f2a35b4e8f5d""]","[""SUCCEEDED""]",OK,
8,dev_0128,5,9_00089,10,2,180,9,13,252,332,4,80,"[""9c2f5b4f-1de7-488f-b555-c5e92f2a0c54""]","[""SUCCEEDED""]",OK,
8,dev_0128,6,13_00064,22,3,356,13,20,332,485,7,153,"[""41b6ade9-e0c2-4900-9657-d7e5c17b4b9c""]","[""SUCCEEDED""]",OK,
8,dev_0128,7,5_00057,10,1,184,20,23,485,523,3,38,"[""133299da-4a15-4891-9fd6-3fcd0fc4a888""]","[""SUCCEEDED""]",OK,
8,dev_0177,0,2_00117,12,1,221,0,1,0,23,1,23,"[""283aadb2-4d22-4766-afc7-bd7b5467877e""]","[""SUCCEEDED""]",OK,
8,dev_0177,1,16_00048,20,2,349,1,3,23,78,2,55,"[""722a3db6-8d4e-4a00-a771-b4a83a7fe982""]","[""SUCCEEDED""]",OK,
8,dev_0177,2,8_00102,20,2,298,3,6,78,132,3,54,"[""2c5c359f-29e2-4e61-ab05-291c1fd50cf0""]","[""SUCCEEDED""]",OK,
8,dev_0177,3,6_00045,24,1,447,6,8,132,224,2,92,"[""f31975d5-575b-4085-a4e7-d40057b5afa0""]","[""SUCCEEDED""]",OK,
8,dev_0177,4,17_00048,16,3,332,8,12,224,318,4,94,"[""a26ab17c-4b2e-4c67-b548-53615f1e3efa""]","[""SUCCEEDED""]",OK,
8,dev_0177,5,5_00120,12,1,123,12,13,318,344,1,26,"[""86cef3cc-a922-4b2b-8659-f66d6d50f5cd""]","[""SUCCEEDED""]",OK,
8,dev_0177,6,7_00046,12,1,219,13,15,344,387,2,43,"[""1f9b63d9-44f3-412c-9045-a5afc60ac063""]","[""SUCCEEDED""]",OK,
8,dev_0177,7,4_00064,12,1,218,15,16,387,429,1,42,"[""314f12e8-2ca7-49d8-b967-36f6b231d026""]","[""SUCCEEDED""]",OK,
8,dev_0228,0,5_00068,4,0,56,0,2,0,25,2,25,"[""a7cccd07-cf1b-460a-bbe9-6b74270ffdaa""]","[""SUCCEEDED""]",OK,
8,dev_0228,1,3_00103,6,1,123,2,4,25,68,2,43,"[""584a9030-7daa-445f-af15-4604af671c64""]","[""SUCCEEDED""]",OK,
8,dev_0228,2,16_00015,30,3,518,4,8,68,206,4,138,"[""666a9000-e742-4cb4-b342-0868a9796eb3""]","[""SUCCEEDED""]",OK,
8,dev_0228,3,16_00063,18,2,260,8,11,206,272,3,66,"[""82e1da4d-61f7-4ce8-b3ba-2444e254c070""]","[""SUCCEEDED""]",OK,
8,dev_0228,4,5_00101,6,0,60,11,11,272,289,0,17,"[""8d3887fb-47ac-40a8-89e0-03e6ae01b15d""]","[""SUCCEEDED""]",OK,
8,dev_0286,0,10_00108,12,2,275,0,8,0,78,8,78,"[""26ef068e-697c-4c4f-9c86-17e92c567daa""]","[""SUCCEEDED""]",OK,
8,dev_0286,1,11_00045,16,2,209,8,11,78,135,3,57,"[""9686fa3a-0dab-4b58-8d55-6e2276c39295""]","[""SUCCEEDED""]",OK,
8,dev_0286,2,3_00094,10,1,149,11,14,135,187,3,52,"[""24d3efb9-54b7-45e3-81e0-ce47e365a716""]","[""SUCCEEDED""]",OK,
8,dev_0286,3,8_00080,22,2,264,14,16,187,224,2,37,"[""b5197e63-d93f-4efe-b9b9-3f6e9d1c5372""]","[""SUCCEEDED""]",OK,
8,dev_0286,4,18_00104,24,2,333,16,18,224,257,2,33,"[""e35ee99f-91ca-4ca3-82db-151a5ec4805c""]","[""SUCCEEDED""]",OK,
8,dev_0286,5,6_00008,16,1,192,18,18,257,279,0,22,"[""325d73cd-0fd7-474d-931b-515d636279f2""]","[""SUCCEEDED""]",OK,
8,dev_0286,6,15_00106,18,2,264,18,20,279,328,2,49,"[""711ac59d-a0fc-4b28-8dce-a0217de22a98""]","[""SUCCEEDED""]",OK,
8,dev_0286,7,4_00114,14,1,149,20,21,328,351,1,23,"[""314e2c30-12f2-41f0-930b-10f93d37cf73""]","[""SUCCEEDED""]",OK,
8,dev_0286,8,18_00025,44,2,680,21,30,351,505,9,154,"[""4fceba05-55cb-4868-a7c1-52b7c9c68489""]","[""SUCCEEDED""]",OK,
9,dev_0025,0,12_00044,32,2,357,0,2,0,84,2,84,"[""ae128d25-8eb0-4fe4-acd8-191e6fbefd4f""]","[""SUCCEEDED""]",OK,
9,dev_0025,1,17_00020,16,3,236,3,6,113,179,3,66,"[""6b1cc298-a0ba-46ea-b48a-a835d4aba6f3""]","[""SUCCEEDED""]",OK,
9,dev_0025,2,9_00100,8,1,85,2,7,84,171,5,87,"[""ca497b16-7c10-41be-9f94-d07baf690e67""]","[""SUCCEEDED""]",OK,
9,dev_0025,3,18_00100,20,2,298,7,9,171,234,2,63,"[""fc2c1d94-92d0-49cc-bb69-8187129c1547""]","[""SUCCEEDED""]",OK,
9,dev_0025,4,9_00086,14,2,200,9,11,234,265,2,31,"[""f0bc78ca-d8c4-4e7a-a103-865fc41a13b7""]","[""SUCCEEDED""]",OK,
9,dev_0025,5,1_00064,10,1,172,11,12,265,295,1,30,"[""aaf4f605-8f11-4ca4-a074-2d90f96de06a""]","[""SUCCEEDED""]",OK,
9,dev_0025,6,2_00011,12,1,142,12,13,295,307,1,12,"[""ce99c9a3-2da8-40d3-992a-68e2e35c54b2""]","[""SUCCEEDED""]",OK,
9,dev_0025,7,4_00106,26,1,328,13,15,307,379,2,72,"[""bcb7c9c4-2762-4d98-9b25-281ead9779da""]","[""SUCCEEDED""]",OK,
9,dev_0081,0,12_00016,26,2,484,0,2,0,84,2,84,"[""bc693193-7cec-4175-a95a-efbb0965e421""]","[""SUCCEEDED""]",OK,
9,dev_0081,1,2_00049,16,1,220,2,2,84,90,0,6,"[""fd158ad3-8d4d-4509-aeb0-56f3633ab6df""]","[""SUCCEEDED""]",OK,
9,dev_0081,2,11_00110,30,2,534,2,6,90,270,4,180,"[""caa4a788-0530-46a8-a1fa-b32de8ea0bbb""]","[""SUCCEEDED""]",OK,
9,dev_0081,3,11_00059,20,1,297,6,11,270,347,5,77,"[""1f9d2bd4-764c-4f85-b379-8247ad6a8508""]","[""SUCCEEDED""]",OK,
9,dev_0081,4,10_00046,16,2,258,11,13,347,415,2,68,"[""2cf8068b-6ea3-4a6e-a246-3fdec84fbd65""]","[""SUCCEEDED""]",OK,
9,dev_0081,5,15_00109,26,2,386,14,18,298,396,4,98,"[""9f2b9d71-baa0-42ad-8c5f-48e385c0e1a7""]","[""SUCCEEDED""]",OK,
9,dev_0081,6,6_00043,16,1,280,13,15,415,501,2,86,"[""b9582622-73d1-4bd3-8a8f-0a2ddf5343e5""]","[""SUCCEEDED""]",OK,
9,dev_0081,7,20_00075,24,2,173,15,17,501,554,2,53,"[""6dcbc8a2-9e87-4755-9a64-fae26cc2a4e5""]","[""SUCCEEDED""]",OK,
9,dev_0081,8,11_00097,26,1,300,17,21,554,644,4,90,"[""35d3d78d-5b30-45f9-bcd3-90e7b8766d01""]","[""SUCCEEDED""]",OK,
9,dev_0130,0,10_00007,14,2,175,0,3,0,77,3,77,"[""89812d41-5686-422e-8332-b53f80af1c10""]","[""SUCCEEDED""]",OK,
9,dev_0130,1,7_00028,12,1,138,3,4,77,91,1,14,"[""502959f5-a952-4035-a4be-e13785a9ead6""]","[""SUCCEEDED""]",OK,
9,dev_0130,2,10_00032,14,2,206,4,7,91,140,3,49,"[""2cfb91a0-7587-4559-b9b1-97b8fd7d2f8e""]","[""SUCCEEDED""]",OK,
9,dev_0130,3,13_00118,32,1,352,7,11,140,211,4,71,"[""d3beb22b-e200-431a-86a0-f8f38b47d392""]","[""SUCCEEDED""]",OK,
9,dev_0130,4,15_00091,28,2,484,11,14,211,290,3,79,"[""a51d082a-0c8a-4f91-bfb5-edc0821493b3""]","[""SUCCEEDED""]",OK,
9,dev_0130,5,3_00086,8,1,112,14,14,290,290,0,0,"[""7eb52ad2-5e35-4d5f-8262-0d7bad054e4f""]","[""SUCCEEDED""]",OK,
9,dev_0178,0,12_00045,38,2,687,0,4,0,127,4,127,"[""91fd74a2-699c-4987-b0e8-4df8d19f8b84""]","[""SUCCEEDED""]",OK,
9,dev_0178,1,14_00031,22,2,330,4,5,127,163,1,36,"[""d1de3232-a1b2-4021-a7e7-6cc7b84dfbd4""]","[""SUCCEEDED""]",OK,
9,dev_0178,2,7_00055,16,1,247,5,6,163,205,1,42,"[""1b5c1b97-0ee9-4764-9a71-0aea4035408f""]","[""SUCCEEDED""]",OK,
9,dev_0178,3,19_00014,24,2,387,6,8,205,280,2,75,"[""5b0c95bd-c924-45d0-a96b-2e9231895da8""]","[""SUCCEEDED""]",OK,
9,dev_0178,4,11_00013,20,2,250,8,11,280,332,3,52,"[""91e93984-1d3b-477e-85df-37f809531220""]","[""SUCCEEDED""]",OK,
9,dev_0178,5,7_00009,12,1,177,11,12,332,340,1,8,"[""ee2a2942-8523-45b9-89ea-99834113a6a8""]","[""SUCCEEDED""]",OK,
9,dev_0178,6,10_00118,18,2,217,12,14,340,382,2,42,"[""f4533d13-9ab5-44ca-86c6-ffff5013657a""]","[""SUCCEEDED""]",OK,
9,dev_0178,7,5_00109,4,0,53,14,16,382,407,2,25,"[""e5030f83-acd0-4971-b0e5-701a6a9d7e12""]","[""SUCCEEDED""]",OK,
9,dev_0178,8,6_00071,16,1,227,16,17,407,460,1,53,"[""aca80268-bd99-4a95-82ba-4fe585fcd6b1""]","[""SUCCEEDED""]",OK,
9,dev_0230,0,14_00027,18,2,303,0,3,0,61,3,61,"[""f3b1e950-48d3-4d18-a438-2e6522bdeecf""]","[""SUCCEEDED""]",OK,
9,dev_0230,1,10_00056,16,2,254,3,10,61,142,7,81,"[""916033b9-f3d1-41bc-91fa-272439ae6f64""]","[""SUCCEEDED""]",OK,
9,dev_0230,2,4_00066,16,1,197,10,13,142,191,3,49,"[""edf23a4f-e5bb-4ff5-91e5-4891e7c1748c""]","[""SUCCEEDED""]",OK,
9,dev_0230,3,5_00076,8,0,105,13,14,191,220,1,29,"[""4a7ceeb5-dfe3-4841-9203-0952729e512e""]","[""SUCCEEDED""]",OK,
9,dev_0230,4,10_00000,18,2,256,14,16,220,268,2,48,"[""5255dc32-be82-4fe5-87af-dee9f7c299f3""]","[""SUCCEEDED""]",OK,
9,dev_0230,5,8_00096,22,2,328,16,18,268,331,2,63,"[""72f7ca76-1951-44e8-848e-ab5236ebb04c""]","[""SUCCEEDED""]",OK,
9,dev_0230,6,19_00050,26,2,373,18,23,331,472,5,141,"[""f53c384d-73d0-46ac-81e0-b8aa156a656a""]","[""SUCCEEDED""]",OK,
9,dev_0230,7,9_00049,28,2,404,23,31,472,589,8,117,"[""03e89ac8-2929-4d52-b11c-74297e71b4b8""]","[""SUCCEEDED""]",OK,
9,dev_0230,8,14_00116,26,3,424,31,34,589,717,3,128,"[""1fe7ebd9-6149-490c-9c27-1da6bed525ea""]","[""SUCCEEDED""]",OK,
9,dev_0230,9,19_00086,28,2,312,34,39,717,879,5,162,"[""7d30bcf5-edfc-4650-bc0b-2afcf6d33323""]","[""SUCCEEDED""]",OK,
9,dev_0290,0,9_00021,24,2,317,0,3,0,49,3,49,"[""932b662f-8bc9-4acc-8dc5-0b9d168060b9""]","[""SUCCEEDED""]",OK,
9,dev_0290,1,11_00061,24,1,425,3,6,49,121,3,72,"[""a332b7f3-ec34-4830-b092-b51cacc8cbbe""]","[""SUCCEEDED""]",OK,
9,dev_0290,2,17_00103,40,4,619,6,14,121,256,8,135,"[""383e21a8-e1dc-4a12-9087-cafd1bd2cb8f""]","[""SUCCEEDED""]",OK,
9,dev_0290,3,9_00030,18,2,275,14,16,256,315,2,59,"[""0e32ad02-86c7-4898-b417-7e169bc86001""]","[""SUCCEEDED""]",OK,
9,dev_0290,4,10_00085,12,1,155,16,17,315,353,1,38,"[""b3940634-4512-418a-88ca-c0628e3edac5""]","[""SUCCEEDED""]",OK,
10,dev_0027,0,19_00068,22,2,191,0,2,0,104,2,104,"[""b9e7d666-caac-4425-ad78-b67c191183c2""]","[""SUCCEEDED""]",OK,
10,dev_0027,1,7_00052,16,1,221,2,3,104,154,1,50,"[""39c395d4-55a2-476d-8624-bc4fb35ec00f""]","[""SUCCEEDED""]",OK,
10,dev_0027,2,1_00124,14,1,144,3,4,154,169,1,15,"[""3de4d8f9-4560-4600-a486-5c808f710c90""]","[""SUCCEEDED""]",OK,
10,dev_0027,3,7_00049,10,1,160,4,6,169,208,2,39,"[""8a156f3a-c26d-4e4e-a6c8-63e0260707f4""]","[""SUCCEEDED""]",OK,
10,dev_0027,4,1_00014,12,1,161,6,8,208,237,2,29,"[""405aa7e5-c585-481c-8311-1ad7706ab4cd""]","[""SUCCEEDED""]",OK,
10,dev_0027,5,2_00064,22,1,297,8,9,237,276,1,39,"[""ef443176-ec94-4547-9a10-fdee0fd7bcbc""]","[""SUCCEEDED""]",OK,
10,dev_0027,6,3_00076,10,1,152,9,11,276,313,2,37,"[""65cb3456-b73a-4ccf-86e1-c0398bf3f5a6""]","[""SUCCEEDED""]",OK,
10,dev_0082,0,18_00093,20,2,260,0,4,0,72,4,72,"[""2cc94b44-a3ff-4269-aa73-101c9fd9dc48""]","[""SUCCEEDED""]",OK,
10,dev_0082,1,5_00107,6,0,47,4,5,72,83,1,11,"[""2676f976-463b-49b7-8263-59d2c37a4e4d""]","[""SUCCEEDED""]",OK,
10,dev_0082,2,4_00010,10,1,123,5,7,83,110,2,27,"[""21657c5a-b7b5-4e7d-9807-33bc4a680858""]","[""SUCCEEDED""]",OK,
10,dev_0082,3,6_00007,10,1,116,7,8,110,121,1,11,"[""5f223280-10cc-44f4-b954-dc5e3f4e07f5""]","[""SUCCEEDED""]",OK,
10,dev_0082,4,17_00077,34,4,607,8,17,121,279,9,158,"[""6afe1dbd-4cc5-4a65-a468-88daef543d85""]","[""SUCCEEDED""]",OK,
10,dev_0082,5,17_00057,24,3,297,17,20,279,354,3,75,"[""00c96d40-4421-4e8c-b03b-15224327b62d""]","[""SUCCEEDED""]",OK,
10,dev_0082,6,1_00070,12,1,196,20,21,354,383,1,29,"[""ec9ea6a3-e48c-4ea1-a073-79996397e464""]","[""SUCCEEDED""]",OK,
10,dev_0082,7,17_00049,22,3,338,21,26,383,455,5,72,"[""1a299660-0ef0-4993-998d-81ad12cfa78c""]","[""SUCCEEDED""]",OK,
10,dev_0082,8,15_00037,22,2,339,26,28,455,523,2,68,"[""0ecf5e3e-46d7-4e94-b158-5274a97e8df7""]","[""SUCCEEDED""]",OK,
10,dev_0131,0,13_00095,28,1,341,0,4,0,87,4,87,"[""7ec57050-d2fb-44c2-839f-d33d5c7ce169""]","[""SUCCEEDED""]",OK,
10,dev_0131,1,1_00080,16,1,325,4,5,87,131,1,44,"[""d464cb5b-e504-472b-85b2-b2e33a5005be""]","[""SUCCEEDED""]",OK,
10,dev_0131,2,2_00076,18,1,274,5,6,131,174,1,43,"[""29c37cb7-ccc4-48ca-a02c-58c434bcbd82""]","[""SUCCEEDED""]",OK,
10,dev_0131,3,15_00115,24,2,404,6,8,174,243,2,69,"[""87a8c821-7723-4e69-8ffe-d825ae18bf26""]","[""SUCCEEDED""]",OK,
10,dev_0131,4,9_00114,8,2,174,8,9,243,274,1,31,"[""ae810539-e75a-4075-913d-79be568be400""]","[""SUCCEEDED""]",OK,
10,dev_0131,5,12_00095,20,2,258,9,11,274,315,2,41,"[""6612f0b7-0300-4927-bcee-00dd21cd3e2d""]","[""SUCCEEDED""]",OK,
10,dev_0131,6,13_00106,16,1,296,11,15,315,374,4,59,"[""6ba72007-77bb-4ea1-bcff-63a4e64926f2""]","[""SUCCEEDED""]",OK,
10,dev_0131,7,3_00059,20,0,305,15,19,374,463,4,89,"[""9b2ea243-8cf4-4e7d-8058-c1904605bf96""]","[""SUCCEEDED""]",OK,
10,dev_0179,0,7_00050,14,1,181,0,1,0,40,1,40,"[""9e7f95be-fd4c-4586-bdba-0996632cb57e""]","[""SUCCEEDED""]",OK,
10,dev_0179,1,14_00106,22,3,382,1,4,40,119,3,79,"[""8837a6b4-3cb9-4137-a9cd-e6a3769c8f43""]","[""SUCCEEDED""]",OK,
10,dev_0179,2,13_00046,18,3,461,4,7,119,200,3,81,"[""01f34bf7-ff8e-4ce6-a479-7e8f50b0d9ff""]","[""SUCCEEDED""]",OK,
10,dev_0179,3,6_00055,24,1,343,7,10,200,300,3,100,"[""de810dcf-3696-47bb-bc8e-bdf759670059""]","[""SUCCEEDED""]",OK,
10,dev_0179,4,17_00007,20,3,282,10,13,300,351,3,51,"[""59b2ea5e-4594-4d36-a108-3343569c885d""]","[""SUCCEEDED""]",OK,
10,dev_0179,5,1_00003,12,1,196,13,14,351,382,1,31,"[""832524f9-e43d-498f-b1b5-2398bbe03a0b""]","[""SUCCEEDED""]",OK,
10,dev_0179,6,11_00070,16,1,299,14,15,382,416,1,34,"[""6aa87753-c2d2-42e3-9b03-e7bb7c6cf6f6""]","[""SUCCEEDED""]",OK,
10,dev_0179,7,10_00101,18,2,206,15,17,416,461,2,45,"[""1a97df49-c58b-45c6-a0df-f4a0ffc4e758""]","[""SUCCEEDED""]",OK,
10,dev_0179,8,5_00086,10,1,146,17,18,461,476,1,15,"[""b899d77c-b04e-4ba5-8eb6-ff079b3f6f55""]","[""SUCCEEDED""]",OK,
10,dev_0179,9,1_00092,16,1,309,18,21,476,602,3,126,"[""fc8c8610-b389-43bf-b49a-6324e05706ab""]","[""SUCCEEDED""]",OK,
10,dev_0231,0,18_00112,18,2,338,0,2,0,69,2,69,"[""11dcd8ab-4d07-499b-a0a3-8ca4e76b9cb0""]","[""SUCCEEDED""]",OK,
10,dev_0231,1,20_00031,30,3,465,2,9,69,174,7,105,"[""3fdd1117-2e2c-4502-a4bd-ec8564b79226""]","[""SUCCEEDED""]",OK,
10,dev_0231,2,11_00118,32,2,483,9,13,174,271,4,97,"[""8beb0fff-098e-4a1a-a36d-c0a3cb145cf0""]","[""SUCCEEDED""]",OK,
10,dev_0231,3,11_00023,18,2,249,13,13,271,271,0,0,"[""56400c6a-1794-41d4-aa60-a0668e5ae8e5""]","[""SUCCEEDED""]",OK,
10,dev_0231,4,2_00006,12,1,141,13,14,271,288,1,17,"[""84042167-0145-4158-b766-4dc13a47490c""]","[""SUCCEEDED""]",OK,
10,dev_0231,5,4_00013,10,1,183,14,16,288,338,2,50,"[""d07c5439-7e1f-48f7-946b-bd49b9f1d52f""]","[""SUCCEEDED""]",OK,
10,dev_0291,0,3_00124,8,1,165,0,1,0,50,1,50,"[""e02c329e-aa59-4618-bd2a-cca7f617c770""]","[""SUCCEEDED""]",OK,
10,dev_0291,1,4_00008,8,1,258,1,4,50,101,3,51,"[""71902b1b-a269-4a9a-a75c-78fa3028d5fd""]","[""SUCCEEDED""]",OK,
10,dev_0291,2,7_00010,16,1,276,4,5,101,123,1,22,"[""f4e80a4a-c83a-4d25-8fae-73ba091869a0""]","[""SUCCEEDED""]",OK,
10,dev_0291,3,12_00010,30,2,501,5,6,123,222,1,99,"[""8df4e5e5-8eac-4342-a1d4-f1f248c9f4b2""]","[""SUCCEEDED""]",OK,
10,dev_0291,4,6_00092,16,1,240,6,8,222,245,2,23,"[""768b6257-3c34-479a-9150-2c705759f091""]","[""SUCCEEDED""]",OK,
11,dev_0028,0,2_00037,14,1,195,0,3,0,58,3,58,"[""33d71b14-7819-41d8-b5a7-c713b39a7aeb""]","[""SUCCEEDED""]",OK,
11,dev_0028,1,14_00098,20,2,275,3,6,58,118,3,60,"[""fe9a1248-5599-43ad-8f01-0a19c1f0ea9e""]","[""SUCCEEDED""]",OK,
11,dev_0028,2,8_00059,16,2,236,6,8,118,177,2,59,"[""6118f51b-5272-460f-bbbc-b1720314a127""]","[""SUCCEEDED""]",OK,
11,dev_0028,3,10_00123,26,2,239,8,10,177,250,2,73,"[""b8dcd82f-39db-4389-b619-b9a1289a0bbe""]","[""SUCCEEDED""]",OK,
11,dev_0028,4,14_00024,30,2,488,10,12,250,316,2,66,"[""4f3e940b-40e0-4aa0-a82a-0cab1ac1832d""]","[""SUCCEEDED""]",OK,
11,dev_0028,5,10_00110,18,2,222,12,14,316,378,2,62,"[""1f538b1f-f379-44fa-90bc-c8c355693198""]","[""SUCCEEDED""]",OK,
11,dev_0028,6,1_00027,14,1,231,14,16,378,431,2,53,"[""d1aeec9a-25e8-44c1-b718-02fe22ac4b97""]","[""SUCCEEDED""]",OK,
11,dev_0028,7,16_00038,36,3,454,16,19,431,514,3,83,"[""1e45016c-8240-4f83-bf5f-38fb61efa83b""]","[""SUCCEEDED""]",OK,
11,dev_0028,8,1_00013,12,1,219,19,20,514,559,1,45,"[""38230d51-24a0-41f7-a26b-2a224b04abb6""]","[""SUCCEEDED""]",OK,
11,dev_0083,0,6_00048,24,1,338,0,4,0,79,4,79,"[""3b684e32-9b18-4d91-90b9-e4f957ba123b""]","[""SUCCEEDED""]",OK,
11,dev_0083,1,16_00043,22,2,389,4,9,79,189,5,110,"[""e492dda6-ffe3-4af7-a590-b02ba1f2c039""]","[""SUCCEEDED""]",OK,
11,dev_0083,2,16_00096,14,2,205,9,12,189,233,3,44,"[""fefcaa4e-65ec-4405-89a3-58e39e9c432c""]","[""SUCCEEDED""]",OK,
11,dev_0083,3,17_00102,28,4,492,12,17,233,362,5,129,"[""cdecdb6a-ee61-49cd-9fb1-8bbb64469c3d""]","[""SUCCEEDED""]",OK,
11,dev_0083,4,1_00055,6,1,132,17,18,362,387,1,25,"[""d8a4cba1-38b9-4ddf-b381-43420cdbe5bf""]","[""SUCCEEDED""]",OK,
11,dev_0083,5,18_00002,46,2,606,18,21,387,492,3,105,"[""6f08ec65-c1b2-4de5-bd0d-9c3ad6f91235""]","[""SUCCEEDED""]",OK,
11,dev_0083,6,13_00010,10,2,118,21,23,492,531,2,39,"[""194b44e1-45bd-48a4-bad3-57e863dec009""]","[""SUCCEEDED""]",OK,
11,dev_0132,0,12_00030,24,2,409,0,3,0,82,3,82,"[""19c50852-d2f3-4a13-90b0-7fb461adea65""]","[""SUCCEEDED""]",OK,
11,dev_0132,1,9_00096,14,1,233,3,9,82,167,6,85,"[""b2057ffe-437e-4cac-891c-96a12ce84d75""]","[""SUCCEEDED""]",OK,
11,dev_0132,2,13_00113,28,1,391,9,13,167,264,4,97,"[""c5429ff7-1c75-4149-9862-90abeca5cc5f""]","[""SUCCEEDED""]",OK,
11,dev_0132,3,12_00125,8,2,152,13,14,264,291,1,27,"[""42af113c-2511-49f8-a81c-32cba43db70c""]","[""SUCCEEDED""]",OK,
11,dev_0132,4,20_00057,20,3,377,14,18,291,364,4,73,"[""176ea83a-4789-4a2e-8e32-d48ac7ac1bbe""]","[""SUCCEEDED""]",OK,
11,dev_0132,5,5_00042,8,1,93,18,19,364,391,1,27,"[""93f0add7-9bd3-4e51-83d9-eac4bb6929ba""]","[""SUCCEEDED""]",OK,
11,dev_0132,6,13_00096,24,1,399,19,21,391,461,2,70,"[""1926bdf1-817d-41a8-81fb-4144464ec67b""]","[""SUCCEEDED""]",OK,
11,dev_0132,7,10_00010,20,2,243,21,23,461,529,2,68,"[""45e2b613-553f-4d33-b8e4-d083b4279c5a""]","[""SUCCEEDED""]",OK,
11,dev_0132,8,13_00121,24,1,442,23,26,529,630,3,101,"[""65fd166e-3484-4865-be72-2cc5ce3d7026""]","[""SUCCEEDED""]",OK,
11,dev_0132,9,4_00016,10,1,140,26,28,630,675,2,45,"[""b61c0511-7a92-49cc-b473-aa3dcdf9f5b0""]","[""SUCCEEDED""]",OK,
11,dev_0180,0,15_00125,26,3,443,0,4,0,70,4,70,"[""50abafb8-2138-4518-a69a-e697e60185bc""]","[""SUCCEEDED""]",OK,
11,dev_0180,1,8_00066,22,2,326,4,7,70,173,3,103,"[""7fe69a83-e855-4041-8e89-8f12c2142ca1""]","[""SUCCEEDED""]",OK,
11,dev_0180,2,17_00014,18,3,329,7,10,173,244,3,71,"[""fe516bdc-fdd4-46f0-b737-b3ba1afcf6db""]","[""SUCCEEDED""]",OK,
11,dev_0180,3,1_00108,16,1,228,10,12,244,339,2,95,"[""87056385-b015-41d0-b8f9-18bae24e79ef""]","[""SUCCEEDED""]",OK,
11,dev_0180,4,14_00007,28,2,314,12,17,339,458,5,119,"[""9534b3d2-2543-45ac-9ba9-a09bcadb2625""]","[""SUCCEEDED""]",OK,
11,dev_0233,0,17_00121,30,2,393,0,3,0,83,3,83,"[""144d624c-b829-454a-a04b-079797c06808""]","[""SUCCEEDED""]",OK,
11,dev_0233,1,3_00048,24,0,248,3,7,83,157,4,74,"[""eb88cbe3-36ec-4e54-96e7-e8ba11f46e08""]","[""SUCCEEDED""]",OK,
11,dev_0233,2,14_00029,26,2,389,7,14,157,261,7,104,"[""28b13c00-bc19-4262-8a90-b6dc0622f066""]","[""SUCCEEDED""]",OK,
11,dev_0233,3,12_00051,20,2,318,14,16,261,332,2,71,"[""1b6a18b7-c962-4c1b-9a5a-56cc916c8eee""]","[""SUCCEEDED""]",OK,
11,dev_0233,4,12_00094,20,2,315,16,18,332,399,2,67,"[""5de69683-b2cb-487f-ab88-c39010e5d72b""]","[""SUCCEEDED""]",OK,
11,dev_0233,5,1_00075,10,1,224,18,19,399,438,1,39,"[""472724d5-c055-4111-a234-69655621c9a1""]","[""SUCCEEDED""]",OK,
11,dev_0292,0,17_00110,32,2,642,0,5,0,122,5,122,"[""498a3397-2558-465b-b1d2-1e7074b4a3f4""]","[""SUCCEEDED""]",OK,
11,dev_0292,1,4_00038,20,1,353,5,12,122,211,7,89,"[""0c7156c8-e0f4-4df7-8182-66b789e3dd01""]","[""SUCCEEDED""]",OK,
11,dev_0292,2,6_00056,16,1,212,12,13,211,240,1,29,"[""0dfc040e-77b0-4c3f-8c69-4ffeca6d18f7""]","[""SUCCEEDED""]",OK,
11,dev_0292,3,18_00035,26,3,361,13,19,240,315,6,75,"[""4d178151-d900-4b2c-aec3-41166daf1c5a""]","[""SUCCEEDED""]",OK,
11,dev_0292,4,6_00068,18,1,268,19,20,315,373,1,58,"[""c85717ba-24d4-4c73-b46f-44627df25d78""]","[""SUCCEEDED""]",OK,
11,dev_0292,5,16_00007,34,3,570,20,25,373,511,5,138,"[""65683f26-49e9-4588-8b22-9b2fe5a4631b""]","[""SUCCEEDED""]",OK,
11,dev_0292,6,5_00025,8,1,83,25,26,511,531,1,20,"[""4d75773f-daf5-47bf-abba-c631ea56aa9e""]","[""SUCCEEDED""]",OK,
11,dev_0292,7,13_00052,22,3,300,26,29,531,617,3,86,"[""d84aa7e6-4d40-4c35-b793-ab908ad5da8e""]","[""SUCCEEDED""]",OK,
11,dev_0292,8,16_00025,22,3,328,29,31,617,682,2,65,"[""2f51c17e-a896-4753-94b1-b578141f2354""]","[""SUCCEEDED""]",OK,
12,dev_0029,0,12_00006,28,2,394,0,2,0,108,2,108,"[""8e876e2d-23d5-4c52-ad34-f6b3a61815ed""]","[""SUCCEEDED""]",OK,
12,dev_0029,1,2_00013,12,1,150,2,3,108,123,1,15,"[""3cb8cedd-7b1c-4e67-ba12-13af05c55532""]","[""SUCCEEDED""]",OK,
12,dev_0029,2,9_00009,22,2,261,3,6,123,174,3,51,"[""c19121e4-109c-409a-8ec6-1d9f13b4d1ef""]","[""SUCCEEDED""]",OK,
12,dev_0029,3,8_00084,20,2,303,6,8,174,241,2,67,"[""1e466c9b-f8f1-4885-8872-0c9e3bfa2610""]","[""SUCCEEDED""]",OK,
12,dev_0029,4,17_00065,34,4,612,8,14,241,425,6,184,"[""be6464fc-c1ec-4925-b1ac-8c1ea7d16729""]","[""SUCCEEDED""]",OK,
12,dev_0029,5,14_00044,14,2,294,14,16,425,488,2,63,"[""6861c75e-37c8-4a16-88c3-3fd02cf9c83b""]","[""SUCCEEDED""]",OK,
12,dev_0029,6,5_00023,6,1,111,16,16,488,499,0,11,"[""7ddb3d86-ea82-4f6d-9cb0-76ae5afc6314""]","[""SUCCEEDED""]",OK,
12,dev_0029,7,12_00000,26,2,445,16,16,499,495,0,-4,"[""1978e5ab-35ce-4b6d-879c-3367f61af8f8""]","[""SUCCEEDED""]",OK,
12,dev_0084,0,11_00127,24,2,522,0,3,0,98,3,98,"[""d0c29695-e8a4-48ea-8073-6f973c45784a""]","[""SUCCEEDED""]",OK,
12,dev_0084,1,6_00034,14,1,218,3,4,98,128,1,30,"[""1e74e682-3540-4a60-9b7f-31c1a8bd4376""]","[""SUCCEEDED""]",OK,
12,dev_0084,2,3_00084,10,1,133,4,5,128,145,1,17,"[""72a0686f-877e-428a-9d8d-68793c4da91e""]","[""SUCCEEDED""]",OK,
12,dev_0084,3,6_00001,16,1,173,5,9,145,202,4,57,"[""23a61563-6a56-436b-8ad9-f9602d38c665""]","[""SUCCEEDED""]",OK,
12,dev_0084,4,18_00083,24,2,396,9,14,202,318,5,116,"[""fc1246c7-b984-4ed0-b091-aede63353dc2""]","[""SUCCEEDED""]",OK,
12,dev_0084,5,14_00115,20,3,366,14,16,318,428,2,110,"[""8ae5a8c2-282c-4461-bf21-7f56e26649da""]","[""SUCCEEDED""]",OK,
12,dev_0084,6,17_00095,40,4,623,16,21,428,548,5,120,"[""aa09838b-b50c-4c92-82c6-16085affcdd1""]","[""SUCCEEDED""]",OK,
12,dev_0133,0,18_00070,16,2,277,0,4,0,62,4,62,"[""89559055-b3ba-4a4b-9ef0-a2c086d8ab76""]","[""SUCCEEDED""]",OK,
12,dev_0133,1,11_00051,22,2,245,4,7,62,108,3,46,"[""f121c170-3001-470b-9ff8-f78fc541e129""]","[""SUCCEEDED""]",OK,
12,dev_0133,2,16_00005,22,3,413,7,10,108,195,3,87,"[""c6f4b3db-f4e8-4940-b830-e7b6e5644cb6""]","[""SUCCEEDED""]",OK,
12,dev_0133,3,20_00013,26,2,366,10,14,195,256,4,61,"[""b1f09f18-34a0-41ee-9963-1d4a37b4e5f5""]","[""SUCCEEDED""]",OK,
12,dev_0133,4,1_00002,10,1,159,14,16,256,295,2,39,"[""322cf14b-54e3-467d-bef1-ec95ab259b5a""]","[""SUCCEEDED""]",OK,
12,dev_0133,5,16_00108,14,2,166,16,18,295,327,2,32,"[""5bf995ee-290c-45c9-965d-92598c54bb80""]","[""SUCCEEDED""]",OK,
12,dev_0133,6,6_00063,20,1,274,18,19,327,375,1,48,"[""6ba73a31-039d-40e2-86e9-8197ea2b1181""]","[""SUCCEEDED""]",OK,
12,dev_0181,0,19_00006,22,2,302,0,2,0,60,2,60,"[""9287c1ae-9520-4446-9eca-f33a9672a0df""]","[""SUCCEEDED""]",OK,
12,dev_0181,1,3_00039,16,0,180,2,6,60,137,4,77,"[""d6fecc3c-fe64-41f2-9c87-284a13d8c86e""]","[""SUCCEEDED""]",OK,
12,dev_0181,2,7_00002,16,1,222,6,11,137,227,5,90,"[""3c76d539-3840-4b9a-8fac-cf2aeacae693""]","[""SUCCEEDED""]",OK,
12,dev_0181,3,13_00068,18,3,349,11,14,227,307,3,80,"[""bf3266f2-2f2d-4012-914d-52f7e05e9fdb""]","[""SUCCEEDED""]",OK,
12,dev_0181,4,17_00071,30,4,460,14,20,307,416,6,109,"[""c76929a5-d216-4a69-876f-3312c5d95662""]","[""SUCCEEDED""]",OK,
12,dev_0181,5,2_00067,16,1,343,20,20,416,438,0,22,"[""0d9e4e31-1502-444f-8266-2b819b3536c9""]","[""SUCCEEDED""]",OK,
12,dev_0181,6,11_00086,18,1,232,20,24,438,518,4,80,"[""a33dc7a1-ccdd-42ed-8883-fab1d3d653db""]","[""SUCCEEDED""]",OK,
12,dev_0234,0,19_00099,22,2,334,0,3,0,72,3,72,"[""e14ce728-599b-4ecc-a5f3-035de1e2e7b4""]","[""SUCCEEDED""]",OK,
12,dev_0234,1,10_00073,18,2,239,3,6,72,112,3,40,"[""faff2a9e-59af-4160-ab08-a6078e9d65c0""]","[""SUCCEEDED""]",OK,
12,dev_0234,2,17_00088,36,4,532,6,10,112,219,4,107,"[""0b5c6143-c793-4c06-9ca2-ba143f9204a8""]","[""SUCCEEDED""]",OK,
12,dev_0234,3,19_00094,24,2,295,10,15,219,303,5,84,"[""a10cdc89-f980-4e11-b14b-246d3b8803d9""]","[""SUCCEEDED""]",OK,
12,dev_0234,4,8_00057,22,2,297,15,18,303,358,3,55,"[""41625f1c-7065-45c8-b896-318a66d34b38""]","[""SUCCEEDED""]",OK,
12,dev_0234,5,14_00068,22,2,298,18,20,358,434,2,76,"[""3bf85810-85f0-4df9-a719-ae2bc8487e94""]","[""SUCCEEDED""]",OK,
12,dev_0293,0,5_00018,14,1,143,0,2,0,66,2,66,"[""c2b0621f-b684-4f23-a708-b75fe5891855""]","[""SUCCEEDED""]",OK,
12,dev_0293,1,4_00082,18,1,245,2,5,66,122,3,56,"[""3cebc986-094c-4b54-adf9-67b158e62d77""]","[""SUCCEEDED""]",OK,
12,dev_0293,2,3_00066,16,0,224,5,9,122,215,4,93,"[""161b7a4a-5ca3-4220-85ac-ab2cccbfa570""]","[""SUCCEEDED""]",OK,
12,dev_0293,3,1_00033,12,1,171,9,10,215,241,1,26,"[""257066b8-d542-42f9-8235-9fb3c4060074""]","[""SUCCEEDED""]",OK,
12,dev_0293,4,15_00120,30,3,423,10,12,241,297,2,56,"[""032d2fda-141e-4a32-b98a-abb0dd361603""]","[""SUCCEEDED""]",OK,
12,dev_0293,5,8_00100,18,2,248,18,20,361,409,2,48,"[""bd6d6325-85b4-4278-a006-a61bf1617af6""]","[""SUCCEEDED""]",OK,
13,dev_0030,0,2_00104,16,1,180,0,1,0,23,1,23,"[""1fba38ec-9c18-436a-b561-7320af0d4a5e""]","[""SUCCEEDED""]",OK,
13,dev_0030,1,1_00024,12,1,201,1,2,23,64,1,41,"[""f94fa3e3-c11f-4386-a097-0af076b9a899""]","[""SUCCEEDED""]",OK,
13,dev_0030,2,8_00016,26,2,426,2,3,64,100,1,36,"[""63b6d457-adb8-4ec7-acc8-5812b099c322""]","[""SUCCEEDED""]",OK,
13,dev_0030,3,6_00122,22,1,318,3,4,100,131,1,31,"[""66a0061d-eb0e-4744-b227-da2ad02d3c54""]","[""SUCCEEDED""]",OK,
13,dev_0030,4,8_00125,20,2,311,4,7,131,190,3,59,"[""08ca6684-4c4f-48be-94e8-93619359ee94""]","[""SUCCEEDED""]",OK,
13,dev_0030,5,14_00110,32,3,454,7,10,190,279,3,89,"[""ef9defa7-ee90-457c-b88a-7e6c5c8e06d7""]","[""SUCCEEDED""]",OK,
13,dev_0030,6,9_00078,14,1,222,10,14,279,328,4,49,"[""763dfc5b-15f0-49f4-a20d-94dc539580d4""]","[""SUCCEEDED""]",OK,
13,dev_0030,7,14_00032,20,2,238,14,16,328,374,2,46,"[""e488901a-23c6-43c0-94a2-88df46554da7""]","[""SUCCEEDED""]",OK,
13,dev_0030,8,4_00060,18,1,344,16,19,374,486,3,112,"[""7d9e1bc6-6f40-47ab-854a-e83793e54bcb""]","[""SUCCEEDED""]",OK,
13,dev_0030,9,4_00046,12,1,182,19,20,486,513,1,27,"[""0a57efd3-63c9-43ef-a31f-aa285bd912be""]","[""SUCCEEDED""]",OK,
13,dev_0085,0,4_00085,18,1,266,0,3,0,40,3,40,"[""61869c91-2e8d-49cf-8d00-6959c625b627""]","[""SUCCEEDED""]",OK,
13,dev_0085,1,9_00059,28,2,508,3,7,40,153,4,113,"[""f2f85135-17bc-4750-ab1c-c9405ef4621a""]","[""SUCCEEDED""]",OK,
13,dev_0085,2,2_00082,16,1,219,7,11,153,248,4,95,"[""08c63bb9-2b26-47db-b9e1-1b667df7a6cb""]","[""SUCCEEDED""]",OK,
13,dev_0085,3,15_00072,20,2,356,11,14,248,325,3,77,"[""f25b5713-60dd-41f6-a675-cd9e926d68a7""]","[""SUCCEEDED""]",OK,
13,dev_0085,4,11_00020,22,2,253,14,19,325,394,5,69,"[""ece20d0c-810d-400d-b931-cd5b0c82c880""]","[""SUCCEEDED""]",OK,
13,dev_0085,5,16_00045,18,2,323,19,23,394,487,4,93,"[""aad7697d-f113-4942-83bc-52e9aee32d7b""]","[""SUCCEEDED""]",OK,
13,dev_0085,6,12_00089,18,2,256,23,25,487,547,2,60,"[""d1b6a67a-0708-4f02-a2ce-5aa3ad8afc6e""]","[""SUCCEEDED""]",OK,
13,dev_0134,0,2_00029,12,1,278,0,1,0,12,1,12,"[""7981a365-acf6-4c71-9f57-4292dec25543""]","[""SUCCEEDED""]",OK,
13,dev_0134,1,17_00111,36,2,507,1,4,12,118,3,106,"[""4c5bc793-1ef3-4633-8953-376c318c0e70""]","[""SUCCEEDED""]",OK,
13,dev_0134,2,5_00003,16,1,139,4,5,118,134,1,16,"[""c06c6400-a71c-42c0-8283-faff323c1701""]","[""SUCCEEDED""]",OK,
13,dev_0134,3,6_00010,12,1,136,5,6,134,171,1,37,"[""be3f1455-14eb-41a1-b0e6-ba48d64369ef""]","[""SUCCEEDED""]",OK,
13,dev_0134,4,11_00047,22,2,262,6,9,171,207,3,36,"[""e6fe6a84-92cd-4d63-b91f-92a2c8ad25a2""]","[""SUCCEEDED""]",OK,
13,dev_0134,5,19_00070,26,2,312,9,15,207,327,6,120,"[""b315ef72-111e-4f5f-b6e4-4d2ed6659432""]","[""SUCCEEDED""]",OK,
13,dev_0134,6,9_00080,12,2,192,15,18,327,367,3,40,"[""f34953c9-2888-4844-ad5b-98d402fc32d9""]","[""SUCCEEDED""]",OK,
13,dev_0134,7,12_00082,22,2,298,18,20,367,412,2,45,"[""f64622c4-eddd-4460-93b1-68d2e2250369""]","[""SUCCEEDED""]",OK,
13,dev_0182,0,14_00127,32,3,542,0,3,0,152,3,152,"[""074af5ee-b16b-4472-a349-8f1a49a69a8c""]","[""SUCCEEDED""]",OK,
13,dev_0182,1,2_00052,20,1,286,3,3,152,147,0,-5,"[""fc5a2ca1-b521-4251-aed5-91eefdeb8244""]","[""SUCCEEDED""]",OK,
13,dev_0182,2,3_00046,18,0,287,3,4,147,184,1,37,"[""cac52592-5060-492d-bfff-7fab920aacfb""]","[""SUCCEEDED""]",OK,
13,dev_0182,3,13_00019,14,2,201,4,6,184,214,2,30,"[""5feabd06-221b-41ba-89d5-817487b1e93f""]","[""SUCCEEDED""]",OK,
13,dev_0182,4,14_00015,28,2,342,6,7,214,243,1,29,"[""f5fa9d07-7896-486d-836b-d90ae50fcc48""]","[""SUCCEEDED""]",OK,
13,dev_0182,5,9_00045,18,2,336,7,10,243,308,3,65,"[""7a097e7c-9d45-405b-9f3f-8f79e28cf41e""]","[""SUCCEEDED""]",OK,
13,dev_0236,0,9_00084,12,2,215,0,4,0,83,4,83,"[""8e459684-3bc2-4549-86e7-78c629dbba7f""]","[""SUCCEEDED""]",OK,
13,dev_0236,1,2_00053,14,1,201,4,5,83,117,1,34,"[""923c2e8a-757d-44da-b053-b4e8ca0f5db3""]","[""SUCCEEDED""]",OK,
13,dev_0236,2,13_00091,20,1,453,5,8,117,209,3,92,"[""5e6f0812-9a87-4aaf-b7a5-7975b174b205""]","[""SUCCEEDED""]",OK,
13,dev_0236,3,1_00096,14,1,327,8,9,209,266,1,57,"[""95b206e5-d851-474c-8ba9-aa0173510ecd""]","[""SUCCEEDED""]",OK,
13,dev_0236,4,11_00057,20,1,340,9,12,266,322,3,56,"[""399b15de-84d5-477f-828d-6f9fd6521914""]","[""SUCCEEDED""]",OK,
13,dev_0236,5,7_00038,24,1,317,12,16,322,451,4,129,"[""44187708-822c-454c-b2a2-258aa4a48e30""]","[""SUCCEEDED""]",OK,
13,dev_0236,6,6_00106,14,1,162,16,18,451,499,2,48,"[""02f0de78-fd0a-4e65-b11e-79ca6140043b""]","[""SUCCEEDED""]",OK,
13,dev_0236,7,3_00051,22,0,279,18,20,499,583,2,84,"[""fddb9fc1-2548-4d96-a8ef-309eb1a894d8""]","[""SUCCEEDED""]",OK,
13,dev_0294,0,13_00057,22,3,348,0,3,0,81,3,81,"[""c732ce7e-05f8-4c7b-8f33-936c7d7a842f""]","[""SUCCEEDED""]",OK,
13,dev_0294,1,20_00004,22,2,303,3,5,81,143,2,62,"[""fa8108aa-e3ee-4b3b-898f-3f9d77fcb716""]","[""SUCCEEDED""]",OK,
13,dev_0294,2,4_00126,16,1,192,5,7,143,178,2,35,"[""34676d5a-2799-401c-a925-e6bf1e835755""]","[""SUCCEEDED""]",OK,
13,dev_0294,3,3_00065,18,0,293,7,10,178,237,3,59,"[""383bc0e9-77f7-41e8-9b91-28c3960d08b3""]","[""SUCCEEDED""]",OK,
13,dev_0294,4,14_00000,26,1,272,10,15,237,329,5,92,"[""9747c384-7eba-48e2-a105-c3ea4c9f4e40""]","[""SUCCEEDED""]",OK,
13,dev_0294,5,16_00125,16,2,214,15,18,329,381,3,52,"[""e2503938-caf0-4bfa-8167-d963f95c2bc2""]","[""SUCCEEDED""]",OK,
14,dev_0031,0,9_00067,20,2,428,0,6,0,136,6,136,"[""f3fac101-edd8-4137-bfff-906f86c40256""]","[""SUCCEEDED""]",OK,
14,dev_0031,1,6_00091,18,1,202,6,7,136,164,1,28,"[""6bd67a87-07a4-48ff-b3d5-9a91755fea63""]","[""SUCCEEDED""]",OK,
14,dev_0031,2,17_00040,24,3,344,7,12,164,259,5,95,"[""8b5fdc63-9f29-4259-9dfb-b4f2630938eb""]","[""SUCCEEDED""]",OK,
14,dev_0031,3,6_00079,16,1,323,12,12,259,273,0,14,"[""05c6236e-60da-42de-8e79-0059ed43d2c4""]","[""SUCCEEDED""]",OK,
14,dev_0031,4,5_00024,14,1,249,12,17,273,331,5,58,"[""9081429d-b8e6-46cd-aa05-a0953879475a""]","[""SUCCEEDED""]",OK,
14,dev_0031,5,2_00016,10,1,188,17,18,331,357,1,26,"[""88d5a8ac-913d-4117-9247-ccff7905ac16""]","[""SUCCEEDED""]",OK,
14,dev_0031,6,1_00015,14,1,275,18,19,357,385,1,28,"[""b7ed8d91-5b6a-4260-932d-3acb3f0d904a""]","[""SUCCEEDED""]",OK,
14,dev_0031,7,5_00089,10,0,83,19,23,385,426,4,41,"[""24d1570b-3fc1-42f6-a61e-79abeea060e0""]","[""SUCCEEDED""]",OK,
14,dev_0031,8,14_00121,14,3,280,23,26,426,488,3,62,"[""b8e0dbeb-8ad0-4177-ab2c-51806588339d""]","[""SUCCEEDED""]",OK,
14,dev_0031,9,5_00017,14,1,180,26,30,488,539,4,51,"[""06c4fc7b-b5df-42f4-af9e-927ec5b6a548""]","[""SUCCEEDED""]",OK,
14,dev_0086,0,18_00089,24,2,353,0,5,0,80,5,80,"[""9894ead3-1657-40af-a3a3-c1f3bd15861c""]","[""SUCCEEDED""]",OK,
14,dev_0086,1,10_00121,16,2,146,5,7,80,129,2,49,"[""7e14aa56-11fa-4580-afd1-5dbfd7f0b9a0""]","[""SUCCEEDED""]",OK,
14,dev_0086,2,4_00121,16,1,198,7,8,129,158,1,29,"[""9e57e034-5f5f-4e16-aed9-cdbe23d29f48""]","[""SUCCEEDED""]",OK,
14,dev_0086,3,13_00099,28,1,338,8,11,158,233,3,75,"[""a4c9af32-da74-4ad0-815d-8783165ab1e7""]","[""SUCCEEDED""]",OK,
14,dev_0086,4,2_00093,20,1,223,11,12,233,269,1,36,"[""5b92b873-0d98-4911-8501-ca6886efaadc""]","[""SUCCEEDED""]",OK,
14,dev_0086,5,14_00057,24,2,359,12,15,269,336,3,67,"[""d7631e0e-bf1f-4974-96bd-cbf6a36f700c""]","[""SUCCEEDED""]",OK,
14,dev_0086,6,1_00114,14,1,248,15,16,336,400,1,64,"[""141d45f0-b0c1-44c2-b308-2cfb3d223ef9""]","[""SUCCEEDED""]",OK,
14,dev_0086,7,12_00093,24,2,287,16,18,400,440,2,40,"[""7b56675d-a0aa-466e-9c8a-46bec1e79fbb""]","[""SUCCEEDED""]",OK,
14,dev_0135,0,11_00104,20,1,337,0,4,0,75,4,75,"[""d971a8e4-d83b-4e31-80e7-b23f18bd9b88""]","[""SUCCEEDED""]",OK,
14,dev_0135,1,2_00040,20,1,279,4,7,75,132,3,57,"[""42564df3-dc27-494c-b8c9-f08c2df597dc""]","[""SUCCEEDED""]",OK,
14,dev_0135,2,13_00116,22,1,388,7,8,132,164,1,32,"[""93866b1a-c8e0-4187-ab0b-f1a7cad2bbe1""]","[""SUCCEEDED""]",OK,
14,dev_0135,3,4_00122,14,1,138,8,10,164,197,2,33,"[""c002a840-4451-4b44-90ab-ed27bf7bedff""]","[""SUCCEEDED""]",OK,
14,dev_0135,4,11_00012,20,2,270,10,13,197,238,3,41,"[""d8074709-126b-4bdc-9520-1622ef8c29d9""]","[""SUCCEEDED""]",OK,
14,dev_0135,5,8_00001,32,2,538,14,16,321,408,2,87,"[""5d019947-7daf-4865-81d2-e3270cc2cf3a""]","[""SUCCEEDED""]",OK,
14,dev_0183,0,2_00113,18,1,227,0,2,0,58,2,58,"[""b5e41ec3-2bc4-4253-ad6f-9932f6ee10d3""]","[""SUCCEEDED""]",OK,
14,dev_0183,1,18_00056,30,3,433,2,7,58,107,5,49,"[""3da9c7cb-548d-42bc-83a9-4c36fc7ab27b""]","[""SUCCEEDED""]",OK,
14,dev_0183,2,7_00063,20,1,251,6,9,116,177,3,61,"[""d4a68bf4-9a1e-4304-9ea2-908f48f71a06""]","[""SUCCEEDED""]",OK,
14,dev_0183,3,19_00110,24,2,258,10,12,172,231,2,59,"[""a686796f-76e8-4afd-8843-e5ab26540b95""]","[""SUCCEEDED""]",OK,
14,dev_0183,4,16_00126,12,2,237,12,15,231,292,3,61,"[""033c69e1-5df3-4199-bf64-6d2052f56778""]","[""SUCCEEDED""]",OK,
14,dev_0183,5,13_00048,22,3,356,15,18,292,379,3,87,"[""e32c8f22-d062-4628-8fcd-4189c0805c23""]","[""SUCCEEDED""]",OK,
14,dev_0183,6,4_00011,14,1,211,18,19,379,434,1,55,"[""aa89e7d1-25af-427e-baf5-87610dd6f4d3""]","[""SUCCEEDED""]",OK,
14,dev_0183,7,6_00082,22,1,317,19,20,434,473,1,39,"[""868ab450-6c40-483f-96e8-b0e44dfc327e""]","[""SUCCEEDED""]",OK,
14,dev_0238,0,16_00112,18,2,182,0,2,0,45,2,45,"[""dae37966-957e-4138-a5b9-892f532efdc0""]","[""SUCCEEDED""]",OK,
14,dev_0238,1,4_00115,14,1,262,2,4,45,113,2,68,"[""dcd1f5bd-44b4-41d2-a655-4994e8bf262c""]","[""SUCCEEDED""]",OK,
14,dev_0238,2,9_00126,18,2,228,4,6,113,161,2,48,"[""5e323b3a-6f0f-488e-a6c4-5266f7c85709""]","[""SUCCEEDED""]",OK,
14,dev_0238,3,15_00101,14,2,271,6,8,161,216,2,55,"[""fa81cca2-b126-4317-b89b-775a73a83118""]","[""SUCCEEDED""]",OK,
14,dev_0238,4,8_00092,22,2,299,8,12,216,293,4,77,"[""69bfcea2-ee06-4583-897f-8659856b67ef""]","[""SUCCEEDED""]",OK,
14,dev_0238,5,12_00040,28,2,393,12,14,293,391,2,98,"[""7e828a42-f8de-4c16-ba99-b303639d9e62""]","[""SUCCEEDED""]",OK,
14,dev_0238,6,19_00103,20,2,366,14,19,391,483,5,92,"[""7d060bd0-ef67-48c2-b05e-7f0fd6018630""]","[""SUCCEEDED""]",OK,
14,dev_0295,0,2_00097,14,1,244,0,1,0,22,1,22,"[""5d0ddc5b-0fb0-4746-ac98-b694c9904ded""]","[""SUCCEEDED""]",OK,
14,dev_0295,1,16_00088,16,2,148,1,4,22,67,3,45,"[""b819df64-f7e0-4ab1-9360-1d2bc65c85b1""]","[""SUCCEEDED""]",OK,
14,dev_0295,2,3_00070,14,0,195,4,5,67,122,1,55,"[""5766c1d7-a3d8-46f3-b3a3-c4701760995e""]","[""SUCCEEDED""]",OK,
14,dev_0295,3,8_00010,22,2,438,5,6,122,184,1,62,"[""0211123f-4c16-48c1-9f11-6a9f79dea85c""]","[""SUCCEEDED""]",OK,
14,dev_0295,4,15_00028,18,2,445,6,8,184,222,2,38,"[""650f7da2-13dc-4ef9-8992-b1dfddf1018e""]","[""SUCCEEDED""]",OK,
14,dev_0295,5,17_00067,38,4,633,8,14,222,336,6,114,"[""6d05f509-6860-4437-8337-7f9bac571c5d""]","[""SUCCEEDED""]",OK,
14,dev_0295,6,5_00069,8,0,92,14,15,336,353,1,17,"[""110ef8ba-74c5-46a9-b97f-e280a85ce26c""]","[""SUCCEEDED""]",OK,
14,dev_0295,7,20_00094,18,2,232,15,16,353,380,1,27,"[""0e99dfdd-d2a0-4db5-9726-637f123600c0""]","[""SUCCEEDED""]",OK,
15,dev_0032,0,10_00124,14,2,145,0,3,0,48,3,48,"[""5a20eca2-2ea7-41fc-97ca-e3ebd20c93ac""]","[""SUCCEEDED""]",OK,
15,dev_0032,1,15_00097,18,2,334,3,6,48,112,3,64,"[""6446591f-432c-49c6-b828-053906a055a6""]","[""SUCCEEDED""]",OK,
15,dev_0032,2,18_00087,18,2,303,6,12,112,216,6,104,"[""5ae63b5b-f28a-4d5b-8cce-d7ad4b384ac1""]","[""SUCCEEDED""]",OK,
15,dev_0032,3,2_00088,16,1,189,12,13,216,235,1,19,"[""a959915a-3a52-4d21-9394-cb858eba7ce7""]","[""SUCCEEDED""]",OK,
15,dev_0032,4,11_00112,32,2,548,13,15,235,327,2,92,"[""1cd4f578-4cfb-4549-8f41-9550fbff0ef5""]","[""SUCCEEDED""]",OK,
15,dev_0032,5,12_00011,24,2,439,15,18,327,425,3,98,"[""7b7e0165-73e2-4483-a0e2-7e2f53067efd""]","[""SUCCEEDED""]",OK,
15,dev_0032,6,19_00100,22,2,336,18,20,425,499,2,74,"[""478fed6c-ce95-4cea-97ac-4f5a643bc99d""]","[""SUCCEEDED""]",OK,
15,dev_0087,0,8_00029,32,2,635,0,4,0,145,4,145,"[""c2477b33-4692-498c-ad6e-19936da356d2""]","[""SUCCEEDED""]",OK,
15,dev_0087,1,20_00051,16,3,391,4,9,145,218,5,73,"[""1cfdb4cb-94f1-4fd1-bbd0-4783a67ad5bc""]","[""SUCCEEDED""]",OK,
15,dev_0087,2,10_00090,18,2,217,9,11,218,256,2,38,"[""c979c817-c1d8-4ad3-873f-9d04bab2fcb5""]","[""SUCCEEDED""]",OK,
15,dev_0087,3,3_00117,12,1,175,11,12,256,291,1,35,"[""01d025d0-4db0-4a33-82f0-0d00b9c2cb5f""]","[""SUCCEEDED""]",OK,
15,dev_0087,4,11_00052,14,2,255,12,15,291,352,3,61,"[""2555ef4c-bbd5-4abe-8044-2fcb14f99902""]","[""SUCCEEDED""]",OK,
15,dev_0087,5,13_00017,14,2,257,15,17,352,417,2,65,"[""42e64758-b0ee-4e0f-8deb-21ae6c16d4e2""]","[""SUCCEEDED""]",OK,
15,dev_0087,6,15_00027,22,2,414,17,19,417,485,2,68,"[""2e6c8706-3f80-4432-ab1e-01a924d7cdc2""]","[""SUCCEEDED""]",OK,
15,dev_0087,7,9_00020,22,2,277,19,22,485,529,3,44,"[""31e5900f-b356-4f78-b88b-ac4b26b7cd73""]","[""SUCCEEDED""]",OK,
15,dev_0087,8,2_00071,24,1,290,22,24,529,581,2,52,"[""d25c0d5e-3a8a-4c0f-a3d9-16d82335c5ca""]","[""SUCCEEDED""]",OK,
15,dev_0087,9,7_00035,22,1,278,24,25,581,617,1,36,"[""e4d541ca-8f01-48e0-a9f8-a27ecfeca93e""]","[""SUCCEEDED""]",OK,
15,dev_0136,0,6_00073,18,1,303,0,2,0,44,2,44,"[""299ae233-65b3-4c98-9876-95f41b613eca""]","[""SUCCEEDED""]",OK,
15,dev_0136,1,9_00018,18,2,281,2,5,44,97,3,53,"[""2fcb9049-85b8-49c9-bc66-ef717045197a""]","[""SUCCEEDED""]",OK,
15,dev_0136,2,4_00065,20,1,308,5,8,97,159,3,62,"[""bf8168aa-9dda-4da1-bfc2-9e521eef6903""]","[""SUCCEEDED""]",OK,
15,dev_0136,3,19_00001,24,2,414,8,10,159,228,2,69,"[""58a80d9b-4ac3-432c-b02f-7468deae890a""]","[""SUCCEEDED""]",OK,
15,dev_0136,4,18_00109,22,2,255,10,13,228,305,3,77,"[""cf0bac56-b041-4e5c-9700-8f84026113eb""]","[""SUCCEEDED""]",OK,
15,dev_0136,5,12_00121,14,2,200,13,14,305,332,1,27,"[""226597ff-dfc7-46ec-be73-1ed0cda81980""]","[""SUCCEEDED""]",OK,
15,dev_0136,6,10_00011,12,2,100,14,17,332,364,3,32,"[""a8d47081-0b06-47f6-934e-ec75f5a5ac0f""]","[""SUCCEEDED""]",OK,
15,dev_0136,7,5_00072,8,1,103,17,18,364,373,1,9,"[""4cdfdc0d-7f68-4483-9934-b28ab3af7e20""]","[""SUCCEEDED""]",OK,
15,dev_0136,8,13_00035,20,3,380,18,21,373,461,3,88,"[""ba74d081-f367-4aff-a535-09deb14200d3""]","[""SUCCEEDED""]",OK,
15,dev_0136,9,11_00005,16,2,213,21,23,461,491,2,30,"[""3f7b2be5-1127-46ff-8c48-52fe65740ac4""]","[""SUCCEEDED""]",OK,
15,dev_0184,0,20_00070,26,2,444,0,3,0,84,3,84,"[""8a0bb8bf-6622-4413-92c9-dc2f2fddf80f""]","[""SUCCEEDED""]",OK,
15,dev_0184,1,12_00120,14,2,221,4,5,70,90,1,20,"[""e566fd20-5030-4eab-a928-a7cd75e1fb88""]","[""SUCCEEDED""]",OK,
15,dev_0184,2,4_00006,10,1,208,5,7,90,122,2,32,"[""74e480bd-f57d-4244-832f-c2041864bdfe""]","[""SUCCEEDED""]",OK,
15,dev_0184,3,6_00031,18,1,213,7,9,122,159,2,37,"[""9b1a6584-435a-4aa0-8ed6-73e2cdb87937""]","[""SUCCEEDED""]",OK,
15,dev_0184,4,13_00020,8,2,108,9,11,159,202,2,43,"[""3976f510-90b1-47f9-9bb5-55acd25bcd37""]","[""SUCCEEDED""]",OK,
15,dev_0184,5,18_00003,34,2,440,11,17,202,360,6,158,"[""c3973bde-5c36-4a00-8776-3e0feb297061""]","[""SUCCEEDED""]",OK,
15,dev_0184,6,3_00007,14,0,108,17,19,360,379,2,19,"[""a7216187-041a-44cf-99b9-1d2390e15c12""]","[""SUCCEEDED""]",OK,
15,dev_0184,7,2_00126,10,0,143,19,22,379,413,3,34,"[""80627612-8d75-4ba9-b4ea-4a4c9fe0811a""]","[""SUCCEEDED""]",OK,
15,dev_0184,8,15_00051,26,2,341,22,24,413,484,2,71,"[""7c4f8c4e-775f-4054-bb8c-0504061a363a""]","[""SUCCEEDED""]",OK,
15,dev_0239,0,10_00008,10,2,208,0,3,0,51,3,51,"[""2cb655e8-8675-4ae2-be4c-d1decd16e689""]","[""SUCCEEDED""]",OK,
15,dev_0239,1,10_00078,16,1,248,3,7,51,114,4,63,"[""3c24b79f-2c28-449e-846b-61322318f83b""]","[""SUCCEEDED""]",OK,
15,dev_0239,2,19_00056,32,2,462,7,10,114,187,3,73,"[""c6f2cf92-93de-485d-8a00-aa2412373c1d""]","[""SUCCEEDED""]",OK,
15,dev_0239,3,1_00082,20,1,232,10,12,187,247,2,60,"[""205cbb53-439f-43b5-bc5f-8e1edbc9eb70""]","[""SUCCEEDED""]",OK,
15,dev_0239,4,16_00107,22,2,283,12,14,247,305,2,58,"[""8f6f0048-334f-469e-8e80-d624817a0d96""]","[""SUCCEEDED""]",OK,
15,dev_0239,5,14_00104,28,3,403,14,17,305,369,3,64,"[""cb5e9027-8314-40b4-9b62-59eb98e493d1""]","[""SUCCEEDED""]",OK,
15,dev_0239,6,16_00100,24,2,287,17,20,369,433,3,64,"[""fd36b3db-6e15-4eb9-812b-9d70a15af5af""]","[""SUCCEEDED""]",OK,
15,dev_0296,0,18_00045,26,3,395,0,4,0,103,4,103,"[""956b96ea-0b55-4654-b451-4337e5671e33""]","[""SUCCEEDED""]",OK,
15,dev_0296,1,18_00088,24,2,289,4,7,103,172,3,69,"[""cb96d89b-5f52-4fc9-a65d-8150907c96dc""]","[""SUCCEEDED""]",OK,
15,dev_0296,2,9_00060,24,2,270,7,9,172,229,2,57,"[""43711505-19b8-43c4-8d09-497a99894b41""]","[""SUCCEEDED""]",OK,
15,dev_0296,3,8_00028,26,2,448,9,11,229,299,2,70,"[""65d2aa3f-2fcf-421a-b486-add1dc1488d0""]","[""SUCCEEDED""]",OK,
15,dev_0296,4,3_00023,16,0,130,11,14,299,349,3,50,"[""7ba13c67-7559-49d1-8231-b28f1a64cca4""]","[""SUCCEEDED""]",OK,
15,dev_0296,5,18_00059,38,3,535,14,21,349,429,7,80,"[""193e6f0f-ee23-4586-a612-a76894bbcda6""]","[""SUCCEEDED""]",OK,
15,dev_0296,6,11_00050,20,2,215,21,24,429,469,3,40,"[""32f5c0bb-be82-4b55-babc-fdf3338f9c8d""]","[""SUCCEEDED""]",OK,
16,dev_0035,0,2_00123,18,0,199,0,2,0,30,2,30,"[""d4153f2f-36a7-450a-8810-96cc62c1516f""]","[""SUCCEEDED""]",OK,
16,dev_0035,1,16_00069,22,2,333,2,6,30,146,4,116,"[""ba828313-8ca3-4d12-b791-d09c4d53b4b2""]","[""SUCCEEDED""]",OK,
16,dev_0035,2,12_00126,8,2,118,6,8,146,189,2,43,"[""754cf3c9-bddc-48b3-82e1-1442e8ac412a""]","[""SUCCEEDED""]",OK,
16,dev_0035,3,20_00001,18,2,241,8,11,189,254,3,65,"[""b5eff45a-67bd-471a-9dbb-e2c4fb26ea93""]","[""SUCCEEDED""]",OK,
16,dev_0035,4,15_00025,22,2,464,11,13,254,335,2,81,"[""434dc20d-0941-4a3e-a761-3a9adac946f3""]","[""SUCCEEDED""]",OK,
16,dev_0035,5,16_00086,20,2,253,13,15,335,386,2,51,"[""e0717b46-0ce1-4475-989b-cf6ccbb085b0""]","[""SUCCEEDED""]",OK,
16,dev_0088,0,11_00000,22,2,214,0,6,0,88,6,88,"[""ba64ef38-cf0a-4cea-9c6a-9c1f43336979""]","[""SUCCEEDED""]",OK,
16,dev_0088,1,2_00060,18,1,338,6,6,88,127,0,39,"[""8dc200f5-6433-416b-84c4-0b1c8d6bcc6a""]","[""SUCCEEDED""]",OK,
16,dev_0088,2,19_00031,18,2,396,6,9,127,223,3,96,"[""30daef3a-6095-4c46-9796-9c582f4bf65e""]","[""SUCCEEDED""]",OK,
16,dev_0088,3,2_00096,12,1,189,9,10,223,250,1,27,"[""d3ee4c66-7570-4a6b-8e4e-fdfbf66372cc""]","[""SUCCEEDED""]",OK,
16,dev_0088,4,19_00022,22,2,281,10,13,250,322,3,72,"[""14db60ad-44ea-40ab-9189-593de1b4af1a""]","[""SUCCEEDED""]",OK,
16,dev_0088,5,6_00102,10,1,138,13,14,322,360,1,38,"[""366f0964-15ba-468f-95ed-f0596444e7db""]","[""SUCCEEDED""]",OK,
16,dev_0088,6,1_00125,14,1,166,14,15,360,373,1,13,"[""2ceea8c1-a06e-4635-98f8-e2930abf0dbb""]","[""SUCCEEDED""]",OK,
16,dev_0088,7,14_00086,26,2,354,15,18,373,469,3,96,"[""1b82fd6d-78c3-40c9-afa2-b79377c044e0""]","[""SUCCEEDED""]",OK,
16,dev_0088,8,9_00008,24,2,312,18,23,469,544,5,75,"[""2b09ed66-5438-4510-904d-2b8ac6b96815""]","[""SUCCEEDED""]",OK,
16,dev_0137,0,18_00048,32,3,364,0,4,0,64,4,64,"[""0c84c33e-9734-4d08-9060-1a83040e5152""]","[""SUCCEEDED""]",OK,
16,dev_0137,1,16_00077,12,2,243,4,7,64,145,3,81,"[""cd83af99-64f2-449e-a94a-b8b68f4217fb""]","[""SUCCEEDED""]",OK,
16,dev_0137,2,16_00017,32,3,578,7,10,145,235,3,90,"[""4f212ea5-9b32-4d5f-a892-c7056d1430b4""]","[""SUCCEEDED""]",OK,
16,dev_0137,3,9_00076,12,1,182,10,13,235,270,3,35,"[""72d43d00-1836-4385-afc6-69e1ade65c60""]","[""SUCCEEDED""]",OK,
16,dev_0137,4,16_00116,22,2,243,13,17,270,358,4,88,"[""cc162aa3-d187-4436-bd62-d0b7f1642f2d""]","[""SUCCEEDED""]",OK,
16,dev_0137,5,4_00112,14,1,200,17,19,358,398,2,40,"[""ed61c99c-5f2b-4f5f-ac36-06be8242fe42""]","[""SUCCEEDED""]",OK,
16,dev_0137,6,14_00095,20,2,246,19,22,398,460,3,62,"[""fd18fd42-e407-41f1-90e5-7d14bf1cccef""]","[""SUCCEEDED""]",OK,
16,dev_0137,7,1_00010,14,1,289,22,25,460,525,3,65,"[""bbc7cff1-95de-447a-a6d9-9bf8fa114a72""]","[""SUCCEEDED""]",OK,
16,dev_0137,8,9_00013,22,2,296,25,25,525,523,0,-2,"[""9e3fa50d-b4d7-47b3-980d-3fc81b757360""]","[""SUCCEEDED""]",OK,
16,dev_0186,0,14_00043,20,2,291,0,2,0,48,2,48,"[""2ed6fa68-0f72-4f5e-be4f-3ccfaf30c2d1""]","[""SUCCEEDED""]",OK,
16,dev_0186,1,8_00004,28,2,408,2,4,48,124,2,76,"[""9143e3d7-1470-4e4c-a508-60630c696c64""]","[""SUCCEEDED""]",OK,
16,dev_0186,2,3_00011,18,0,247,4,7,124,171,3,47,"[""b2b14346-fa40-4072-be6e-0c388e024ed4""]","[""SUCCEEDED""]",OK,
16,dev_0186,3,15_00055,20,2,327,7,9,171,235,2,64,"[""32f3bca3-d961-423b-a74b-7c38b7e26f32""]","[""SUCCEEDED""]",OK,
16,dev_0186,4,5_00092,6,0,66,9,10,235,252,1,17,"[""9acbcfd2-263b-4f82-81dc-79daa118b064""]","[""SUCCEEDED""]",OK,
16,dev_0186,5,14_00120,30,3,511,10,13,252,368,3,116,"[""ab4702aa-241b-4cbd-931f-1ff09b07e51e""]","[""SUCCEEDED""]",OK,
16,dev_0240,0,20_00106,26,2,367,0,5,0,80,5,80,"[""8ce2c3f1-c8ad-4e0b-875a-30cfe837e161""]","[""SUCCEEDED""]",OK,
16,dev_0240,1,6_00015,16,1,197,5,8,80,122,3,42,"[""a4d3e8f5-98ba-43f2-be28-6e998f6dcca4""]","[""SUCCEEDED""]",OK,
16,dev_0240,2,13_00102,34,1,581,8,15,122,295,7,173,"[""dd3c6ad7-1b89-44da-9f2d-45a05ccbe0ec""]","[""SUCCEEDED""]",OK,
16,dev_0240,3,14_00107,22,3,430,15,18,295,420,3,125,"[""3a8b708f-2273-422b-bcbf-5d5ce759c9de""]","[""SUCCEEDED""]",OK,
16,dev_0240,4,3_00012,8,0,85,18,19,420,434,1,14,"[""e932f633-4957-4a52-958d-94e98575e218""]","[""SUCCEEDED""]",OK,
16,dev_0240,5,6_00054,20,1,227,19,20,434,476,1,42,"[""6830f07b-aa14-46cb-853e-8f682fe4b5c9""]","[""SUCCEEDED""]",OK,
16,dev_0240,6,18_00106,18,2,252,20,23,476,534,3,58,"[""ef17b0f0-e18f-4b43-b98f-b18e5385e30f""]","[""SUCCEEDED""]",OK,
16,dev_0240,7,15_00098,28,2,484,23,26,534,638,3,104,"[""d188af14-22d9-4653-a795-d92f06e72ef5""]","[""SUCCEEDED""]",OK,
16,dev_0240,8,1_00077,16,1,355,26,29,638,710,3,72,"[""dfcb2e88-b650-49e9-9594-ac5c444459ff""]","[""SUCCEEDED""]",OK,
16,dev_0297,0,8_00090,22,2,297,0,2,0,47,2,47,"[""5ace7cca-f56a-426f-8b80-896dca6eee7b""]","[""SUCCEEDED""]",OK,
16,dev_0297,1,3_00096,12,1,199,2,5,47,102,3,55,"[""87b7a927-f3ba-4e8f-bd59-2bfe4a5b53fc""]","[""SUCCEEDED""]",OK,
16,dev_0297,2,8_00123,22,2,258,5,8,102,138,3,36,"[""707da790-80c5-4c17-8166-3502849f8069""]","[""SUCCEEDED""]",OK,
16,dev_0297,3,10_00019,18,2,259,8,13,138,199,5,61,"[""827a6c3c-9550-4035-962b-c6a98d7eedba""]","[""SUCCEEDED""]",OK,
16,dev_0297,4,18_00124,20,2,276,13,15,199,284,2,85,"[""cd19ab5d-71fa-4762-a682-16cfa78e9bef""]","[""SUCCEEDED""]",OK,
16,dev_0297,5,7_00066,18,1,200,15,16,284,326,1,42,"[""8a6802e0-a1d5-4389-8a9f-7be110cf59d2""]","[""SUCCEEDED""]",OK,
16,dev_0297,6,10_00038,20,2,245,16,19,326,364,3,38,"[""f96e038e-0439-410a-996f-81e316d021a9""]","[""SUCCEEDED""]",OK,
16,dev_0297,7,8_00020,28,2,463,19,21,364,441,2,77,"[""b5a1fdd0-2ec7-40d5-b7a5-563702f41680""]","[""SUCCEEDED""]",OK,
17,dev_0036,0,3_00116,10,1,195,0,1,0,34,1,34,"[""347f7070-0b38-4569-905e-2431022fd765""]","[""SUCCEEDED""]",OK,
17,dev_0036,1,20_00062,24,3,211,1,5,34,99,4,65,"[""f5e69d1a-b3d9-42e8-bccc-c177fcab6aa4""]","[""SUCCEEDED""]",OK,
17,dev_0036,2,6_00004,12,1,165,5,7,99,145,2,46,"[""29f7331d-cc82-4688-b0ff-5f69cb5b95d8""]","[""SUCCEEDED""]",OK,
17,dev_0036,3,2_00033,10,1,149,7,8,145,186,1,41,"[""831835f0-241e-4434-b971-af009912e4bb""]","[""SUCCEEDED""]",OK,
17,dev_0036,4,15_00054,24,2,425,8,10,186,261,2,75,"[""2b8e8a8b-a0e0-48ff-a749-e08988d3514a""]","[""SUCCEEDED""]",OK,
17,dev_0089,0,1_00040,6,1,162,0,1,0,23,1,23,"[""ecb1a46d-55b0-425a-91b7-09a7781621dc""]","[""SUCCEEDED""]",OK,
17,dev_0089,1,19_00053,38,2,272,1,6,23,173,5,150,"[""968efaeb-d815-476c-9075-f9f2c01d9362""]","[""SUCCEEDED""]",OK,
17,dev_0089,2,11_00008,16,2,200,6,9,173,217,3,44,"[""4eafe47c-87d4-43d8-99a9-61cb1095afde""]","[""SUCCEEDED""]",OK,
17,dev_0089,3,20_00052,22,3,296,9,14,217,325,5,108,"[""d8a2a58f-356e-413e-85ef-4b15f3bc1eaa""]","[""SUCCEEDED""]",OK,
17,dev_0089,4,9_00055,18,2,291,14,17,325,375,3,50,"[""e5c80f1b-7451-4ef3-91e8-9cc66bdbcbb3""]","[""SUCCEEDED""]",OK,
17,dev_0089,5,1_00086,20,1,389,17,20,375,508,3,133,"[""b4163fe2-f758-4d6b-b874-616ec39d424a""]","[""SUCCEEDED""]",OK,
17,dev_0089,6,18_00068,16,2,224,20,22,508,551,2,43,"[""c0267d00-2342-4606-97ba-8233802c537c""]","[""SUCCEEDED""]",OK,
17,dev_0089,7,7_00032,14,1,184,22,28,551,651,6,100,"[""0b0a7e1a-2dea-4bbe-be2b-227521e4d9f7""]","[""SUCCEEDED""]",OK,
17,dev_0138,0,13_00111,30,1,505,0,3,0,90,3,90,"[""6048ad3f-8347-4ffa-9181-a38c64717cd4""]","[""SUCCEEDED""]",OK,
17,dev_0138,1,4_00108,16,1,142,3,4,90,104,1,14,"[""d0bc046d-dedf-4dae-ae63-7e25b83c0f45""]","[""SUCCEEDED""]",OK,
17,dev_0138,2,12_00122,8,2,176,4,6,104,128,2,24,"[""72c09b99-4e9f-44a3-b0d8-6209ee6bc1cf""]","[""SUCCEEDED""]",OK,
17,dev_0138,3,1_00115,20,1,399,6,9,128,271,3,143,"[""ad777f78-3ebd-45dc-8e34-fa11fda94ad7""]","[""SUCCEEDED""]",OK,
17,dev_0138,4,11_00123,32,2,572,9,11,271,345,2,74,"[""02c4f38e-3c2a-4f7a-a805-a5fe3ed07148""]","[""SUCCEEDED""]",OK,
17,dev_0138,5,3_00031,14,0,181,11,12,345,362,1,17,"[""e359b2d8-7de5-4e3f-896e-e4fb77a5c636""]","[""SUCCEEDED""]",OK,
17,dev_0187,0,9_00019,24,2,256,0,2,0,42,2,42,"[""2e44aa7e-4be3-4784-ab21-ef3d74746662""]","[""SUCCEEDED""]",OK,
17,dev_0187,1,13_00109,26,1,428,2,5,42,151,3,109,"[""3066f495-d16e-419a-9805-9f181bbb4fbc""]","[""SUCCEEDED""]",OK,
17,dev_0187,2,9_00118,8,1,212,5,7,151,215,2,64,"[""3d9a21c5-ec52-49ea-9826-39dcbd7ed3ec""]","[""SUCCEEDED""]",OK,
17,dev_0187,3,4_00043,14,1,353,7,10,215,308,3,93,"[""ae2bc92f-74b9-4d36-ae1e-707f2006b7b5""]","[""SUCCEEDED""]",OK,
17,dev_0187,4,8_00106,22,2,345,10,12,308,364,2,56,"[""d1de3674-4341-459d-a89b-5fa718f9278e""]","[""SUCCEEDED""]",OK,
17,dev_0187,5,8_00085,16,2,257,12,14,364,396,2,32,"[""30d406d8-c6b2-44ed-803f-7852bb9fcfa8""]","[""SUCCEEDED""]",OK,
17,dev_0187,6,18_00047,26,3,373,14,16,396,477,2,81,"[""5911cbf4-df26-46f7-8988-890aa7e1059a""]","[""SUCCEEDED""]",OK,
17,dev_0241,0,5_00094,6,0,76,0,3,0,29,3,29,"[""e96f46ea-47a9-48ee-8e91-e97523184a16""]","[""SUCCEEDED""]",OK,
17,dev_0241,1,17_00068,32,4,581,3,8,29,216,5,187,"[""71ebba26-591b-4aac-8737-3fce353717cf""]","[""SUCCEEDED""]",OK,
17,dev_0241,2,9_00090,14,1,171,8,11,216,286,3,70,"[""97934060-2ebb-4786-871c-05e9a497e098""]","[""SUCCEEDED""]",OK,
17,dev_0241,3,10_00065,20,1,308,11,12,286,313,1,27,"[""70d3a0d9-ef65-4272-be93-75d8325e99dc""]","[""SUCCEEDED""]",OK,
17,dev_0241,4,9_00121,14,1,134,12,13,313,321,1,8,"[""0fdf36c4-2a4f-44ba-ab0d-bebef8e93bcd""]","[""SUCCEEDED""]",OK,
17,dev_0241,5,16_00087,20,2,347,13,15,321,386,2,65,"[""3d31147d-3896-4f0d-9e56-526da766507a""]","[""SUCCEEDED""]",OK,
17,dev_0241,6,5_00110,6,0,54,15,15,386,386,0,0,"[""3cd56dbc-bdf7-401a-92c9-d8728b4c06ab""]","[""SUCCEEDED""]",OK,
17,dev_0241,7,14_00005,26,2,361,15,19,386,470,4,84,"[""a78721e4-b443-40e6-bc98-1fb7a2faec2d""]","[""SUCCEEDED""]",OK,
17,dev_0241,8,11_00080,20,1,303,19,22,470,538,3,68,"[""09d63bee-b6e7-4a99-b4e9-27d4e7a2c98e""]","[""SUCCEEDED""]",OK,
17,dev_0241,9,16_00004,28,3,641,22,25,538,666,3,128,"[""40d07913-da77-47ae-ac6b-d618c9830280""]","[""SUCCEEDED""]",OK,
17,dev_0298,0,4_00104,20,1,259,0,2,0,49,2,49,"[""a4324ae6-fa0d-4907-bf41-1bd3f260a06f""]","[""SUCCEEDED""]",OK,
17,dev_0298,1,11_00019,20,2,235,2,6,49,120,4,71,"[""9e3a2167-6271-4ed7-9d42-bdab7651527c""]","[""SUCCEEDED""]",OK,
17,dev_0298,2,5_00124,14,1,173,6,8,120,160,2,40,"[""aa445572-96a7-4728-b080-a30931cbbc46""]","[""SUCCEEDED""]",OK,
17,dev_0298,3,8_00052,16,2,287,8,10,160,213,2,53,"[""1b846c85-b98c-41f5-bc64-a16992f15752""]","[""SUCCEEDED""]",OK,
17,dev_0298,4,13_00015,10,2,166,10,12,213,246,2,33,"[""5e8ec8dd-c913-4cd3-985a-4e3ef06bea38""]","[""SUCCEEDED""]",OK,
18,dev_0037,0,14_00055,20,2,194,0,2,0,48,2,48,"[""a0781e6a-f9ee-4b6d-b74f-7ccc671f3ed4""]","[""SUCCEEDED""]",OK,
18,dev_0037,1,7_00004,12,1,178,2,6,48,111,4,63,"[""0b4555b7-36cb-47df-b4fd-7a61989f1ef9""]","[""SUCCEEDED""]",OK,
18,dev_0037,2,15_00085,24,2,341,6,8,111,156,2,45,"[""476e3ba0-0886-44a0-958e-09a3de740812""]","[""SUCCEEDED""]",OK,
18,dev_0037,3,11_00125,26,2,256,8,13,156,281,5,125,"[""3a945bc4-d216-43d0-99b9-0aa52ee2e400""]","[""SUCCEEDED""]",OK,
18,dev_0037,4,5_00103,8,0,81,13,14,281,314,1,33,"[""9a3be198-8b37-4d9b-836c-c69b7d6afa92""]","[""SUCCEEDED""]",OK,
18,dev_0090,0,4_00103,14,1,249,0,2,0,42,2,42,"[""28592007-97f5-4ed5-9e63-ab3852c89615""]","[""SUCCEEDED""]",OK,
18,dev_0090,1,1_00107,16,1,255,2,4,42,119,2,77,"[""50c83096-cb00-4606-9025-b63d4ec0a913""]","[""SUCCEEDED""]",OK,
18,dev_0090,2,15_00059,24,2,470,4,7,119,207,3,88,"[""2beaf8ec-ea30-46d2-8792-58e80165a1a6""]","[""SUCCEEDED""]",OK,
18,dev_0090,3,1_00101,12,1,228,7,10,207,282,3,75,"[""a7ef8416-0ed8-480b-88f0-e1f4a19f3d2d""]","[""SUCCEEDED""]",OK,
18,dev_0090,4,9_00124,16,2,277,10,15,282,347,5,65,"[""c4db6354-252e-4842-b718-23ff888afa9d""]","[""SUCCEEDED""]",OK,
18,dev_0090,5,19_00042,28,2,381,15,19,347,437,4,90,"[""7f06fba4-2d21-40bf-8aaf-0d65e192292c""]","[""SUCCEEDED""]",OK,
18,dev_0090,6,16_00092,18,2,418,19,20,437,484,1,47,"[""1f1cd958-06bc-4f43-aadb-dfd98e0e3fec""]","[""SUCCEEDED""]",OK,
18,dev_0090,7,19_00080,34,2,645,20,24,484,645,4,161,"[""53dd6553-5e95-4c44-b718-e48d9601ed8a""]","[""SUCCEEDED""]",OK,
18,dev_0139,0,3_00115,10,1,204,0,1,0,35,1,35,"[""63dab47f-fe39-45be-9b4f-cca352adfc39""]","[""SUCCEEDED""]",OK,
18,dev_0139,1,15_00007,20,3,447,1,4,35,110,3,75,"[""7007a88c-7941-42f2-8180-d53bc726f0ee""]","[""SUCCEEDED""]",OK,
18,dev_0139,2,5_00074,10,1,151,4,5,110,140,1,30,"[""193667d5-0ac5-4146-aac1-094a84abf50a""]","[""SUCCEEDED""]",OK,
18,dev_0139,3,3_00042,18,0,201,5,7,140,184,2,44,"[""e7caacb3-1af0-46a6-969c-b49135a74ad8""]","[""SUCCEEDED""]",OK,
18,dev_0139,4,15_00105,26,2,400,7,10,184,299,3,115,"[""d891523e-4de5-4231-878a-02b3d5df5758""]","[""SUCCEEDED""]",OK,
18,dev_0139,5,8_00002,32,2,487,10,13,299,407,3,108,"[""3c1e0c22-f1c2-44a9-9cad-bb0f8d04d792""]","[""SUCCEEDED""]",OK,
18,dev_0139,6,14_00006,20,2,348,13,15,407,461,2,54,"[""35e34158-d7e8-43cb-8554-f9d1576b0b82""]","[""SUCCEEDED""]",OK,
18,dev_0189,0,14_00067,22,2,445,0,1,0,63,1,63,"[""001d5ad1-5538-4796-8a71-16085785a1d4""]","[""SUCCEEDED""]",OK,
18,dev_0189,1,3_00080,8,1,90,1,1,63,63,0,0,"[""2d512832-7547-4f0a-8753-f58f0007738a""]","[""SUCCEEDED""]",OK,
18,dev_0189,2,14_00066,22,2,328,1,4,63,150,3,87,"[""45d4546d-02f6-4c00-9fc8-e54c0b52ff0f""]","[""SUCCEEDED""]",OK,
18,dev_0189,3,6_00022,20,1,188,4,6,150,181,2,31,"[""7e42e121-8488-4b8d-8d9e-a2a66f2abff5""]","[""SUCCEEDED""]",OK,
18,dev_0189,4,3_00064,22,0,372,6,7,181,234,1,53,"[""3a7fa1ab-6a09-42d9-ad2f-cf6de5904464""]","[""SUCCEEDED""]",OK,
18,dev_0242,0,5_00026,4,1,101,0,1,0,15,1,15,"[""159383c5-970b-4d16-b7ec-4c026ea9b4e1""]","[""SUCCEEDED""]",OK,
18,dev_0242,1,17_00094,40,4,681,1,7,15,223,6,208,"[""65d00975-61e4-4c8b-8ffd-29b490bacfa4""]","[""SUCCEEDED""]",OK,
18,dev_0242,2,4_00040,20,1,226,7,11,223,302,4,79,"[""9deb53bb-d05f-4f81-b191-8815f31299b3""]","[""SUCCEEDED""]",OK,
18,dev_0242,3,15_00044,22,2,412,11,13,302,369,2,67,"[""8d837997-a7cd-47ea-ba91-041104850df5""]","[""SUCCEEDED""]",OK,
18,dev_0242,4,16_00113,16,2,248,13,19,369,457,6,88,"[""4b6e1710-7dd5-43a5-b568-fbdae3db7ad5""]","[""SUCCEEDED""]",OK,
18,dev_0242,5,10_00030,20,2,226,19,24,457,523,5,66,"[""fdd12974-6f1b-467b-a666-f48fc681732d""]","[""SUCCEEDED""]",OK,
18,dev_0242,6,17_00009,22,3,277,24,28,523,576,4,53,"[""c043974f-c327-4002-ac57-b41df500cd27""]","[""SUCCEEDED""]",OK,
18,dev_0242,7,7_00011,12,1,254,28,30,576,606,2,30,"[""dc8327f3-50a0-4463-923d-d7853d87047e""]","[""SUCCEEDED""]",OK,
18,dev_0242,8,2_00107,14,1,226,30,31,606,646,1,40,"[""5b498abb-1c75-4403-97c9-cc3269cf2569""]","[""SUCCEEDED""]",OK,
18,dev_0242,9,12_00052,26,2,238,31,33,646,716,2,70,"[""85163cff-0a3d-4195-9774-125b87f7ce03""]","[""SUCCEEDED""]",OK,
18,dev_0300,0,18_00066,28,3,294,0,3,0,78,3,78,"[""2f444005-e756-443c-be1a-f6a4ca24eacb""]","[""SUCCEEDED""]",OK,
18,dev_0300,1,6_00069,24,1,314,3,4,78,112,1,34,"[""8cfc36ac-f02e-4364-a4a0-02f9c4510761""]","[""SUCCEEDED""]",OK,
18,dev_0300,2,18_00010,28,2,485,4,7,112,207,3,95,"[""0ddf7456-7569-421d-9bfa-ded73d3741c0""]","[""SUCCEEDED""]",OK,
18,dev_0300,3,7_00059,24,1,372,7,11,207,256,4,49,"[""42503065-297c-4e64-8d4b-1ccfa1d87a33""]","[""SUCCEEDED""]",OK,
18,dev_0300,4,17_00101,32,4,605,11,16,256,377,5,121,"[""d15fd326-9a00-458b-be2a-eabc38be0b22""]","[""SUCCEEDED""]",OK,
18,dev_0300,5,19_00026,24,2,422,16,18,377,464,2,87,"[""93e97530-58d0-4ae2-b192-2d55f5d9c6b8""]","[""SUCCEEDED""]",OK,
18,dev_0300,6,3_00025,8,0,83,18,19,464,481,1,17,"[""0fed1a65-1934-437a-9b88-2a8076ede1f8""]","[""SUCCEEDED""]",OK,
18,dev_0300,7,7_00018,8,1,136,22,23,510,525,1,15,"[""b31b431d-1c57-43c6-9438-0790a2489400""]","[""SUCCEEDED""]",OK,
18,dev_0300,8,16_00076,26,2,468,19,22,481,582,3,101,"[""822275e2-67b7-4621-b6da-cc1ae81f9abc""]","[""SUCCEEDED""]",OK,
19,dev_0038,0,8_00018,22,2,438,0,2,0,83,2,83,"[""4f592a55-884e-45af-9e9f-19d1722aa39f""]","[""SUCCEEDED""]",OK,
19,dev_0038,1,16_00068,20,2,301,2,4,83,119,2,36,"[""3e458449-5eec-43d9-be5b-bd291fe4fb9e""]","[""SUCCEEDED""]",OK,
19,dev_0038,2,8_00019,22,2,406,4,6,119,189,2,70,"[""ef49005b-89a8-4758-a16e-983bb5068430""]","[""SUCCEEDED""]",OK,
19,dev_0038,3,12_00012,28,2,253,6,8,189,293,2,104,"[""45f79fab-a8b6-4bba-96a5-12adca687ba2""]","[""SUCCEEDED""]",OK,
19,dev_0038,4,19_00062,26,2,338,8,9,293,363,1,70,"[""3c8f50ba-a295-47ba-82e9-c28d94daf9cb""]","[""SUCCEEDED""]",OK,
19,dev_0091,0,9_00092,16,1,182,0,5,0,53,5,53,"[""8492473c-9425-4376-9708-20f45242681f""]","[""SUCCEEDED""]",OK,
19,dev_0091,1,2_00084,18,1,247,5,6,53,112,1,59,"[""ccfc2295-126e-4148-a351-55e70a87542d""]","[""SUCCEEDED""]",OK,
19,dev_0091,2,11_00075,16,1,302,6,10,112,182,4,70,"[""c4002934-8630-4923-8d87-f3f26baec88c""]","[""SUCCEEDED""]",OK,
19,dev_0091,3,19_00101,24,2,308,10,13,182,255,3,73,"[""fb07df58-2ea2-48aa-8e63-3e241ad4047c""]","[""SUCCEEDED""]",OK,
19,dev_0091,4,5_00022,8,1,146,13,15,255,278,2,23,"[""6cc828ad-7100-4916-b466-95c54bfc686d""]","[""SUCCEEDED""]",OK,
19,dev_0091,5,12_00041,28,2,412,15,18,278,384,3,106,"[""45f53c7f-f3ad-49e1-aafa-cf363428f6ff""]","[""SUCCEEDED""]",OK,
19,dev_0091,6,5_00012,16,1,216,18,22,384,440,4,56,"[""64ee8a20-e127-4c68-aa22-40200ea7f388""]","[""SUCCEEDED""]",OK,
19,dev_0091,7,20_00020,24,3,262,22,25,440,568,3,128,"[""945bb8e9-d696-4149-b52a-06b431a3ae7a""]","[""SUCCEEDED""]",OK,
19,dev_0140,0,4_00113,16,1,199,0,3,0,37,3,37,"[""77daa2d8-1cdc-4085-a7e1-c32010507ae2""]","[""SUCCEEDED""]",OK,
19,dev_0140,1,5_00125,14,1,170,3,5,37,65,2,28,"[""6003dbf9-c772-4efe-acd3-42096ced99f1""]","[""SUCCEEDED""]",OK,
19,dev_0140,2,17_00011,18,3,338,5,10,65,147,5,82,"[""7b30ebad-6e9d-40bb-abc2-9c7f8d2c0a6f""]","[""SUCCEEDED""]",OK,
19,dev_0140,3,16_00018,24,3,311,10,14,147,240,4,93,"[""4a1e05fa-639e-46fc-92c5-512ce4e5a61e""]","[""SUCCEEDED""]",OK,
19,dev_0140,4,2_00015,10,1,220,14,15,240,264,1,24,"[""e4060746-c9b3-4715-b4f6-5a2365f171fb""]","[""SUCCEEDED""]",OK,
19,dev_0140,5,2_00004,12,1,143,15,16,264,278,1,14,"[""bf96b815-c420-457a-80d8-d8637cbfb076""]","[""SUCCEEDED""]",OK,
19,dev_0140,6,19_00088,18,2,284,16,21,278,375,5,97,"[""fd9f5f0c-cc3e-4a69-8abb-1ace7990e7b0""]","[""SUCCEEDED""]",OK,
19,dev_0140,7,2_00028,10,1,211,21,23,375,404,2,29,"[""92b926e2-51b0-455a-939e-80f119261785""]","[""SUCCEEDED""]",OK,
19,dev_0140,8,15_00042,34,2,582,23,26,404,520,3,116,"[""359036e2-4296-4025-9886-b184f65181a1""]","[""SUCCEEDED""]",OK,
19,dev_0190,0,4_00084,22,1,302,0,3,0,72,3,72,"[""d53ba5a2-d06a-4658-8ddd-662ff5e7dcb7""]","[""SUCCEEDED""]",OK,
19,dev_0190,1,7_00008,14,1,234,3,7,72,114,4,42,"[""e31c2a0c-28b1-4b27-b451-8b417db4065e""]","[""SUCCEEDED""]",OK,
19,dev_0190,2,8_00099,18,2,361,7,11,114,195,4,81,"[""5f2910f0-64e6-472c-a72b-2076c64bbe4c""]","[""SUCCEEDED""]",OK,
19,dev_0190,3,4_00036,20,1,270,11,14,195,260,3,65,"[""04d51108-7fd1-4f9a-b523-392af6b967c3""]","[""SUCCEEDED""]",OK,
19,dev_0190,4,2_00105,18,1,443,14,15,260,302,1,42,"[""2946f49e-850a-4363-9ab1-d1d500bdaf87""]","[""SUCCEEDED""]",OK,
19,dev_0190,5,16_00008,28,3,513,15,18,302,374,3,72,"[""9993d6c9-512a-468c-9dee-e827fec96ead""]","[""SUCCEEDED""]",OK,
19,dev_0190,6,4_00120,18,1,219,18,20,374,422,2,48,"[""e711ae07-e7cf-427f-aef9-d5662e09a3b9""]","[""SUCCEEDED""]",OK,
19,dev_0190,7,18_00071,20,2,282,20,22,422,465,2,43,"[""1cc2a90e-880a-48b2-a059-43b1835763a0""]","[""SUCCEEDED""]",OK,
19,dev_0190,8,18_00111,22,2,281,22,28,465,544,6,79,"[""4e6731dd-cf6f-4426-8a96-ebf05c69132a""]","[""SUCCEEDED""]",OK,
19,dev_0243,0,9_00070,18,2,211,0,2,0,40,2,40,"[""5f5bb96c-417b-497c-afc9-e1a55ccdac5d""]","[""SUCCEEDED""]",OK,
19,dev_0243,1,18_00082,20,2,248,2,6,40,99,4,59,"[""282b4c9e-8b0d-4cbe-b58d-59457beaee9e""]","[""SUCCEEDED""]",OK,
19,dev_0243,2,15_00113,22,2,375,6,8,99,170,2,71,"[""e329e1ce-3d13-451b-8f2b-71121c0fde44""]","[""SUCCEEDED""]",OK,
19,dev_0243,3,14_00123,26,3,396,8,11,170,308,3,138,"[""399b7b32-8879-4e9e-89e5-ef38e9f49685""]","[""SUCCEEDED""]",OK,
19,dev_0243,4,1_00098,22,1,392,11,13,308,417,2,109,"[""413e95ff-3209-4ffc-8c36-ed65cbb2535c""]","[""SUCCEEDED""]",OK,
19,dev_0243,5,16_00053,16,2,209,13,14,417,445,1,28,"[""616d6b5f-a0b3-441d-a163-8ce657d95ac3""]","[""SUCCEEDED""]",OK,
19,dev_0243,6,8_00087,22,2,315,14,16,445,491,2,46,"[""3b08544a-fb8d-4781-a789-951259fad1b7""]","[""SUCCEEDED""]",OK,
19,dev_0302,0,13_00092,26,1,412,0,3,0,79,3,79,"[""d95123aa-8a7e-49dc-ab62-bc9697ac50fd""]","[""SUCCEEDED""]",OK,
19,dev_0302,1,5_00091,10,0,151,3,7,79,140,4,61,"[""3922780c-e45d-4cc8-9bb9-d7122e787bd6""]","[""SUCCEEDED""]",OK,
19,dev_0302,2,12_00008,26,2,521,7,14,140,357,7,217,"[""fe50109b-6bfd-4a63-8fa1-f22432f327f0""]","[""SUCCEEDED""]",OK,
19,dev_0302,3,1_00097,12,1,190,14,16,357,415,2,58,"[""4d07b78d-90e2-4197-b2f1-89f64dd2aefb""]","[""SUCCEEDED""]",OK,
19,dev_0302,4,9_00057,28,2,413,16,19,415,568,3,153,"[""4953e5c4-a127-412d-a870-9abc78d0f6f7""]","[""SUCCEEDED""]",OK,
19,dev_0302,5,20_00065,24,3,339,19,22,568,659,3,91,"[""67c2c260-6005-4f66-aa42-b396e09e2aed""]","[""SUCCEEDED""]",OK,
20,dev_0039,0,20_00072,24,2,360,0,3,0,76,3,76,"[""ee75f2ff-4c03-4ca2-ac86-07cd558262ee""]","[""SUCCEEDED""]",OK,
20,dev_0039,1,6_00066,20,1,361,3,4,76,148,1,72,"[""926996c6-24f7-4bdc-8940-498c8bdddf70""]","[""SUCCEEDED""]",OK,
20,dev_0039,2,16_00011,22,3,325,4,7,148,243,3,95,"[""3c2d94de-a06e-488b-8b0a-ff16fb7d03e6""]","[""SUCCEEDED""]",OK,
20,dev_0039,3,11_00113,26,2,405,7,10,243,367,3,124,"[""62f5e91d-de9c-4443-9409-56c7e1e5dd58""]","[""SUCCEEDED""]",OK,
20,dev_0039,4,20_00016,16,3,261,10,15,367,431,5,64,"[""cff6b9a4-d99a-4cb8-a88c-096f382762f2""]","[""SUCCEEDED""]",OK,
20,dev_0039,5,1_00093,14,1,213,15,17,431,491,2,60,"[""7c378344-5b2f-4436-86a4-5f51a2d1eb96""]","[""SUCCEEDED""]",OK,
20,dev_0092,0,20_00074,22,2,227,0,2,0,71,2,71,"[""bb9e3071-0d9f-4756-aa31-bbdbd1c7f66a""]","[""SUCCEEDED""]",OK,
20,dev_0092,1,2_00010,10,1,165,2,3,71,86,1,15,"[""ab2df6c7-6692-4d4e-9c76-1a70378d8b05""]","[""SUCCEEDED""]",OK,
20,dev_0092,2,20_00014,20,2,344,3,7,86,143,4,57,"[""905e1b46-e65c-4ef9-9cf6-a2fc30c74eb9""]","[""SUCCEEDED""]",OK,
20,dev_0092,3,18_00018,32,2,385,7,12,143,256,5,113,"[""1ec3143a-b2f1-44db-8df4-6109c1097ce4""]","[""SUCCEEDED""]",OK,
20,dev_0092,4,4_00111,12,1,171,12,15,256,306,3,50,"[""4a9412a6-6fe3-4eb6-8fd6-c9659b5ddc1e""]","[""SUCCEEDED""]",OK,
20,dev_0092,5,12_00096,18,2,243,15,17,306,366,2,60,"[""fc8bcb38-1cf8-4afe-bb30-98cf6ddc9135""]","[""SUCCEEDED""]",OK,
20,dev_0092,6,1_00062,10,1,164,17,18,366,419,1,53,"[""acfb3349-288d-4112-9b97-7f9aa4fbee9a""]","[""SUCCEEDED""]",OK,
20,dev_0142,0,20_00085,20,2,307,0,2,0,38,2,38,"[""afa2c16f-6653-4460-98ca-f067e71e8f9a""]","[""SUCCEEDED""]",OK,
20,dev_0142,1,12_00064,14,2,179,2,4,38,69,2,31,"[""b96f5b22-997d-4195-be50-f2d523f3e8e6""]","[""SUCCEEDED""]",OK,
20,dev_0142,2,8_00103,20,2,240,4,7,69,113,3,44,"[""e223f1b0-eb59-49fc-9adf-10b1814b0e4f""]","[""SUCCEEDED""]",OK,
20,dev_0142,3,16_00014,30,3,461,7,12,113,251,5,138,"[""de739eba-be44-49d8-9901-980ae466639c""]","[""SUCCEEDED""]",OK,
20,dev_0142,4,1_00102,12,1,241,12,13,251,300,1,49,"[""103288ce-4b10-4377-b34a-594a8b001e58""]","[""SUCCEEDED""]",OK,
20,dev_0142,5,1_00063,8,1,125,13,14,300,319,1,19,"[""b7d5dc75-1d1a-4d70-8394-aaa39b4a2e08""]","[""SUCCEEDED""]",OK,
20,dev_0142,6,9_00088,10,2,117,14,16,319,348,2,29,"[""9ca23c2d-fe48-4b1e-b340-5307d053e59b""]","[""SUCCEEDED""]",OK,
20,dev_0142,7,10_00058,14,2,238,16,19,348,400,3,52,"[""5916c13b-133b-44a6-bd1a-10da71d0743d""]","[""SUCCEEDED""]",OK,
20,dev_0142,8,2_00112,14,1,213,19,20,400,425,1,25,"[""0f5ad00c-1e0e-4ce1-aa40-1a0763c2114c""]","[""SUCCEEDED""]",OK,
20,dev_0142,9,6_00067,24,1,294,20,21,425,496,1,71,"[""ce980e08-7c0e-46a2-8854-41e847cee860""]","[""SUCCEEDED""]",OK,
20,dev_0192,0,11_00073,16,1,305,0,4,0,82,4,82,"[""cc808a76-9b8f-4080-b453-558363c4c92a""]","[""SUCCEEDED""]",OK,
20,dev_0192,1,7_00015,14,1,189,4,7,82,184,3,102,"[""6c49efd4-ec50-41a1-8c2d-b21ff6bc712f""]","[""SUCCEEDED""]",OK,
20,dev_0192,2,20_00104,18,2,135,7,9,184,222,2,38,"[""6c8451c1-26d2-4256-9703-db4dd4f52d05""]","[""SUCCEEDED""]",OK,
20,dev_0192,3,18_00044,24,3,300,9,12,222,310,3,88,"[""5b16e905-9b99-4bc5-80a1-e491d357c08a""]","[""SUCCEEDED""]",OK,
20,dev_0192,4,17_00031,20,3,416,12,17,310,383,5,73,"[""00e84faa-867a-44a1-a8cf-0509a626f4dd""]","[""SUCCEEDED""]",OK,
20,dev_0192,5,2_00075,16,1,292,17,18,383,442,1,59,"[""b0523077-fe7e-42d9-a75f-de8cfc38776e""]","[""SUCCEEDED""]",OK,
20,dev_0192,6,4_00124,16,1,237,18,21,442,490,3,48,"[""49185c1a-a555-48a9-8ffc-b831c2a31492""]","[""SUCCEEDED""]",OK,
20,dev_0192,7,15_00066,20,2,466,21,24,490,560,3,70,"[""fb7977b3-8e03-44f6-b68b-e62777689be1""]","[""SUCCEEDED""]",OK,
20,dev_0244,0,3_00057,16,0,306,0,1,0,38,1,38,"[""12a025c5-0570-450d-804d-c578e2a0fa33""]","[""SUCCEEDED""]",OK,
20,dev_0244,1,10_00009,16,2,224,1,4,38,83,3,45,"[""deda9459-9b3c-4029-9310-3de273a49a01""]","[""SUCCEEDED""]",OK,
20,dev_0244,2,14_00046,34,2,525,4,7,83,135,3,52,"[""7456d06b-5b47-432d-b8b4-cb0e87e79235""]","[""SUCCEEDED""]",OK,
20,dev_0244,3,8_00032,30,2,410,7,9,135,216,2,81,"[""c5698649-aa2f-443a-acbd-6e6d61811dbb""]","[""SUCCEEDED""]",OK,
20,dev_0244,4,17_00089,44,4,634,9,13,216,325,4,109,"[""c7930665-9216-4363-b298-3b6e2d71f441""]","[""SUCCEEDED""]",OK,
20,dev_0244,5,10_00084,20,1,242,13,16,325,364,3,39,"[""561a1961-3da0-4fec-94ca-02e66d688607""]","[""SUCCEEDED""]",OK,
20,dev_0244,6,5_00097,8,0,84,16,17,364,391,1,27,"[""7b2914a4-1c14-471a-8e6a-0cc324826f1b""]","[""SUCCEEDED""]",OK,
20,dev_0244,7,8_00088,24,2,181,17,19,391,436,2,45,"[""1053d0a3-31dd-4a5d-b287-8ff26f32b00b""]","[""SUCCEEDED""]",OK,
20,dev_0244,8,1_00058,8,1,143,19,20,436,452,1,16,"[""693cb6ae-8d12-4571-b73f-853801094bd9""]","[""SUCCEEDED""]",OK,
20,dev_0244,9,15_00118,20,2,356,20,23,452,512,3,60,"[""a36e3b47-1985-467f-92b5-62bacec74391""]","[""SUCCEEDED""]",OK,
20,dev_0303,0,9_00075,10,1,151,0,2,0,29,2,29,"[""8518b595-5919-4f0c-aed5-c859d188a4e3""]","[""SUCCEEDED""]",OK,
20,dev_0303,1,18_00117,18,2,300,2,6,29,97,4,68,"[""efc545a5-a09c-43ef-b0f8-46c0fb3ed0c3""]","[""SUCCEEDED""]",OK,
20,dev_0303,2,19_00052,24,2,505,6,10,97,204,4,107,"[""2509b368-410b-468f-b4de-c860fa4dae54""]","[""SUCCEEDED""]",OK,
20,dev_0303,3,10_00103,20,2,284,10,12,204,230,2,26,"[""387c1603-12b3-4100-b097-7858fffedef6""]","[""SUCCEEDED""]",OK,
20,dev_0303,4,18_00110,24,2,298,12,18,230,314,6,84,"[""2416016f-abea-4176-8c0c-e2b967de67e3""]","[""SUCCEEDED""]",OK,
20,dev_0303,5,9_00015,26,2,349,18,21,314,389,3,75,"[""1fd9c42d-372b-470d-88c4-71a1c4d66cde""]","[""SUCCEEDED""]",OK,
20,dev_0303,6,13_00041,24,3,406,21,24,389,477,3,88,"[""e5046965-1caa-4a6e-a46c-086cb73dcf79""]","[""SUCCEEDED""]",OK,
20,dev_0303,7,16_00062,26,2,316,24,26,477,563,2,86,"[""c651056a-725b-47c2-8c78-832b65189a14""]","[""SUCCEEDED""]",OK,
20,dev_0303,8,19_00084,30,2,477,26,28,563,659,2,96,"[""e0aa2eab-c851-4a73-be88-75ed6cd58359""]","[""SUCCEEDED""]",OK,
20,dev_0303,9,13_00086,22,1,309,28,32,659,735,4,76,"[""3c1ca226-d3f4-45d7-8d45-1b676164169e""]","[""SUCCEEDED""]",OK,
21,dev_0040,0,4_00019,14,1,244,0,1,0,46,1,46,"[""525b3439-33ec-4b13-a67b-d212ad9cf3fd""]","[""SUCCEEDED""]",OK,
21,dev_0040,1,4_00002,8,1,151,1,1,46,70,0,24,"[""62adf588-f5d7-4b22-ae9d-53269d23e3fc""]","[""SUCCEEDED""]",OK,
21,dev_0040,2,6_00021,12,1,173,1,6,70,144,5,74,"[""1ef9c9ee-d490-4967-9fce-8284d7483c48""]","[""SUCCEEDED""]",OK,
21,dev_0040,3,15_00043,18,2,302,6,8,144,192,2,48,"[""3c077279-8a08-4348-bea0-5c874f956c8b""]","[""SUCCEEDED""]",OK,
21,dev_0040,4,8_00117,14,2,297,8,10,192,246,2,54,"[""74f7f972-5e47-4642-b136-9a9a9b94f994""]","[""SUCCEEDED""]",OK,
21,dev_0040,5,2_00030,14,1,205,10,11,246,273,1,27,"[""bd75d037-39bf-4a6f-9de1-6aaa54330c80""]","[""SUCCEEDED""]",OK,
21,dev_0040,6,12_00099,18,2,276,11,12,273,295,1,22,"[""6e7d9f4d-bd0e-4d79-97c5-c49ed793101b""]","[""SUCCEEDED""]",OK,
21,dev_0040,7,1_00104,12,1,221,12,14,295,356,2,61,"[""e29b954a-ffe0-4a21-917b-ee6885a4b1ce""]","[""SUCCEEDED""]",OK,
21,dev_0040,8,4_00042,18,1,229,14,18,356,490,4,134,"[""480ea4b5-5e45-4af1-906c-34b5fe31e2cd""]","[""SUCCEEDED""]",OK,
21,dev_0040,9,3_00085,12,1,158,18,18,490,490,0,0,"[""5c2e916b-748a-4eb8-9110-6e519e47be23""]","[""SUCCEEDED""]",OK,
21,dev_0093,0,14_00063,20,2,275,0,4,0,88,4,88,"[""8c70cc0b-836e-4801-90f2-abef90d3853d""]","[""SUCCEEDED""]",OK,
21,dev_0093,1,9_00064,24,2,469,4,11,88,191,7,103,"[""475599c5-4984-4d3f-a982-9eab0fc5dcef""]","[""SUCCEEDED""]",OK,
21,dev_0093,2,14_00062,32,2,474,11,15,191,285,4,94,"[""992e2fe3-dc4b-47e3-ab73-d6394be2a3f8""]","[""SUCCEEDED""]",OK,
21,dev_0093,3,3_00087,6,1,81,15,16,285,302,1,17,"[""ae9b1e75-6eea-4479-8a2e-1e90c075eab3""]","[""SUCCEEDED""]",OK,
21,dev_0093,4,14_00004,24,2,294,16,19,302,386,3,84,"[""a8823484-78d0-4709-9940-f7375acc8578""]","[""SUCCEEDED""]",OK,
21,dev_0093,5,6_00035,18,1,321,19,22,386,449,3,63,"[""47036c2a-a414-4a0f-a2ae-4d59a823d72c""]","[""SUCCEEDED""]",OK,
21,dev_0143,0,5_00009,16,1,182,0,4,0,50,4,50,"[""574411bd-8ecd-4593-9139-62f5384c5843""]","[""SUCCEEDED""]",OK,
21,dev_0143,1,6_00080,22,1,348,4,6,50,94,2,44,"[""b98f6a1d-2abf-43bf-bba7-4f7308f19142""]","[""SUCCEEDED""]",OK,
21,dev_0143,2,13_00013,12,2,226,6,10,94,181,4,87,"[""5a38c184-598b-46f8-9ceb-b1684e472b5b""]","[""SUCCEEDED""]",OK,
21,dev_0143,3,14_00126,22,3,440,10,13,181,300,3,119,"[""aaf5d23b-aaa8-48c0-8d8a-7331b4ee20d9""]","[""SUCCEEDED""]",OK,
21,dev_0143,4,11_00111,24,2,361,13,15,300,381,2,81,"[""459f100e-f7fb-4d85-ab77-4050429929d7""]","[""SUCCEEDED""]",OK,
21,dev_0143,5,10_00063,14,1,237,15,18,381,416,3,35,"[""f2a2236c-8a9d-4466-95df-f1c211721024""]","[""SUCCEEDED""]",OK,
21,dev_0143,6,4_00107,16,1,234,18,20,416,471,2,55,"[""68a25d0e-edec-47bc-9657-35adc57ca885""]","[""SUCCEEDED""]",OK,
21,dev_0143,7,4_00055,16,1,288,20,25,471,545,5,74,"[""ab53fb37-b8ab-49fa-aeb1-f9628f2b84a2""]","[""SUCCEEDED""]",OK,
21,dev_0143,8,6_00123,8,1,211,25,26,545,567,1,22,"[""0be377b3-3458-4ee2-912d-a15239cdb509""]","[""SUCCEEDED""]",OK,
21,dev_0193,0,8_00062,16,2,244,0,2,0,41,2,41,"[""b3b7ceb6-62e7-40e6-9eff-9c4aa602decd""]","[""SUCCEEDED""]",OK,
21,dev_0193,1,11_00085,22,1,220,2,5,41,94,3,53,"[""a4a48863-1b50-4e5a-acab-0b486decf454""]","[""SUCCEEDED""]",OK,
21,dev_0193,2,15_00052,28,2,432,5,7,94,159,2,65,"[""aff44f59-90c0-4758-bd8e-59987914f734""]","[""SUCCEEDED""]",OK,
21,dev_0193,3,8_00042,30,2,470,7,9,159,259,2,100,"[""bd023850-fc4a-42b2-9351-dd533f11df52""]","[""SUCCEEDED""]",OK,
21,dev_0193,4,17_00116,36,2,669,9,12,259,372,3,113,"[""a5f3cc4a-57d5-46e1-ab36-5eaada04b2de""]","[""SUCCEEDED""]",OK,
21,dev_0193,5,4_00067,22,1,229,12,14,372,418,2,46,"[""94bc1bca-955c-440f-b98f-47670f1aea28""]","[""SUCCEEDED""]",OK,
21,dev_0193,6,14_00041,20,2,350,14,16,418,470,2,52,"[""1b213852-7779-458b-a07e-a61776bd4aef""]","[""SUCCEEDED""]",OK,
21,dev_0193,7,16_00079,16,2,231,16,19,470,515,3,45,"[""1ed96174-a679-4349-8db8-b31c06571c25""]","[""SUCCEEDED""]",OK,
21,dev_0246,0,16_00042,28,3,535,0,3,0,80,3,80,"[""396cd25a-4d63-400e-a527-8518609e6a71""]","[""SUCCEEDED""]",OK,
21,dev_0246,1,2_00085,18,1,287,3,5,80,140,2,60,"[""47f9e887-36f0-4eb5-977c-52b8e32b1c87""]","[""SUCCEEDED""]",OK,
21,dev_0246,2,12_00062,18,2,352,5,7,140,200,2,60,"[""46fa8d44-d328-4eb4-8bf1-0c622de2ee11""]","[""SUCCEEDED""]",OK,
21,dev_0246,3,10_00098,16,2,218,7,9,200,234,2,34,"[""d98f42cf-abf2-4aca-93dd-620e59b567ae""]","[""SUCCEEDED""]",OK,
21,dev_0246,4,15_00104,26,2,352,9,12,234,303,3,69,"[""5d63c9a6-0f73-43e5-8834-b93d4ae433ad""]","[""SUCCEEDED""]",OK,
21,dev_0246,5,12_00102,28,2,360,12,16,303,381,4,78,"[""5f9af01a-3623-4769-a53f-cdfc76c84a53""]","[""SUCCEEDED""]",OK,
21,dev_0246,6,12_00023,28,2,614,16,18,381,503,2,122,"[""11c0b95f-59a7-40ec-9d9d-611e76d9fb54""]","[""SUCCEEDED""]",OK,
21,dev_0246,7,17_00085,32,4,632,18,24,503,714,6,211,"[""7cacff71-f103-49de-a497-cb670af527b4""]","[""SUCCEEDED""]",OK,
21,dev_0246,8,18_00067,26,3,178,24,27,714,761,3,47,"[""0876a251-0dfa-43e5-b8a6-9d1951af65c7""]","[""SUCCEEDED""]",OK,
21,dev_0304,0,16_00000,22,3,325,0,3,0,64,3,64,"[""c1b809e4-e268-4086-9760-7bdda4686d18""]","[""SUCCEEDED""]",OK,
21,dev_0304,1,3_00050,26,0,313,3,10,64,189,7,125,"[""38d275b7-89c9-49d9-8b71-8c42782d3223""]","[""SUCCEEDED""]",OK,
21,dev_0304,2,20_00079,24,2,274,10,14,189,266,4,77,"[""9966673e-9125-42c3-ab2d-9458b68c37fc""]","[""SUCCEEDED""]",OK,
21,dev_0304,3,7_00014,12,1,244,14,17,266,339,3,73,"[""650e53c9-99fc-47a3-9029-0f9b15af0262""]","[""SUCCEEDED""]",OK,
21,dev_0304,4,17_00004,20,3,291,17,19,339,365,2,26,"[""9c3f5edb-0b21-4dc3-a3fe-e297544efb56""]","[""SUCCEEDED""]",OK,
21,dev_0304,5,18_00036,34,3,376,19,22,365,424,3,59,"[""c32e6dde-7f08-4821-8ccd-609f7532acbe""]","[""SUCCEEDED""]",OK,
21,dev_0304,6,19_00013,22,2,342,22,24,424,479,2,55,"[""72f95844-1bfa-4af4-8709-bf0091f4bee5""]","[""SUCCEEDED""]",OK,
21,dev_0304,7,17_00010,16,3,238,24,27,479,518,3,39,"[""634f7926-d7b2-40b8-af57-e7d417f4a81d""]","[""SUCCEEDED""]",OK,
22,dev_0041,0,19_00106,22,2,282,0,3,0,68,3,68,"[""45d0dbd0-18e2-40cf-9e32-801ae34ecbe0""]","[""SUCCEEDED""]",OK,
22,dev_0041,1,9_00120,10,2,216,3,7,68,120,4,52,"[""3bb65607-3c02-4f83-b2d9-f52b0d855582""]","[""SUCCEEDED""]",OK,
22,dev_0041,2,10_00040,14,2,171,7,8,120,150,1,30,"[""0e7e9f32-c361-41e6-a377-ee1da97deaf8""]","[""SUCCEEDED""]",OK,
22,dev_0041,3,20_00087,26,2,363,8,12,150,276,4,126,"[""02095343-967f-4144-ac65-c94b50f235ba""]","[""SUCCEEDED""]",OK,
22,dev_0041,4,18_00034,36,3,410,12,16,276,327,4,51,"[""5fe422d3-ef88-405d-8d52-84029473fb26""]","[""SUCCEEDED""]",OK,
22,dev_0041,5,9_00117,10,1,93,16,20,327,372,4,45,"[""8d6f6f4b-daf8-42c7-ae3d-91b1f58dd542""]","[""SUCCEEDED""]",OK,
22,dev_0041,6,1_00122,22,1,290,20,23,372,431,3,59,"[""fc11605d-9961-492a-9e7e-6ec0a37d73ef""]","[""SUCCEEDED""]",OK,
22,dev_0041,7,14_00073,22,2,286,23,27,431,517,4,86,"[""1d654c2d-ab00-40ac-89ee-eb09687c66b9""]","[""SUCCEEDED""]",OK,
22,dev_0041,8,15_00048,18,2,291,27,29,517,571,2,54,"[""8e6bd79b-1822-45f0-afd5-86b6c0373c9c""]","[""SUCCEEDED""]",OK,
22,dev_0041,9,1_00022,16,1,286,29,31,571,641,2,70,"[""b970bacc-adb2-4fb0-babb-4c27b053aa2b""]","[""SUCCEEDED""]",OK,
22,dev_0094,0,8_00003,24,2,395,0,2,0,69,2,69,"[""e0db0213-117c-4866-8398-c8ffa751a736""]","[""SUCCEEDED""]",OK,
22,dev_0094,1,3_00052,22,0,351,2,6,69,146,4,77,"[""22c90d26-6e67-4c74-8af9-1009dffe2c36""]","[""SUCCEEDED""]",OK,
22,dev_0094,2,8_00072,26,2,347,6,8,146,188,2,42,"[""a371ada5-af5c-4518-93ff-3890c0172dec""]","[""SUCCEEDED""]",OK,
22,dev_0094,3,11_00003,14,2,217,8,11,188,254,3,66,"[""39882249-99fe-4040-86ca-908bb439d0c7""]","[""SUCCEEDED""]",OK,
22,dev_0094,4,11_00033,18,2,254,11,14,254,302,3,48,"[""ca3baa91-1cbd-4d6e-8227-a8bf5ebb3837""]","[""SUCCEEDED""]",OK,
22,dev_0094,5,14_00013,20,2,341,14,16,302,371,2,69,"[""9a7f6d91-be0a-4625-9a78-c7cd59601c47""]","[""SUCCEEDED""]",OK,
22,dev_0094,6,14_00042,28,2,378,16,18,371,458,2,87,"[""a94a4afb-e5da-46cb-b8ae-d518a4d1cf67""]","[""SUCCEEDED""]",OK,
22,dev_0094,7,8_00108,18,2,255,18,21,458,500,3,42,"[""a9384d3e-89a8-486b-adda-793292fe7553""]","[""SUCCEEDED""]",OK,
22,dev_0094,8,5_00054,10,1,129,21,22,500,516,1,16,"[""45671b23-2839-44d5-8302-48d94883035b""]","[""SUCCEEDED""]",OK,
22,dev_0144,0,10_00089,22,2,276,0,6,0,72,6,72,"[""659e3a25-0527-490e-9fe4-9e17ad7f8581""]","[""SUCCEEDED""]",OK,
22,dev_0144,1,12_00071,26,2,294,6,9,72,119,3,47,"[""c7042883-35ce-4386-977a-d533c97c8469""]","[""SUCCEEDED""]",OK,
22,dev_0144,2,7_00053,18,1,277,9,10,119,153,1,34,"[""2d22d0b0-7a92-43b9-9bc7-218ba34bc581""]","[""SUCCEEDED""]",OK,
22,dev_0144,3,19_00003,26,2,329,10,12,153,264,2,111,"[""6ec3a180-5497-4f3b-bed6-226a2b454c60""]","[""SUCCEEDED""]",OK,
22,dev_0144,4,13_00012,10,2,202,12,14,264,291,2,27,"[""2981516e-964f-42e8-a011-d0be7acd337a""]","[""SUCCEEDED""]",OK,
22,dev_0144,5,1_00074,8,1,157,14,15,291,322,1,31,"[""b8bee5fa-ed22-41cf-a99a-4da3748671f8""]","[""SUCCEEDED""]",OK,
22,dev_0144,6,15_00126,24,3,400,15,20,322,416,5,94,"[""f6d6fc6a-a787-4cf5-9dcd-e1a265098e54""]","[""SUCCEEDED""]",OK,
22,dev_0144,7,11_00100,26,1,347,20,24,416,518,4,102,"[""e3ed09e9-90ef-44bc-afd1-6bc54b4c00d0""]","[""SUCCEEDED""]",OK,
22,dev_0194,0,10_00068,14,1,109,0,2,0,29,2,29,"[""cb0d3447-e0b1-4d2c-811c-b804c0bd0050""]","[""SUCCEEDED""]",OK,
22,dev_0194,1,14_00082,24,2,434,2,4,29,90,2,61,"[""fc33a959-3e64-4426-97b2-4f9ea3294157""]","[""SUCCEEDED""]",OK,
22,dev_0194,2,12_00020,24,2,417,4,6,90,183,2,93,"[""3c8a63ca-8e6d-473c-add7-827b865d86a5""]","[""SUCCEEDED""]",OK,
22,dev_0194,3,10_00086,20,2,284,6,7,183,225,1,42,"[""68900284-4261-41d0-97f0-3ce2c20c576f""]","[""SUCCEEDED""]",OK,
22,dev_0194,4,8_00107,20,2,323,7,11,225,282,4,57,"[""fa2cfa76-69d4-415b-ba4c-e9fdd739ea19""]","[""SUCCEEDED""]",OK,
22,dev_0194,5,10_00047,16,1,211,11,11,282,282,0,0,"[""406b9a51-7081-41d9-a5b1-67e1afcb913c""]","[""SUCCEEDED""]",OK,
22,dev_0194,6,10_00072,12,2,219,11,14,282,367,3,85,"[""23a5dcdc-6c9f-4411-8926-8ef83ef52e15""]","[""SUCCEEDED""]",OK,
22,dev_0247,0,5_00011,16,1,143,0,2,0,39,2,39,"[""035520eb-754e-4d50-a835-d7e559b50bdb""]","[""SUCCEEDED""]",OK,
22,dev_0247,1,12_00113,14,2,255,2,4,39,97,2,58,"[""6c1ef215-0280-437f-ac1d-59bd0d22e39c""]","[""SUCCEEDED""]",OK,
22,dev_0247,2,6_00100,18,1,192,4,5,97,120,1,23,"[""15864d00-21d6-4034-9c29-017868a6dae1""]","[""SUCCEEDED""]",OK,
22,dev_0247,3,11_00107,26,1,302,5,11,120,226,6,106,"[""843d4cd1-ca8d-4ac7-890c-aca2bdd9ed83""]","[""SUCCEEDED""]",OK,
22,dev_0247,4,9_00003,24,2,189,11,13,226,237,2,11,"[""b3e5a982-6813-4a4e-9e99-aeb5e564d734""]","[""SUCCEEDED""]",OK,
22,dev_0247,5,3_00005,10,0,113,13,14,237,249,1,12,"[""e04fd091-6dd2-48a5-9e0b-a989312fefed""]","[""SUCCEEDED""]",OK,
22,dev_0247,6,4_00039,22,1,260,14,17,249,324,3,75,"[""48d8d0b4-2e5d-4b81-b904-d83dca7d5ff9""]","[""SUCCEEDED""]",OK,
22,dev_0247,7,2_00020,14,1,166,17,18,324,337,1,13,"[""6bc451a4-f987-4109-bc5d-74351909c9a9""]","[""SUCCEEDED""]",OK,
22,dev_0247,8,8_00101,22,2,286,18,25,337,411,7,74,"[""72a3d9e0-3f6d-4337-bff7-58a3d69efc9c""]","[""SUCCEEDED""]",OK,
22,dev_0305,0,17_00025,12,3,289,0,4,0,59,4,59,"[""97e8cc9a-d638-4a6e-bfc0-938c57bf9ca2""]","[""SUCCEEDED""]",OK,
22,dev_0305,1,20_00077,22,2,275,4,6,59,124,2,65,"[""5f36c5b4-a7b2-492a-bc9d-5e0a47cf3a9b""]","[""SUCCEEDED""]",OK,
22,dev_0305,2,3_00077,8,1,171,6,6,124,124,0,0,"[""25216636-253a-4840-be96-d17a2d1a55dd""]","[""SUCCEEDED""]",OK,
22,dev_0305,3,17_00073,38,4,855,6,14,124,303,8,179,"[""b796c1a3-f27a-4426-95a2-c33ce10e4f14""]","[""SUCCEEDED""]",OK,
22,dev_0305,4,20_00073,28,2,387,14,15,303,337,1,34,"[""32937fe4-625e-487a-8c34-d2beb4e48dcc""]","[""SUCCEEDED""]",OK,
23,dev_0042,0,19_00079,28,2,599,0,3,0,157,3,157,"[""4c5936f2-1d05-48eb-aacb-eb0d9d5ea35b""]","[""SUCCEEDED""]",OK,
23,dev_0042,1,13_00029,12,2,230,3,5,157,189,2,32,"[""d80c60b1-d728-4fbb-9097-16a21e8170ff""]","[""SUCCEEDED""]",OK,
23,dev_0042,2,16_00060,14,2,284,5,6,189,230,1,41,"[""2873619f-9bc2-4a10-bf1a-c8042ee6a962""]","[""SUCCEEDED""]",OK,
23,dev_0042,3,17_00064,22,4,623,6,10,230,388,4,158,"[""ad700725-0853-405f-94ee-6d852901182c""]","[""SUCCEEDED""]",OK,
23,dev_0042,4,4_00088,16,1,228,10,13,388,447,3,59,"[""458f63c9-5d81-401b-97b6-cbcd027c6304""]","[""SUCCEEDED""]",OK,
23,dev_0042,5,3_00056,22,0,363,13,20,447,601,7,154,"[""88298c26-04df-471c-ae41-aec6feb06004""]","[""SUCCEEDED""]",OK,
23,dev_0042,6,19_00041,24,2,464,20,27,601,731,7,130,"[""b94213b4-3b50-4320-92e5-5f70906dd95c""]","[""SUCCEEDED""]",OK,
23,dev_0042,7,1_00118,18,1,325,27,32,731,858,5,127,"[""359899d7-6291-4388-931e-1fad864382ba""]","[""SUCCEEDED""]",OK,
23,dev_0095,0,15_00081,22,2,301,0,2,0,44,2,44,"[""bba63bf3-b7c8-4a4a-bd7d-5de1578fd767""]","[""SUCCEEDED""]",OK,
23,dev_0095,1,15_00094,18,2,297,2,2,44,64,0,20,"[""83966be8-8aeb-42f4-a7dc-7cab28c1b4c0""]","[""SUCCEEDED""]",OK,
23,dev_0095,2,4_00080,18,1,271,2,3,64,102,1,38,"[""e28d608f-c874-4e00-9f0c-f146cb919cd6""]","[""SUCCEEDED""]",OK,
23,dev_0095,3,11_00101,22,1,269,3,4,102,154,1,52,"[""bd447fc7-829b-47ef-8b19-6c940d49f05f""]","[""SUCCEEDED""]",OK,
23,dev_0095,4,17_00118,32,2,518,4,6,154,225,2,71,"[""33770098-9490-4268-b14e-60a5401ef6e0""]","[""SUCCEEDED""]",OK,
23,dev_0145,0,11_00074,18,1,254,0,2,0,36,2,36,"[""390a9f86-538e-4ecb-9f67-24c6f0e9652a""]","[""SUCCEEDED""]",OK,
23,dev_0145,1,5_00080,8,0,63,6,10,88,128,4,40,"[""0414c608-7204-4589-964b-f2d4103bd73d""]","[""SUCCEEDED""]",OK,
23,dev_0145,2,18_00084,14,2,229,10,14,128,210,4,82,"[""6b74d57d-5caf-4041-9fd1-6e1b13d3370b""]","[""SUCCEEDED""]",OK,
23,dev_0145,3,4_00116,20,1,218,14,17,210,256,3,46,"[""d6a7cd28-60b6-4d3d-9056-658ff28bdbb6""]","[""SUCCEEDED""]",OK,
23,dev_0145,4,13_00114,30,1,504,17,21,256,346,4,90,"[""f790e12d-45ad-4610-8910-43eaa513ed04""]","[""SUCCEEDED""]",OK,
23,dev_0145,5,6_00058,22,1,256,21,24,346,434,3,88,"[""c22316c2-a01e-4959-953e-f560dd0fd3b5""]","[""SUCCEEDED""]",OK,
23,dev_0145,6,5_00058,12,1,213,24,26,434,480,2,46,"[""9d9b9ff2-270a-4fff-8a9a-e5c376ffc1a9""]","[""SUCCEEDED""]",OK,
23,dev_0145,7,5_00087,4,0,46,26,26,480,483,0,3,"[""43989667-e386-4079-b913-66594c4d9082""]","[""SUCCEEDED""]",OK,
23,dev_0145,8,14_00030,30,2,365,26,27,483,542,1,59,"[""e3f0690a-0378-4267-81df-d60f65c123f8""]","[""SUCCEEDED""]",OK,
23,dev_0145,9,20_00076,16,2,313,27,29,542,600,2,58,"[""16d8473d-dec8-403a-8494-ee1c304825d1""]","[""SUCCEEDED""]",OK,
23,dev_0195,0,3_00017,12,0,102,0,2,0,16,2,16,"[""e91866d0-21a1-485c-ae2f-1daf0b05f791""]","[""SUCCEEDED""]",OK,
23,dev_0195,1,3_00109,12,1,206,2,4,16,54,2,38,"[""06a29052-78b4-4f64-ab56-2c449baccf12""]","[""SUCCEEDED""]",OK,
23,dev_0195,2,13_00047,20,3,360,4,7,54,163,3,109,"[""8ef942e1-9cd3-4c99-ba9c-3457cd91b36b""]","[""SUCCEEDED""]",OK,
23,dev_0195,3,18_00023,46,2,668,7,10,163,289,3,126,"[""25725cc4-1d6d-42f6-a973-8fe84116c4d8""]","[""SUCCEEDED""]",OK,
23,dev_0195,4,14_00072,30,2,510,10,15,289,391,5,102,"[""5fe33789-e349-4324-b0ef-e6cd5091ea85""]","[""SUCCEEDED""]",OK,
23,dev_0195,5,14_00060,20,2,246,15,18,391,452,3,61,"[""6a885415-f1e5-4bc9-997d-a0030eb97e7b""]","[""SUCCEEDED""]",OK,
23,dev_0195,6,9_00035,22,2,293,18,22,452,528,4,76,"[""84324cd0-f3e7-4faf-abe5-ccd6018d1a9f""]","[""SUCCEEDED""]",OK,
23,dev_0195,7,5_00006,14,1,191,22,23,528,557,1,29,"[""181013e9-cc01-437a-806e-94f0951dc0a7""]","[""SUCCEEDED""]",OK,
23,dev_0195,8,6_00097,12,1,196,23,25,557,579,2,22,"[""749f378f-dc14-46df-9a9a-9f4d725c8d91""]","[""SUCCEEDED""]",OK,
23,dev_0249,0,18_00026,40,2,598,0,9,0,133,9,133,"[""8409571c-6d91-4d37-a3d4-b4604fd72e26""]","[""SUCCEEDED""]",OK,
23,dev_0249,1,9_00123,16,2,308,9,17,133,233,8,100,"[""02c81bc1-ce16-4e97-af77-68a7c61b6dca""]","[""SUCCEEDED""]",OK,
23,dev_0249,2,10_00099,12,2,148,17,19,233,251,2,18,"[""5777b710-c066-459b-ae60-ef38cdbab480""]","[""SUCCEEDED""]",OK,
23,dev_0249,3,9_00109,16,2,276,19,20,251,296,1,45,"[""fae2b27a-bc61-40fd-bf2b-6698c1babfaf""]","[""SUCCEEDED""]",OK,
23,dev_0249,4,12_00058,28,2,414,20,22,296,397,2,101,"[""3c9969a0-0eb4-4c93-91a4-b0aa915f0746""]","[""SUCCEEDED""]",OK,
23,dev_0249,5,9_00115,16,2,230,22,24,397,450,2,53,"[""44e5030d-0f2e-42d8-8920-37334a3e24e7""]","[""SUCCEEDED""]",OK,
23,dev_0249,6,20_00003,20,2,358,24,27,450,518,3,68,"[""a18d8eae-b21e-4bfe-9e63-b552f34ef7b6""]","[""SUCCEEDED""]",OK,
23,dev_0249,7,1_00043,16,1,298,27,28,518,560,1,42,"[""ebf860e7-cfe5-4510-bfbb-370f672024b7""]","[""SUCCEEDED""]",OK,
23,dev_0249,8,20_00086,16,2,306,28,30,560,595,2,35,"[""114d5670-fec2-4a36-b935-d49522738f2d""]","[""SUCCEEDED""]",OK,
23,dev_0306,0,14_00049,26,2,454,0,2,0,57,2,57,"[""90a68c12-29e4-4124-aded-e4283b35fbce""]","[""SUCCEEDED""]",OK,
23,dev_0306,1,1_00123,12,1,154,2,3,57,68,1,11,"[""fd35bd95-b950-4f21-b1f9-18b3b02567cc""]","[""SUCCEEDED""]",OK,
23,dev_0306,2,18_00043,28,3,449,3,14,68,221,11,153,"[""84f53eeb-183a-4983-9b86-0cc8b9f95570""]","[""SUCCEEDED""]",OK,
23,dev_0306,3,10_00035,20,2,258,14,16,221,282,2,61,"[""c01a87ce-e705-4b0c-9b29-5622fa3e428e""]","[""SUCCEEDED""]",OK,
23,dev_0306,4,16_00070,20,2,369,16,23,282,408,7,126,"[""13c77fdf-c581-4d2e-8698-5edf26ed801e""]","[""SUCCEEDED""]",OK,
23,dev_0306,5,18_00085,20,2,333,23,25,408,473,2,65,"[""e5fb5060-fbb6-42ca-af97-5710a4da5688""]","[""SUCCEEDED""]",OK,
23,dev_0306,6,8_00007,26,2,410,25,27,473,538,2,65,"[""75e37ef8-ba25-4233-adec-cd1de3004220""]","[""SUCCEEDED""]",OK,
24,dev_0044,0,18_00092,18,2,155,0,5,0,82,5,82,"[""706fcd70-0cdc-4aaa-96b8-5025b0a078f9""]","[""SUCCEEDED""]",OK,
24,dev_0044,1,15_00102,18,2,312,5,7,82,144,2,62,"[""e2bd76bb-d4c8-4e81-80dc-9664cc7c6cb3""]","[""SUCCEEDED""]",OK,
24,dev_0044,2,8_00056,24,2,329,7,12,144,234,5,90,"[""d98c211e-96c8-4dc8-8518-4782c1fb29ef""]","[""SUCCEEDED""]",OK,
24,dev_0044,3,1_00030,6,1,111,12,13,234,256,1,22,"[""a5b4f24c-1300-4b48-8783-cf265fa0632a""]","[""SUCCEEDED""]",OK,
24,dev_0044,4,6_00074,24,1,548,13,14,256,296,1,40,"[""1e9232bb-1d68-4617-8bc2-f387af860e1b""]","[""SUCCEEDED""]",OK,
24,dev_0044,5,13_00050,22,3,411,14,17,296,353,3,57,"[""d423d989-1e58-4c8b-ab83-d3680a3e70f2""]","[""SUCCEEDED""]",OK,
24,dev_0044,6,19_00046,30,2,442,17,19,353,454,2,101,"[""ca9d5189-dbf8-4517-9492-b744a83a015f""]","[""SUCCEEDED""]",OK,
24,dev_0044,7,10_00067,16,1,148,19,21,454,492,2,38,"[""b3c9f018-f711-40cd-ae97-87182887f39f""]","[""SUCCEEDED""]",OK,
24,dev_0096,0,12_00038,26,2,307,0,3,0,66,3,66,"[""b6999e14-dc4e-43e4-aa1a-e93b599f9b9c""]","[""SUCCEEDED""]",OK,
24,dev_0096,1,16_00127,20,2,267,3,5,66,103,2,37,"[""4942c344-64d5-48c6-88e3-2c3dc412b93f""]","[""SUCCEEDED""]",OK,
24,dev_0096,2,9_00122,16,2,300,5,7,103,127,2,24,"[""c6675fb2-aa9d-431d-8e0f-cbb2ad33f215""]","[""SUCCEEDED""]",OK,
24,dev_0096,3,10_00053,12,2,270,7,8,127,168,1,41,"[""e1307c0d-6bbe-4e2c-879d-4050d61d5aa1""]","[""SUCCEEDED""]",OK,
24,dev_0096,4,12_00087,18,2,298,8,11,168,225,3,57,"[""036a5c29-1fe4-43bb-9074-fd3ab2c5f42c""]","[""SUCCEEDED""]",OK,
24,dev_0096,5,10_00097,18,2,220,11,16,225,291,5,66,"[""9dddf03d-979a-4039-8586-7e6aa1568def""]","[""SUCCEEDED""]",OK,
24,dev_0146,0,14_00074,22,2,320,0,2,0,54,2,54,"[""ece1761d-d9cd-42e3-9f4d-93b9c804169e""]","[""SUCCEEDED""]",OK,
24,dev_0146,1,17_00100,44,4,660,2,6,54,195,4,141,"[""0a9ddec7-193b-4bd7-a066-858089aa3deb""]","[""SUCCEEDED""]",OK,
24,dev_0146,2,1_00081,16,1,280,6,8,195,240,2,45,"[""eddc0df6-6027-4a41-bb77-3ffea8c5c22b""]","[""SUCCEEDED""]",OK,
24,dev_0146,3,8_00033,30,2,438,8,10,240,304,2,64,"[""373874c7-6681-4346-8b45-360f753d9c83""]","[""SUCCEEDED""]",OK,
24,dev_0146,4,2_00044,22,1,328,10,13,304,385,3,81,"[""3f2d7987-e9de-44b7-b427-c0281053e379""]","[""SUCCEEDED""]",OK,
24,dev_0196,0,16_00012,24,3,383,0,3,0,88,3,88,"[""b649ff21-78f1-420c-83d3-5e1b50be1746""]","[""SUCCEEDED""]",OK,
24,dev_0196,1,17_00005,16,3,309,3,6,88,149,3,61,"[""d95f50d6-7b9b-4635-9641-0727b0549fd0""]","[""SUCCEEDED""]",OK,
24,dev_0196,2,4_00090,24,1,395,6,10,149,245,4,96,"[""91d81497-be3b-49ca-8676-8aa466b14ffb""]","[""SUCCEEDED""]",OK,
24,dev_0196,3,7_00017,16,1,195,10,14,245,283,4,38,"[""33b697a4-a292-473f-9305-7951fbad652d""]","[""SUCCEEDED""]",OK,
24,dev_0196,4,15_00030,20,2,367,14,16,283,361,2,78,"[""38e33dd9-9c52-458d-937c-b3ff34ea3f37""]","[""SUCCEEDED""]",OK,
24,dev_0196,5,13_00080,16,3,363,16,19,361,431,3,70,"[""50056f9b-b5a4-43fc-bffb-4d8d656482f4""]","[""SUCCEEDED""]",OK,
24,dev_0196,6,20_00083,18,2,341,19,20,431,443,1,12,"[""3c1b07a4-7a9d-4575-979d-3c9fcf149784""]","[""SUCCEEDED""]",OK,
24,dev_0250,0,19_00089,28,2,441,0,2,0,85,2,85,"[""eeec5a8c-07f4-44c2-8482-511ae866670a""]","[""SUCCEEDED""]",OK,
24,dev_0250,1,17_00114,32,2,602,2,6,85,181,4,96,"[""aea91a4b-4b84-4bef-a520-21c51cac3f44""]","[""SUCCEEDED""]",OK,
24,dev_0250,2,14_00053,28,2,330,6,9,181,242,3,61,"[""dd198aff-a9f7-41d2-b913-a3316e0f03b7""]","[""SUCCEEDED""]",OK,
24,dev_0250,3,5_00010,16,1,181,9,11,242,269,2,27,"[""f21e2740-935c-4d73-91cc-e04d943910d0""]","[""SUCCEEDED""]",OK,
24,dev_0250,4,8_00050,22,2,292,11,13,269,331,2,62,"[""6d878c38-d4fa-4720-9901-b388ba181424""]","[""SUCCEEDED""]",OK,
24,dev_0250,5,4_00001,14,1,294,13,14,331,378,1,47,"[""29f7f6df-2e94-47b6-ad63-83a0594a73ef""]","[""SUCCEEDED""]",OK,
24,dev_0250,6,2_00102,16,1,324,14,17,378,455,3,77,"[""98b50f98-3e76-4b13-ae57-da19406ffd46""]","[""SUCCEEDED""]",OK,
24,dev_0250,7,5_00071,8,1,89,17,18,455,465,1,10,"[""48fa2caa-d2b0-4c35-a0b2-3c31fba7b07a""]","[""SUCCEEDED""]",OK,
24,dev_0250,8,5_00062,12,1,146,18,20,465,497,2,32,"[""02225517-91b9-45d5-8e4d-3bd621736ce7""]","[""SUCCEEDED""]",OK,
24,dev_0307,0,14_00052,28,2,378,0,4,0,92,4,92,"[""786fdf65-8245-4786-8386-f8543caa9fe0""]","[""SUCCEEDED""]",OK,
24,dev_0307,1,18_00037,22,3,352,4,8,92,142,4,50,"[""ed85f6f3-be47-448c-8f88-9d527da968c7""]","[""SUCCEEDED""]",OK,
24,dev_0307,2,14_00037,14,2,307,8,9,142,200,1,58,"[""01a103b3-24e2-49b4-a825-277141d76136""]","[""SUCCEEDED""]",OK,
24,dev_0307,3,17_00008,20,3,273,9,10,200,218,1,18,"[""9fef8504-7b72-4ef5-8879-2b7d59ef267a""]","[""SUCCEEDED""]",OK,
24,dev_0307,4,11_00029,20,2,288,10,12,218,255,2,37,"[""9d6534a6-65c4-4436-82a4-eb3d853e4c2a""]","[""SUCCEEDED""]",OK,
24,dev_0307,5,17_00027,14,3,234,12,14,255,300,2,45,"[""956459b1-3ec8-44f3-b5f1-2b6552aff08b""]","[""SUCCEEDED""]",OK,
25,dev_0045,0,13_00122,24,1,437,0,4,0,114,4,114,"[""fc4fd521-67b2-43b2-8920-78cfe6a269a9""]","[""SUCCEEDED""]",OK,
25,dev_0045,1,19_00112,28,2,310,4,7,114,185,3,71,"[""32532042-f0cd-451e-becc-c741d236ae6f""]","[""SUCCEEDED""]",OK,
25,dev_0045,2,6_00038,28,1,549,7,9,185,229,2,44,"[""8c9a33ba-36d0-492d-8821-b8468dd67ec5""]","[""SUCCEEDED""]",OK,
25,dev_0045,3,10_00105,14,2,224,9,14,229,313,5,84,"[""58497d68-51ea-41f8-ae17-f4b7d890eb61""]","[""SUCCEEDED""]",OK,
25,dev_0045,4,13_00027,12,2,285,14,16,313,365,2,52,"[""33683002-5f5f-415d-b3e0-3519df1b6a04""]","[""SUCCEEDED""]",OK,
25,dev_0097,0,12_00117,16,2,270,0,2,0,38,2,38,"[""86741b9c-8833-4a38-bc88-692ba7202f24""]","[""SUCCEEDED""]",OK,
25,dev_0097,1,20_00029,24,3,193,2,6,38,103,4,65,"[""30c9b22b-6411-4606-b7fe-0917cfe65f09""]","[""SUCCEEDED""]",OK,
25,dev_0097,2,3_00082,10,1,146,6,7,103,120,1,17,"[""3c2c7924-0656-4bd4-a5c7-c9a757500c89""]","[""SUCCEEDED""]",OK,
25,dev_0097,3,1_00035,10,1,215,7,9,120,164,2,44,"[""d7b7a905-2a21-4c4f-aa9e-a662b6aefd1a""]","[""SUCCEEDED""]",OK,
25,dev_0097,4,20_00024,24,3,407,9,12,164,270,3,106,"[""c9e9b73d-40e0-4ff9-b693-5459c34fc249""]","[""SUCCEEDED""]",OK,
25,dev_0097,5,3_00061,20,0,230,12,13,270,319,1,49,"[""55647ae9-4d7b-4b79-8c3e-e4422a25de11""]","[""SUCCEEDED""]",OK,
25,dev_0097,6,9_00085,10,2,232,13,17,319,387,4,68,"[""7193d337-27ea-4179-a6c0-f4685ca1c0a2""]","[""SUCCEEDED""]",OK,
25,dev_0097,7,8_00011,26,2,436,17,19,387,457,2,70,"[""253bcabc-6e3a-4f94-9454-f4bebd9f256b""]","[""SUCCEEDED""]",OK,
25,dev_0097,8,20_00090,18,2,251,19,21,457,490,2,33,"[""3d47bece-2332-4682-bec7-ae926e24b0e4""]","[""SUCCEEDED""]",OK,
25,dev_0097,9,5_00021,12,1,118,21,23,490,514,2,24,"[""2dcdded8-76e8-4c8a-810d-9cdee5dfdfb6""]","[""SUCCEEDED""]",OK,
25,dev_0147,0,9_00125,16,2,321,0,6,0,70,6,70,"[""ee724a45-4230-4b46-9fa0-d2e4a8cd3316""]","[""SUCCEEDED""]",OK,
25,dev_0147,1,3_00000,12,0,108,6,8,70,95,2,25,"[""058280ea-2b39-4a7b-a10d-c9eaec17fd51""]","[""SUCCEEDED""]",OK,
25,dev_0147,2,11_00035,16,2,205,8,12,95,156,4,61,"[""47594ab7-9948-405c-832c-6edb26bb6525""]","[""SUCCEEDED""]",OK,
25,dev_0147,3,1_00032,16,1,293,12,13,156,196,1,40,"[""c36ab140-6484-490b-91ca-f0bdbea938e9""]","[""SUCCEEDED""]",OK,
25,dev_0147,4,20_00078,22,2,304,13,15,196,245,2,49,"[""29610503-d471-4d67-a9c9-523e066b2353""]","[""SUCCEEDED""]",OK,
25,dev_0147,5,13_00090,26,1,368,15,18,245,323,3,78,"[""b270850e-50ba-421f-9335-76e8646c33a3""]","[""SUCCEEDED""]",OK,
25,dev_0147,6,6_00114,20,1,213,18,20,323,355,2,32,"[""7e11c952-3fbc-40f7-be3a-0592951d8826""]","[""SUCCEEDED""]",OK,
25,dev_0147,7,16_00059,18,2,471,20,22,355,422,2,67,"[""683b3397-f12c-4e17-821d-0e36a8c2f2e3""]","[""SUCCEEDED""]",OK,
25,dev_0147,8,17_00082,36,4,473,22,26,422,592,4,170,"[""6af153c4-4511-48f5-ab6c-82ab2f845947""]","[""SUCCEEDED""]",OK,
25,dev_0147,9,10_00071,12,2,151,26,29,592,639,3,47,"[""8349752c-3db7-4a2b-99d6-debfd704a5f6""]","[""SUCCEEDED""]",OK,
25,dev_0197,0,5_00001,12,1,167,0,4,0,58,4,58,"[""fc0183a0-db0d-4f08-9b7f-51dd9e920ff0""]","[""SUCCEEDED""]",OK,
25,dev_0197,1,9_00010,24,2,450,4,7,58,127,3,69,"[""f1a251fb-7862-422c-a84e-a46caf6db6d6""]","[""SUCCEEDED""]",OK,
25,dev_0197,2,14_00079,30,2,394,7,13,127,276,6,149,"[""a485013d-8dc7-4627-8505-2e444ab8f686""]","[""SUCCEEDED""]",OK,
25,dev_0197,3,8_00115,20,2,245,13,16,276,330,3,54,"[""d7747177-0c46-433a-9ded-33fbe6079279""]","[""SUCCEEDED""]",OK,
25,dev_0197,4,19_00090,30,2,425,16,18,330,448,2,118,"[""f2fd7890-542d-4b22-adcf-51d4216c322f""]","[""SUCCEEDED""]",OK,
25,dev_0251,0,1_00060,12,1,169,0,1,0,21,1,21,"[""cb94f09d-e048-4a9b-ab09-e7f1f888dc4f""]","[""SUCCEEDED""]",OK,
25,dev_0251,1,4_00029,20,1,271,1,2,21,56,1,35,"[""428cdb6d-d042-4175-8c3d-c833b81f4e66""]","[""SUCCEEDED""]",OK,
25,dev_0251,2,19_00009,20,2,334,2,4,56,131,2,75,"[""fd680568-7ec7-4d5c-8384-5fb2de09dafa""]","[""SUCCEEDED""]",OK,
25,dev_0251,3,14_00033,20,2,334,4,8,131,237,4,106,"[""bfb14193-9dc0-41e4-b0d1-a737e4da55a0""]","[""SUCCEEDED""]",OK,
25,dev_0251,4,10_00100,22,2,237,8,14,237,319,6,82,"[""cd3fb651-90ea-42d0-ad29-b21a42234d19""]","[""SUCCEEDED""]",OK,
25,dev_0251,5,14_00080,22,2,305,14,16,319,399,2,80,"[""fa5f0179-d526-4f1d-853d-54a4a39ed0df""]","[""SUCCEEDED""]",OK,
25,dev_0251,6,15_00082,32,2,476,16,23,399,479,7,80,"[""ea7b06a5-fede-41bc-9751-e46409b3afad""]","[""SUCCEEDED""]",OK,
25,dev_0308,0,15_00093,18,2,173,0,2,0,66,2,66,"[""e1c69ace-1bb5-4fbd-8c1d-1d90eb1e502f""]","[""SUCCEEDED""]",OK,
25,dev_0308,1,17_00125,36,2,458,2,6,66,173,4,107,"[""0fd534f0-5b3b-47e0-8c18-4f1539800078""]","[""SUCCEEDED""]",OK,
25,dev_0308,2,5_00075,10,1,156,6,7,173,205,1,32,"[""eaf183d6-f8f2-4d40-a7a8-217c58c57523""]","[""SUCCEEDED""]",OK,
25,dev_0308,3,12_00106,20,2,205,7,10,205,254,3,49,"[""0bfd871f-4b20-46f4-ac8a-fb730120d317""]","[""SUCCEEDED""]",OK,
25,dev_0308,4,4_00037,16,1,201,10,13,254,292,3,38,"[""12359375-d5d5-4216-b478-d1f8f2b903d2""]","[""SUCCEEDED""]",OK,
26,dev_0046,0,11_00031,14,2,168,0,4,0,50,4,50,"[""d729c4c1-15e0-4750-9ca6-0abd07fd5672""]","[""SUCCEEDED""]",OK,
26,dev_0046,1,3_00114,18,1,272,4,7,50,117,3,67,"[""d360a54e-8a89-4baa-a9a2-7452efb75283""]","[""SUCCEEDED""]",OK,
26,dev_0046,2,17_00124,36,2,494,7,12,117,205,5,88,"[""1bd5b6af-84e8-4e65-9c51-0d19b4f99da6""]","[""SUCCEEDED""]",OK,
26,dev_0046,3,13_00051,22,3,365,12,15,205,288,3,83,"[""c2181e5d-0811-4422-a967-fa1a721220d3""]","[""SUCCEEDED""]",OK,
26,dev_0046,4,8_00040,26,2,422,15,17,288,360,2,72,"[""c4c7cfff-23fa-4531-a344-d4ccc1be3bd2""]","[""SUCCEEDED""]",OK,
26,dev_0046,5,11_00109,22,1,358,17,20,360,419,3,59,"[""e415c8cb-62e6-40bf-8778-5695e0b41e59""]","[""SUCCEEDED""]",OK,
26,dev_0098,0,1_00076,10,1,164,0,1,0,23,1,23,"[""21443b49-e979-404d-ab0b-0559b74c8b1c""]","[""SUCCEEDED""]",OK,
26,dev_0098,1,12_00079,18,2,250,1,4,23,71,3,48,"[""f16e5949-224a-42c6-aff4-64711af3e055""]","[""SUCCEEDED""]",OK,
26,dev_0098,2,17_00093,30,4,616,4,7,71,140,3,69,"[""787ef547-c233-40a3-b9bf-6bbfeaa91d47""]","[""SUCCEEDED""]",OK,
26,dev_0098,3,6_00025,14,1,159,7,9,140,186,2,46,"[""9a48c908-9cf8-43e3-9842-c6dca3185cf2""]","[""SUCCEEDED""]",OK,
26,dev_0098,4,14_00056,24,2,305,9,12,186,280,3,94,"[""e00bf79e-a73c-46f0-a2e6-323221c942ab""]","[""SUCCEEDED""]",OK,
26,dev_0148,0,6_00072,18,1,296,0,3,0,51,3,51,"[""f119375c-9acd-42f8-aded-713700bb165e""]","[""SUCCEEDED""]",OK,
26,dev_0148,1,12_00114,20,2,314,3,5,51,94,2,43,"[""a1b42991-8e25-4205-8151-f0867e8f826c""]","[""SUCCEEDED""]",OK,
26,dev_0148,2,6_00109,14,1,177,5,6,94,124,1,30,"[""0d0719f2-a18a-4ac2-a49c-10f31c322df4""]","[""SUCCEEDED""]",OK,
26,dev_0148,3,18_00061,24,3,289,6,10,124,191,4,67,"[""36ff3f54-cf14-4895-9b1d-dee3894874df""]","[""SUCCEEDED""]",OK,
26,dev_0148,4,2_00054,20,1,301,10,12,191,247,2,56,"[""abd1667f-458c-474d-b86a-1561e327484f""]","[""SUCCEEDED""]",OK,
26,dev_0148,5,2_00046,14,1,277,12,13,247,295,1,48,"[""bc9ebc4a-8cba-49f4-8f4b-55b5295af832""]","[""SUCCEEDED""]",OK,
26,dev_0148,6,20_00059,20,3,280,13,16,295,354,3,59,"[""d80d6641-3c9c-46f1-a3f4-2d0f1494dc26""]","[""SUCCEEDED""]",OK,
26,dev_0198,0,14_00117,24,3,250,0,3,0,104,3,104,"[""1480743f-efff-4776-9890-a6c94a7ff8bc""]","[""SUCCEEDED""]",OK,
26,dev_0198,1,15_00002,24,3,489,3,10,104,257,7,153,"[""5e44dafd-2ac8-4519-a0c4-5a34108f8b20""]","[""SUCCEEDED""]",OK,
26,dev_0198,2,19_00093,24,2,320,10,12,257,349,2,92,"[""76cb3284-f26a-464c-b952-1c70dc07b785""]","[""SUCCEEDED""]",OK,
26,dev_0198,3,18_00096,22,2,428,12,16,349,416,4,67,"[""e64bc5ba-61f3-4c63-bad8-e0b90bd15052""]","[""SUCCEEDED""]",OK,
26,dev_0198,4,15_00075,16,2,290,16,18,416,459,2,43,"[""487e7af3-dd8c-4b57-a7fc-a2623ca6a671""]","[""SUCCEEDED""]",OK,
26,dev_0252,0,5_00108,14,0,136,0,3,0,30,3,30,"[""bfae8ef6-8248-4071-8070-d50603ccd241""]","[""SUCCEEDED""]",OK,
26,dev_0252,1,5_00039,12,1,219,3,4,30,56,1,26,"[""8945cd69-85ab-411f-8170-ede81597767b""]","[""SUCCEEDED""]",OK,
26,dev_0252,2,11_00066,22,1,305,4,9,56,140,5,84,"[""ae511560-f621-4bdd-bfb8-3f1457ab8d8d""]","[""SUCCEEDED""]",OK,
26,dev_0252,3,13_00023,14,2,153,9,12,140,191,3,51,"[""b3c8f9f4-ff16-4bf7-8a6b-73041f5fb0f6""]","[""SUCCEEDED""]",OK,
26,dev_0252,4,17_00051,16,3,248,12,18,191,273,6,82,"[""7c867128-d7d4-4f47-945d-cc22b2ea328d""]","[""SUCCEEDED""]",OK,
26,dev_0252,5,1_00078,20,1,314,18,20,273,322,2,49,"[""7d2f23ca-9be5-4db9-8ea2-2bc5b749e565""]","[""SUCCEEDED""]",OK,
26,dev_0252,6,10_00077,12,1,174,20,22,322,357,2,35,"[""243775f7-4a1b-4889-9a04-b2c73d10e42e""]","[""SUCCEEDED""]",OK,
26,dev_0252,7,15_00011,24,3,446,22,25,357,459,3,102,"[""d2469424-1738-4f66-b4a6-108f6ab9e45c""]","[""SUCCEEDED""]",OK,
26,dev_0252,8,17_00126,34,2,442,25,34,459,603,9,144,"[""103f66c9-2c7f-40c1-8192-75fd1ef6abb7""]","[""SUCCEEDED""]",OK,
26,dev_0309,0,12_00003,30,2,572,0,2,0,79,2,79,"[""17bfc546-bc3b-4e64-81c6-751e97b8fe07""]","[""SUCCEEDED""]",OK,
26,dev_0309,1,8_00039,24,2,453,2,4,79,163,2,84,"[""1325a8d0-128a-4f91-9523-fc557b1394ae""]","[""SUCCEEDED""]",OK,
26,dev_0309,2,17_00019,16,3,283,4,7,163,223,3,60,"[""f994bcab-aa76-4d1b-a875-0d4aef4bdf17""]","[""SUCCEEDED""]",OK,
26,dev_0309,3,17_00033,14,3,294,7,10,223,296,3,73,"[""d3cc9556-39f3-487f-9f18-8d0baf0daa61""]","[""SUCCEEDED""]",OK,
26,dev_0309,4,5_00116,20,1,320,10,11,296,343,1,47,"[""7a645b6d-fcc7-4846-b3e9-2f60b5de4b33""]","[""SUCCEEDED""]",OK,
26,dev_0309,5,6_00090,10,1,150,11,13,343,382,2,39,"[""b459799a-f46a-4a77-bff4-70c0492e1d86""]","[""SUCCEEDED""]",OK,
26,dev_0309,6,4_00032,18,1,376,13,16,382,461,3,79,"[""b17d3b16-c609-40c9-ad99-60191b70a919""]","[""SUCCEEDED""]",OK,
26,dev_0309,7,4_00070,18,1,216,16,17,461,519,1,58,"[""3871e92c-be24-4571-8659-758378fbd42e""]","[""SUCCEEDED""]",OK,
26,dev_0309,8,10_00036,20,2,244,17,19,519,554,2,35,"[""2761a3ec-87b3-432e-8edd-dc2263d4096a""]","[""SUCCEEDED""]",OK,
27,dev_0047,0,4_00075,20,1,295,0,2,0,43,2,43,"[""c15280aa-d07d-455c-a607-a5e3497fc38f""]","[""SUCCEEDED""]",OK,
27,dev_0047,1,16_00094,20,2,288,2,4,43,84,2,41,"[""c7b99c45-63cb-49da-8ce5-b9a740b7e7ce""]","[""SUCCEEDED""]",OK,
27,dev_0047,2,12_00021,34,2,643,4,6,84,190,2,106,"[""ee423cde-7977-4a4f-95a3-4af7580156b5""]","[""SUCCEEDED""]",OK,
27,dev_0047,3,6_00075,22,1,331,6,7,190,250,1,60,"[""5ef5ab8c-83d0-40e3-964b-a5ea482e8968""]","[""SUCCEEDED""]",OK,
27,dev_0047,4,9_00071,20,1,321,7,9,250,326,2,76,"[""50d603aa-ad21-4f61-a0e2-a2e1103f5c61""]","[""SUCCEEDED""]",OK,
27,dev_0047,5,8_00105,24,2,283,9,12,326,390,3,64,"[""8540d9ed-570b-4a6f-bebc-8de58d4e41b2""]","[""SUCCEEDED""]",OK,
27,dev_0099,0,20_00084,16,2,249,0,2,0,36,2,36,"[""b3a7fa0b-a4a9-4916-867e-853cb6b37638""]","[""SUCCEEDED""]",OK,
27,dev_0099,1,2_00051,22,1,315,2,3,36,73,1,37,"[""0b6c4a5e-7d62-4828-afe7-c244b2368c37""]","[""SUCCEEDED""]",OK,
27,dev_0099,2,19_00124,24,2,339,3,6,73,125,3,52,"[""f85874c7-5160-45db-b15d-719d010d37ca""]","[""SUCCEEDED""]",OK,
27,dev_0099,3,11_00116,38,2,697,6,9,125,256,3,131,"[""52d81900-b54a-4a96-aeee-64adb68cae3c""]","[""SUCCEEDED""]",OK,
27,dev_0099,4,11_00067,26,1,368,9,13,256,344,4,88,"[""6db84813-5fd6-41bc-8cdf-391dbc121279""]","[""SUCCEEDED""]",OK,
27,dev_0099,5,6_00059,16,1,283,13,16,344,421,3,77,"[""82042a43-19d5-4ca8-b228-c84cf362a55f""]","[""SUCCEEDED""]",OK,
27,dev_0099,6,19_00085,34,2,451,16,20,421,540,4,119,"[""ba70985d-5dd3-4449-8914-eb1394c3c6a0""]","[""SUCCEEDED""]",OK,
27,dev_0099,7,20_00081,18,2,161,20,23,540,602,3,62,"[""17602105-94a6-4267-8b82-2029aa2f355b""]","[""SUCCEEDED""]",OK,
27,dev_0099,8,3_00111,14,1,256,23,25,602,668,2,66,"[""b8161254-e474-451a-a06b-6ba7d731a58e""]","[""SUCCEEDED""]",OK,
27,dev_0149,0,14_00020,18,2,308,0,4,0,77,4,77,"[""cf607ed5-54d7-46dd-a38a-cd6dab7c3c70""]","[""SUCCEEDED""]",OK,
27,dev_0149,1,12_00037,30,2,398,4,6,77,157,2,80,"[""ea3c7ff8-f8d9-49ee-92ab-c85070326eb7""]","[""SUCCEEDED""]",OK,
27,dev_0149,2,16_00120,18,2,276,6,11,157,255,5,98,"[""dc113b2f-cf5f-43c0-bf55-876075d69a70""]","[""SUCCEEDED""]",OK,
27,dev_0149,3,19_00021,20,2,458,11,13,255,320,2,65,"[""6a152959-b114-48aa-8d8f-0e15b09db91f""]","[""SUCCEEDED""]",OK,
27,dev_0149,4,16_00024,26,3,353,13,16,320,425,3,105,"[""00dff0d4-38dc-451a-adc6-ff89c7bb1173""]","[""SUCCEEDED""]",OK,
27,dev_0149,5,17_00003,18,2,232,16,18,425,470,2,45,"[""5ea2e0bc-d333-4849-9ceb-9132e60f861c""]","[""SUCCEEDED""]",OK,
27,dev_0149,6,5_00073,4,1,65,18,19,470,484,1,14,"[""357daf7a-2040-4269-8b7c-bd5b0f16dd4f""]","[""SUCCEEDED""]",OK,
27,dev_0149,7,10_00051,14,2,237,19,22,484,542,3,58,"[""f8f722d6-6d40-4fe9-a03f-db9fd590ce67""]","[""SUCCEEDED""]",OK,
27,dev_0149,8,4_00059,20,1,403,22,23,542,599,1,57,"[""225107c4-59ea-4a5b-bcda-b3f2b18b0479""]","[""SUCCEEDED""]",OK,
27,dev_0149,9,12_00075,18,2,171,23,26,599,669,3,70,"[""19246ef8-a9b1-46c4-b617-d4ef176e6874""]","[""SUCCEEDED""]",OK,
27,dev_0199,0,13_00004,12,2,172,0,2,0,40,2,40,"[""7f02bc43-fd33-42d6-b7b0-ed446e0bf48c""]","[""SUCCEEDED""]",OK,
27,dev_0199,1,20_00027,20,3,261,2,8,40,177,6,137,"[""4639c735-4cba-49ce-97dd-c6609517bf62""]","[""SUCCEEDED""]",OK,
27,dev_0199,2,17_00006,20,3,230,8,12,177,249,4,72,"[""01f7bc07-c897-44a9-aeac-9a0083d51a05""]","[""SUCCEEDED""]",OK,
27,dev_0199,3,5_00063,12,1,176,12,13,249,276,1,27,"[""d0d33e3c-f67a-4f38-b280-866e7f1ad94a""]","[""SUCCEEDED""]",OK,
27,dev_0199,4,15_00058,24,2,365,13,15,276,349,2,73,"[""9dbc8768-34ac-4ed6-9e3c-0fd528f4bbb3""]","[""SUCCEEDED""]",OK,
27,dev_0199,5,14_00069,22,2,313,15,18,349,417,3,68,"[""a7b372b3-2481-4ce4-b187-c7b7c83268dc""]","[""SUCCEEDED""]",OK,
27,dev_0199,6,18_00039,24,3,253,18,22,417,489,4,72,"[""ee1e4868-f222-48a5-92b8-f999833c1e23""]","[""SUCCEEDED""]",OK,
27,dev_0199,7,17_00030,18,3,254,22,27,489,591,5,102,"[""c80c641d-2f4c-4b25-814a-94acccab0224""]","[""SUCCEEDED""]",OK,
27,dev_0254,0,9_00105,16,1,292,0,3,0,53,3,53,"[""72f31350-6f36-4886-9086-5584c56e81c4""]","[""SUCCEEDED""]",OK,
27,dev_0254,1,17_00078,30,4,519,3,8,53,150,5,97,"[""cfbf2e6c-8199-4e4e-9a43-d4999d8ff58d""]","[""SUCCEEDED""]",OK,
27,dev_0254,2,4_00051,22,1,366,8,11,150,267,3,117,"[""a6223e71-f486-460a-9bb2-f06e8fad6ea2""]","[""SUCCEEDED""]",OK,
27,dev_0254,3,16_00111,20,2,287,11,13,267,303,2,36,"[""d330fbed-ef6e-41f4-ac3b-7ea9b9dfa9b8""]","[""SUCCEEDED""]",OK,
27,dev_0254,4,1_00034,8,1,149,13,14,303,341,1,38,"[""076de06e-581f-49c3-be66-e73db2c8f616""]","[""SUCCEEDED""]",OK,
27,dev_0254,5,16_00003,20,3,312,14,18,341,429,4,88,"[""becb8ee3-dbf6-4338-9668-239b078535c7""]","[""SUCCEEDED""]",OK,
27,dev_0254,6,2_00074,14,1,204,18,19,429,471,1,42,"[""95db652c-1325-457c-99d3-21606b08a09b""]","[""SUCCEEDED""]",OK,
27,dev_0310,0,9_00072,14,1,169,0,4,0,42,4,42,"[""a46d806e-24c0-4900-a54e-02af26ddbaa6""]","[""SUCCEEDED""]",OK,
27,dev_0310,1,13_00006,14,2,224,4,7,42,128,3,86,"[""bcf8ac91-dae5-4b32-a253-f3ea97edbe36""]","[""SUCCEEDED""]",OK,
27,dev_0310,2,13_00104,34,1,360,7,15,128,254,8,126,"[""04698223-46f5-4df0-baac-57e9e5fb6b40""]","[""SUCCEEDED""]",OK,
27,dev_0310,3,1_00066,12,1,173,15,14,254,232,-1,-22,"[""bda7c10b-6123-4b4b-a05d-de9bb819611b""]","[""SUCCEEDED""]",OK,
27,dev_0310,4,11_00126,28,2,486,14,16,232,311,2,79,"[""659ad3d1-18ff-4fc9-ad92-4a6fda63ace6""]","[""SUCCEEDED""]",OK,
27,dev_0310,5,13_00117,28,1,425,16,16,311,392,0,81,"[""34d425b9-7985-4d51-bf95-75939898d202""]","[""SUCCEEDED""]",OK,
28,dev_0048,0,5_00043,10,1,104,0,2,0,25,2,25,"[""907604e5-813f-4021-80c2-c40172e6c3e2""]","[""SUCCEEDED""]",OK,
28,dev_0048,1,6_00016,12,1,206,2,4,25,48,2,23,"[""aac2c446-83ea-4f19-a474-357e9c365b55""]","[""SUCCEEDED""]",OK,
28,dev_0048,2,11_00017,18,2,270,4,7,48,104,3,56,"[""17d3902b-10d2-454c-b9ff-76c420b313c7""]","[""SUCCEEDED""]",OK,
28,dev_0048,3,11_00048,14,2,180,7,10,104,147,3,43,"[""cb069c34-e565-4da6-a68b-b26b64b57162""]","[""SUCCEEDED""]",OK,
28,dev_0048,4,4_00022,20,1,285,10,11,147,218,1,71,"[""45246c95-8300-4d1e-9d46-cbe9698afc77""]","[""SUCCEEDED""]",OK,
28,dev_0048,5,8_00075,18,2,246,11,13,218,281,2,63,"[""db1be91d-130b-4aff-9a38-a75ccb2dd121""]","[""SUCCEEDED""]",OK,
28,dev_0048,6,13_00056,16,3,387,13,16,281,375,3,94,"[""52355a3e-50c9-45f7-86e7-46b23896b1a8""]","[""SUCCEEDED""]",OK,
28,dev_0100,0,14_00083,22,2,372,0,3,0,54,3,54,"[""217c6b32-fb9c-4b56-9f99-a9d1afba09cf""]","[""SUCCEEDED""]",OK,
28,dev_0100,1,16_00075,16,2,180,3,4,54,96,1,42,"[""95655c32-fd89-4a39-8c74-38fe3d79f9cc""]","[""SUCCEEDED""]",OK,
28,dev_0100,2,7_00042,14,1,326,4,8,96,187,4,91,"[""28743b80-b3c3-4359-94da-c9680d8dbec8""]","[""SUCCEEDED""]",OK,
28,dev_0100,3,1_00041,14,1,241,8,12,187,256,4,69,"[""96abfc5c-5d05-4269-97d6-66940bf22303""]","[""SUCCEEDED""]",OK,
28,dev_0100,4,12_00123,14,2,291,12,14,256,295,2,39,"[""846d1e8d-2ad3-4faa-b701-e04a98314c0f""]","[""SUCCEEDED""]",OK,
28,dev_0150,0,3_00104,10,1,116,0,2,0,44,2,44,"[""c2db86cd-302a-4196-9341-3ccf34a998a2""]","[""SUCCEEDED""]",OK,
28,dev_0150,1,5_00056,12,1,140,2,6,44,114,4,70,"[""f8557dec-17d3-480a-a1b0-3c0214f2c970""]","[""SUCCEEDED""]",OK,
28,dev_0150,2,20_00109,24,2,573,6,10,114,217,4,103,"[""e679aa59-1bc1-46c8-bb3d-96213d5dda32""]","[""SUCCEEDED""]",OK,
28,dev_0150,3,4_00020,12,1,180,10,14,217,279,4,62,"[""60600a13-9638-41d2-a5e3-bbf5339608e6""]","[""SUCCEEDED""]",OK,
28,dev_0150,4,19_00113,20,2,325,14,16,279,336,2,57,"[""a578dd6b-9abe-4bba-aedc-4de9c7130693""]","[""SUCCEEDED""]",OK,
28,dev_0150,5,18_00114,22,2,349,16,21,336,408,5,72,"[""65b1a920-db45-4efc-b9e8-36013ba790f3""]","[""SUCCEEDED""]",OK,
28,dev_0150,6,11_00042,16,2,206,21,25,408,454,4,46,"[""a9b656c7-a415-42a1-be33-4a09d0c2142f""]","[""SUCCEEDED""]",OK,
28,dev_0150,7,8_00074,22,2,341,25,29,454,473,4,19,"[""dc6f0cc4-13fd-4f04-8929-2d512542f6f3""]","[""SUCCEEDED""]",OK,
28,dev_0150,8,2_00026,10,1,159,29,30,473,507,1,34,"[""e9483704-a1ae-416c-8dd3-ad365f4204a8""]","[""SUCCEEDED""]",OK,
28,dev_0150,9,3_00003,10,0,101,30,32,507,533,2,26,"[""39bbd9ca-607c-46d6-af8e-204cd46c8b27""]","[""SUCCEEDED""]",OK,
28,dev_0200,0,4_00034,18,1,253,0,4,0,63,4,63,"[""59d1c360-4d4c-493c-be1c-1f29d74e0ff7""]","[""SUCCEEDED""]",OK,
28,dev_0200,1,3_00092,6,1,85,4,6,63,80,2,17,"[""c28b6390-a4ba-46f2-b94c-21e6c5fec506""]","[""SUCCEEDED""]",OK,
28,dev_0200,2,13_00094,30,1,328,6,8,80,129,2,49,"[""35214ae2-44be-4fae-9ab2-9049c8846f11""]","[""SUCCEEDED""]",OK,
28,dev_0200,3,7_00024,18,1,205,8,11,129,169,3,40,"[""22322c78-b931-4cc3-9031-07ab53126601""]","[""SUCCEEDED""]",OK,
28,dev_0200,4,2_00115,12,1,168,11,12,169,202,1,33,"[""cd69e50a-bacd-4e18-8792-93a4437a3a3b""]","[""SUCCEEDED""]",OK,
28,dev_0200,5,10_00054,22,2,235,12,16,202,266,4,64,"[""e12b5fb2-b359-4f6b-b6d4-e530f62d86ca""]","[""SUCCEEDED""]",OK,
28,dev_0200,6,14_00014,28,2,410,16,20,266,353,4,87,"[""1fd48f31-e5b9-42c3-9a48-6d9b97707b57""]","[""SUCCEEDED""]",OK,
28,dev_0200,7,14_00002,26,1,298,20,24,353,453,4,100,"[""d73d400c-40f6-437c-adfa-61132d6cb2ce""]","[""SUCCEEDED""]",OK,
28,dev_0255,0,12_00043,24,2,416,0,3,0,62,3,62,"[""c82ef375-6ae4-49b4-af6f-e3abf99272d2""]","[""SUCCEEDED""]",OK,
28,dev_0255,1,4_00101,24,1,304,3,6,62,119,3,57,"[""970438bc-6fa8-48ae-9794-e622c92d3328""]","[""SUCCEEDED""]",OK,
28,dev_0255,2,5_00119,14,1,143,6,7,119,161,1,42,"[""c0ecd7f2-7625-4573-8171-ba76ea3a9608""]","[""SUCCEEDED""]",OK,
28,dev_0255,3,5_00117,12,1,171,7,7,161,167,0,6,"[""a452b77d-ffbe-4b98-ad26-0dde475450ca""]","[""SUCCEEDED""]",OK,
28,dev_0255,4,6_00108,10,1,128,7,9,167,195,2,28,"[""b7c6ada3-0578-4241-9998-0a2a1fab8c9f""]","[""SUCCEEDED""]",OK,
28,dev_0313,0,5_00020,16,1,183,0,3,0,48,3,48,"[""eec6e64d-451b-4ede-af15-f255c8f1689e""]","[""SUCCEEDED""]",OK,
28,dev_0313,1,11_00091,20,1,265,3,8,48,127,5,79,"[""8604ce58-9a8f-449b-9737-d35282ed871a""]","[""SUCCEEDED""]",OK,
28,dev_0313,2,4_00047,16,1,281,8,10,127,196,2,69,"[""47faaee8-9ee0-473b-8909-ca455bb93f8a""]","[""SUCCEEDED""]",OK,
28,dev_0313,3,3_00001,14,0,219,10,12,196,239,2,43,"[""a748ca0d-7240-4269-9df0-7a621031b4aa""]","[""SUCCEEDED""]",OK,
28,dev_0313,4,3_00032,16,0,233,12,14,239,296,2,57,"[""ca75e5d0-b9a2-4db0-9064-508fb0cb5ae6""]","[""SUCCEEDED""]",OK,
28,dev_0313,5,15_00006,24,3,353,14,17,296,409,3,113,"[""384e9d3a-2479-45c5-ac57-74f02de1e7f6""]","[""SUCCEEDED""]",OK,
28,dev_0313,6,5_00015,14,1,168,17,17,409,441,0,32,"[""7d935a01-a711-4393-9daf-7c80f818b5b5""]","[""SUCCEEDED""]",OK,
28,dev_0313,7,2_00036,8,1,172,17,18,441,463,1,22,"[""258f9730-df66-411a-828e-0ab680297380""]","[""SUCCEEDED""]",OK,
28,dev_0313,8,11_00002,12,2,161,18,20,463,497,2,34,"[""c51f6e1d-03af-4d5b-bc7b-8aeea52fb840""]","[""SUCCEEDED""]",OK,
29,dev_0049,0,10_00022,22,2,281,0,6,0,75,6,75,"[""d295df46-f156-4a42-9f5a-5f0184dfbd43""]","[""SUCCEEDED""]",OK,
29,dev_0049,1,20_00066,14,3,274,6,10,75,143,4,68,"[""93c42544-d6da-4851-b37b-8fc3eac2f727""]","[""SUCCEEDED""]",OK,
29,dev_0049,2,12_00027,22,2,335,10,13,143,232,3,89,"[""8039238e-f7da-46fe-8d1e-d2a8bf0005f7""]","[""SUCCEEDED""]",OK,
29,dev_0049,3,4_00093,24,1,413,13,18,232,314,5,82,"[""502b18c7-ed72-4c71-814b-8b1cced1fa1f""]","[""SUCCEEDED""]",OK,
29,dev_0049,4,10_00042,14,2,237,18,21,314,361,3,47,"[""1a268724-6cd4-46b4-bd10-0f1ad3cae010""]","[""SUCCEEDED""]",OK,
29,dev_0049,5,5_00027,10,1,179,21,22,361,407,1,46,"[""df0cf99d-5f1a-4670-9d8a-b55db6ca3c83""]","[""SUCCEEDED""]",OK,
29,dev_0049,6,8_00073,18,2,252,22,24,407,468,2,61,"[""f6ba8d24-1a9d-456d-b63b-5198f74feba8""]","[""SUCCEEDED""]",OK,
29,dev_0049,7,20_00046,18,3,263,24,25,468,542,1,74,"[""e03a0333-3842-4d00-a607-5174b5c6c661""]","[""SUCCEEDED""]",OK,
29,dev_0102,0,3_00018,14,0,129,0,1,0,16,1,16,"[""5656b0be-aa46-4b02-9c3c-d826ffe03f26""]","[""SUCCEEDED""]",OK,
29,dev_0102,1,11_00120,24,2,346,1,4,16,127,3,111,"[""67a81ffd-d602-4528-9557-db470eedc49a""]","[""SUCCEEDED""]",OK,
29,dev_0102,2,2_00017,8,1,166,4,5,127,154,1,27,"[""b4adfeeb-7d5f-4904-b59d-9f014f287d91""]","[""SUCCEEDED""]",OK,
29,dev_0102,3,17_00117,24,2,311,5,8,154,239,3,85,"[""6ca2d696-b9f6-4814-b1f2-f33c6bc14c3f""]","[""SUCCEEDED""]",OK,
29,dev_0102,4,19_00123,20,2,293,8,11,239,310,3,71,"[""baad9d74-a20a-4aec-93db-73806e27cfc9""]","[""SUCCEEDED""]",OK,
29,dev_0102,5,13_00042,20,3,337,11,13,310,375,2,65,"[""c4008cdf-2e16-47bb-aec0-bf3ce377a6fc""]","[""SUCCEEDED""]",OK,
29,dev_0102,6,4_00049,16,1,210,13,14,375,423,1,48,"[""cdda5647-2cc8-4952-a744-a85290da0a0b""]","[""SUCCEEDED""]",OK,
29,dev_0102,7,16_00109,20,2,246,14,15,423,440,1,17,"[""0530dd14-e707-4990-b2e0-9ec12e96a451""]","[""SUCCEEDED""]",OK,
29,dev_0102,8,6_00088,18,1,251,15,17,440,477,2,37,"[""1f87a465-93b4-4b53-8cc4-7602ddb10ebf""]","[""SUCCEEDED""]",OK,
29,dev_0152,0,6_00020,18,1,184,0,1,0,20,1,20,"[""62c3be72-6594-4c65-9f66-c9193697625e""]","[""SUCCEEDED""]",OK,
29,dev_0152,1,14_00045,24,2,342,1,4,20,100,3,80,"[""1bca677a-c830-4288-990c-bcd1be84b233""]","[""SUCCEEDED""]",OK,
29,dev_0152,2,5_00013,16,1,231,4,6,100,163,2,63,"[""cacd7800-b5ce-4441-82e1-943ff64ead32""]","[""SUCCEEDED""]",OK,
29,dev_0152,3,4_00035,16,1,182,6,8,163,224,2,61,"[""7721fffa-3aaa-4f4d-97ca-fdf55fcbc867""]","[""SUCCEEDED""]",OK,
29,dev_0152,4,1_00016,10,1,171,8,9,224,260,1,36,"[""e2644142-5608-4867-ac9f-e324cf9f4b2e""]","[""SUCCEEDED""]",OK,
29,dev_0152,5,3_00014,10,0,98,9,11,260,282,2,22,"[""e067ea20-33a3-42d4-9d02-9ee431d56b28""]","[""SUCCEEDED""]",OK,
29,dev_0152,6,5_00052,12,1,113,11,12,282,311,1,29,"[""43a6cedb-ed96-4275-86f3-9d51b2ed79f5""]","[""SUCCEEDED""]",OK,
29,dev_0152,7,20_00089,20,2,340,12,16,311,402,4,91,"[""0559c533-da00-4ba9-9292-8ff7ca838da7""]","[""SUCCEEDED""]",OK,
29,dev_0152,8,1_00090,18,1,322,16,17,402,469,1,67,"[""93e4a4d0-2fd4-4d69-a553-a473fb956da5""]","[""SUCCEEDED""]",OK,
29,dev_0152,9,16_00123,22,2,302,17,20,469,518,3,49,"[""7bab3cc6-63c2-481e-98f1-b8f6ce1d2ff7""]","[""SUCCEEDED""]",OK,
29,dev_0201,0,16_00033,30,3,446,0,6,0,76,6,76,"[""a132a98c-bc61-4d27-a085-33d9fb03bb5b""]","[""SUCCEEDED""]",OK,
29,dev_0201,1,2_00070,14,1,222,6,7,76,98,1,22,"[""29d0b51a-99cd-49e2-85e0-371539881bbf""]","[""SUCCEEDED""]",OK,
29,dev_0201,2,17_00083,36,4,524,7,11,98,171,4,73,"[""47b70bc8-fdbe-4537-9f1b-3da6cfed98b1""]","[""SUCCEEDED""]",OK,
29,dev_0201,3,14_00010,14,2,256,11,14,171,232,3,61,"[""cc299802-92d6-4a80-96a1-c4d6af236769""]","[""SUCCEEDED""]",OK,
29,dev_0201,4,3_00026,12,0,106,14,15,232,263,1,31,"[""87a0caef-2dc2-4ad9-86f4-690f04ca5520""]","[""SUCCEEDED""]",OK,
29,dev_0201,5,20_00100,14,2,286,15,18,263,313,3,50,"[""ed0b4892-1ac0-4335-899f-c9e76e4c9284""]","[""SUCCEEDED""]",OK,
29,dev_0201,6,5_00064,8,1,186,18,19,313,326,1,13,"[""f99ea62a-c612-4b8d-948c-8ee21b5dce86""]","[""SUCCEEDED""]",OK,
29,dev_0201,7,15_00040,30,2,358,19,21,326,374,2,48,"[""263291c5-0d1d-435e-8943-64440825fe75""]","[""SUCCEEDED""]",OK,
29,dev_0201,8,12_00028,34,2,465,21,23,374,441,2,67,"[""587e9310-207f-4d24-9714-8933de670a1d""]","[""SUCCEEDED""]",OK,
29,dev_0201,9,17_00087,36,4,595,23,29,441,587,6,146,"[""089292a6-c4ed-4cad-83c9-ef26eb1136b6""]","[""SUCCEEDED""]",OK,
29,dev_0256,0,18_00118,24,2,355,0,5,0,81,5,81,"[""e88ec1b4-ead5-44aa-9e0f-6143e2eaa426""]","[""SUCCEEDED""]",OK,
29,dev_0256,1,9_00110,18,1,264,5,10,81,172,5,91,"[""9ea2a98f-1704-48f7-b795-b4571aef93da""]","[""SUCCEEDED""]",OK,
29,dev_0256,2,9_00056,18,2,315,10,12,172,238,2,66,"[""810c58c0-15e9-41a9-9e11-b4327c9bb81d""]","[""SUCCEEDED""]",OK,
29,dev_0256,3,17_00035,22,3,355,12,15,238,285,3,47,"[""d39fc37d-210a-4b45-84cc-5c18dc52f587""]","[""SUCCEEDED""]",OK,
29,dev_0256,4,8_00069,20,2,396,15,19,285,394,4,109,"[""15612d6a-1cd4-4582-9073-013e86edeaf9""]","[""SUCCEEDED""]",OK,
29,dev_0256,5,11_00124,24,2,348,19,21,394,488,2,94,"[""a043fe3d-4234-4dcf-9cbf-e5149fb00d4c""]","[""SUCCEEDED""]",OK,
29,dev_0256,6,12_00091,18,2,297,21,23,488,539,2,51,"[""7ff741b3-363f-4687-ad80-55348954a46e""]","[""SUCCEEDED""]",OK,
29,dev_0256,7,15_00009,28,3,460,23,27,539,645,4,106,"[""fc8291d4-c263-450f-9b19-8e5160e803e3""]","[""SUCCEEDED""]",OK,
29,dev_0256,8,1_00051,10,1,162,27,28,645,684,1,39,"[""7e5be13f-9582-40fc-bb87-6cbf4f65f0d4""]","[""SUCCEEDED""]",OK,
29,dev_0314,0,13_00038,22,3,394,0,3,0,96,3,96,"[""a8578813-7c67-4837-96ad-8a598c3daac2""]","[""SUCCEEDED""]",OK,
29,dev_0314,1,14_00034,16,2,270,3,6,96,153,3,57,"[""251c4eab-d649-4a07-8616-5be8e74bba15""]","[""SUCCEEDED""]",OK,
29,dev_0314,2,17_00109,58,2,750,6,11,153,307,5,154,"[""03624116-055e-4764-9a4b-a6efdd37b9f1""]","[""SUCCEEDED""]",OK,
29,dev_0314,3,10_00111,20,2,293,11,17,307,388,6,81,"[""8e7537cd-8bfc-4542-b59d-8298d578fdc8""]","[""SUCCEEDED""]",OK,
29,dev_0314,4,3_00108,8,1,75,17,17,388,388,0,0,"[""8d3fdd92-af6e-4b26-a0e3-360578f6248b""]","[""SUCCEEDED""]",OK,
29,dev_0314,5,4_00076,22,1,282,17,23,388,489,6,101,"[""6718faeb-b25f-43dc-8942-11a50129ab3f""]","[""SUCCEEDED""]",OK,
29,dev_0314,6,18_00091,20,2,405,23,27,489,565,4,76,"[""0de5f1e4-1637-49fd-8c6a-684376288afa""]","[""SUCCEEDED""]",OK,
29,dev_0314,7,6_00005,10,1,141,27,28,565,584,1,19,"[""34e1e4c5-5028-4ceb-859b-19ac59fba402""]","[""SUCCEEDED""]",OK,
29,dev_0314,8,3_00074,26,0,319,28,35,584,676,7,92,"[""c7924001-6512-4267-82ae-8c705fb25108""]","[""SUCCEEDED""]",OK,
29,dev_0314,9,4_00110,18,1,163,35,36,676,698,1,22,"[""69d65500-6f8d-4b82-b8da-b216e339b34a""]","[""SUCCEEDED""]",OK,
30,dev_0050,0,2_00078,8,1,160,0,1,0,47,1,47,"[""9c7d4379-c4c0-404d-aa92-1847eb00417a""]","[""SUCCEEDED""]",OK,
30,dev_0050,1,2_00099,14,1,220,1,2,47,98,1,51,"[""0b4840f3-fd3b-46a6-b47d-3a41884f1276""]","[""SUCCEEDED""]",OK,
30,dev_0050,2,12_00070,24,2,412,2,5,98,228,3,130,"[""a0c095d5-f2f8-4435-ab0e-1290e678fbc5""]","[""SUCCEEDED""]",OK,
30,dev_0050,3,14_00119,22,3,429,5,11,228,441,6,213,"[""8a4e2ed6-c090-49c8-80d0-4c72a4aefb25""]","[""SUCCEEDED""]",OK,
30,dev_0050,4,8_00111,30,2,329,11,14,441,488,3,47,"[""c72d9f59-f2d7-468b-b0da-c6492a5698c0""]","[""SUCCEEDED""]",OK,
30,dev_0050,5,9_00001,16,2,222,14,15,488,533,1,45,"[""9a55cdaa-fbff-46b0-9169-ce7a3a8acaf9""]","[""SUCCEEDED""]",OK,
30,dev_0050,6,7_00043,20,1,282,15,18,533,594,3,61,"[""5dae453a-ffa9-4053-a130-fff9a485beaf""]","[""SUCCEEDED""]",OK,
30,dev_0050,7,4_00017,8,1,187,18,19,594,618,1,24,"[""e95a159b-6b7f-4cd9-91d3-3e0f6cbb67d7""]","[""SUCCEEDED""]",OK,
30,dev_0153,0,14_00087,24,2,424,0,5,0,95,5,95,"[""016f2b0c-aa95-4d52-8da4-1e8e68584846""]","[""SUCCEEDED""]",OK,
30,dev_0153,1,10_00092,22,2,229,5,7,95,139,2,44,"[""dc252dfd-6b21-4a9a-9bd5-1c68c471db86""]","[""SUCCEEDED""]",OK,
30,dev_0153,2,12_00090,24,2,361,7,14,139,235,7,96,"[""c040790e-e6eb-46ce-9a92-278ee2f0aae4""]","[""SUCCEEDED""]",OK,
30,dev_0153,3,5_00046,8,1,71,14,15,235,254,1,19,"[""91f4a28b-8461-42b8-9596-eab1dd9ca213""]","[""SUCCEEDED""]",OK,
30,dev_0153,4,20_00067,16,3,324,12,15,252,315,3,63,"[""3a844d3d-7390-4373-ab10-1c422567cb7d""]","[""SUCCEEDED""]",OK,
30,dev_0202,0,15_00046,22,2,344,0,2,0,89,2,89,"[""af4edad0-2418-4e6f-baf0-ff52a0a2537b""]","[""SUCCEEDED""]",OK,
30,dev_0202,1,15_00020,32,3,581,2,6,89,245,4,156,"[""e95edabd-4974-4a0b-9ca8-9e9809fcca94""]","[""SUCCEEDED""]",OK,
30,dev_0202,2,9_00038,22,2,273,6,9,245,334,3,89,"[""21b72a85-7dee-4112-a171-3a8c64cdd573""]","[""SUCCEEDED""]",OK,
30,dev_0202,3,8_00026,26,2,420,9,12,334,410,3,76,"[""50252eab-8f0c-457f-98ef-ac4c5bce4160""]","[""SUCCEEDED""]",OK,
30,dev_0202,4,1_00065,10,1,184,12,13,410,436,1,26,"[""60806138-7b70-4ae6-b4b4-f54ed1475b47""]","[""SUCCEEDED""]",OK,
30,dev_0202,5,5_00123,18,1,237,13,16,436,483,3,47,"[""5be5c0a7-8d0e-4ace-91ab-a1090eafb143""]","[""SUCCEEDED""]",OK,
30,dev_0202,6,19_00059,28,2,552,16,20,483,650,4,167,"[""a164f82a-4634-4ecb-9ec9-750c47ccd634""]","[""SUCCEEDED""]",OK,
30,dev_0258,0,14_00091,28,2,367,0,2,0,57,2,57,"[""17295d1f-c4f1-465e-a47a-8b08c651bc5c""]","[""SUCCEEDED""]",OK,
30,dev_0258,1,8_00015,20,2,306,3,5,58,142,2,84,"[""c8f3002f-bcf4-4ec9-a571-9b788d78be75""]","[""SUCCEEDED""]",OK,
30,dev_0258,2,9_00048,26,2,383,5,7,142,176,2,34,"[""a3788494-f073-4c65-b208-16537b334828""]","[""SUCCEEDED""]",OK,
30,dev_0315,0,3_00106,10,1,135,0,0,0,0,0,0,"[""58c84fa5-56ef-486d-a80c-c9ddc98e130b""]","[""SUCCEEDED""]",OK,
30,dev_0315,1,1_00089,16,1,329,0,2,0,57,2,57,"[""7810ffe2-d6b4-4de0-b073-a21a68d5099a""]","[""SUCCEEDED""]",OK,
30,dev_0315,2,9_00106,14,2,267,2,4,57,132,2,75,"[""084d6481-2f79-40b1-b6af-a1c24ba558dd""]","[""SUCCEEDED""]",OK,
30,dev_0315,3,20_00007,22,2,308,4,7,132,198,3,66,"[""bd6e16f4-a6d9-4f0a-a0b4-699245c9acc1""]","[""SUCCEEDED""]",OK,
30,dev_0315,4,12_00077,24,2,338,7,10,198,258,3,60,"[""01045fab-067f-4c8c-b1b2-4c874bfecd9b""]","[""SUCCEEDED""]",OK,
30,dev_0315,5,20_00047,28,3,536,10,13,258,341,3,83,"[""8d3ae801-7fff-4823-9631-1df0271994cf""]","[""SUCCEEDED""]",OK,
30,dev_0315,6,16_00098,18,2,292,13,15,341,386,2,45,"[""b48357ba-1ef5-46d2-8833-99373ce2afc2""]","[""SUCCEEDED""]",OK,
31,dev_0051,0,11_00041,10,2,185,0,3,0,42,3,42,"[""a8a57a62-b0d7-419c-b4a0-0527a8be4ed3""]","[""SUCCEEDED""]",OK,
31,dev_0051,1,16_00121,16,2,211,3,9,42,115,6,73,"[""5b80a316-8c47-4f61-bba5-cd25b87a3b26""]","[""SUCCEEDED""]",OK,
31,dev_0051,2,18_00062,34,3,473,9,13,115,217,4,102,"[""07370941-ae9d-40b6-98d2-81ddd0988cb2""]","[""SUCCEEDED""]",OK,
31,dev_0051,3,14_00078,28,2,398,13,18,217,319,5,102,"[""185296c9-baae-42f2-a2ed-cbfcfec730ef""]","[""SUCCEEDED""]",OK,
31,dev_0051,4,18_00113,24,2,284,18,19,319,352,1,33,"[""2b2fd451-ae55-4139-a23b-4e088fb75ced""]","[""SUCCEEDED""]",OK,
31,dev_0051,5,15_00068,20,2,379,19,21,352,425,2,73,"[""b47e74c6-a5fa-4ecb-bb7e-3751edb37897""]","[""SUCCEEDED""]",OK,
31,dev_0051,6,18_00028,32,2,368,21,25,425,510,4,85,"[""52be66fe-12e0-4d49-8247-63f1a600ff7e""]","[""SUCCEEDED""]",OK,
31,dev_0051,7,16_00052,18,2,323,25,25,510,510,0,0,"[""6bab64cc-df58-434e-bab5-1f49a2335c5b""]","[""SUCCEEDED""]",OK,
31,dev_0051,8,12_00069,22,2,411,25,28,510,600,3,90,"[""c20d862d-aab1-4c31-9e8e-fa23a8407f8d""]","[""SUCCEEDED""]",OK,
31,dev_0203,0,17_00113,34,2,465,0,4,0,100,4,100,"[""7b6052ad-f31c-46e7-98fc-0c90a487a8ef""]","[""SUCCEEDED""]",OK,
31,dev_0203,1,8_00126,16,2,289,4,7,100,165,3,65,"[""64338e6b-3a14-4b24-8527-3548cfcff6e8""]","[""SUCCEEDED""]",OK,
31,dev_0203,2,8_00051,20,2,384,7,10,165,229,3,64,"[""08b605b7-1230-42f0-bb58-3ed3e26a6c5d""]","[""SUCCEEDED""]",OK,
31,dev_0203,3,19_00034,24,2,276,10,12,229,300,2,71,"[""cbb20db8-ac64-4f5f-8c86-de09f238b59d""]","[""SUCCEEDED""]",OK,
31,dev_0203,4,18_00055,24,3,347,12,19,300,423,7,123,"[""f846539b-c252-495c-b062-fdd0d65fc9b7""]","[""SUCCEEDED""]",OK,
31,dev_0203,5,8_00104,22,2,308,19,23,423,490,4,67,"[""0a0181bf-81c4-4400-9fc8-7faa367ef84b""]","[""SUCCEEDED""]",OK,
31,dev_0317,0,8_00012,26,2,338,0,2,0,73,2,73,"[""03680e04-e457-4d15-95bb-2645866ed4df""]","[""SUCCEEDED""]",OK,
31,dev_0317,1,15_00087,18,2,281,2,4,73,142,2,69,"[""18f28c03-f0c6-4963-b7fe-858f538a3060""]","[""SUCCEEDED""]",OK,
31,dev_0317,2,2_00039,12,1,197,4,5,142,165,1,23,"[""60105630-0be8-402d-92ad-9b28baa467f2""]","[""SUCCEEDED""]",OK,
31,dev_0317,3,16_00101,20,2,280,5,7,165,219,2,54,"[""28600b79-e397-49aa-970f-d4bc6f52c659""]","[""SUCCEEDED""]",OK,
31,dev_0317,4,2_00073,20,1,349,7,8,219,268,1,49,"[""f68b4e63-dace-42e8-bf83-8f05d28c58c2""]","[""SUCCEEDED""]",OK,
32,dev_0052,0,11_00056,20,1,313,0,6,0,93,6,93,"[""96cde6b1-70b8-4d14-b169-c79f0b34f637""]","[""SUCCEEDED""]",OK,
32,dev_0052,1,17_00072,32,4,484,6,12,93,212,6,119,"[""89ed435a-7b2b-4775-8e8f-e5bb45ef3734""]","[""SUCCEEDED""]",OK,
32,dev_0052,2,1_00121,10,1,208,12,14,212,265,2,53,"[""7bcd3871-6e0b-4d5c-bc92-66f0d3b30c4e""]","[""SUCCEEDED""]",OK,
32,dev_0052,3,10_00026,14,2,251,14,16,265,303,2,38,"[""d732c8bd-a659-44d9-84f6-150044abd7d9""]","[""SUCCEEDED""]",OK,
32,dev_0052,4,8_00124,18,2,258,16,20,303,369,4,66,"[""f1684a31-df97-4df4-b1d6-9948f2bcc854""]","[""SUCCEEDED""]",OK,
32,dev_0052,5,16_00066,12,2,343,20,22,369,416,2,47,"[""82e43bae-ae6c-45d5-af85-e9bcf80c745b""]","[""SUCCEEDED""]",OK,
32,dev_0204,0,20_00099,16,2,298,0,3,0,54,3,54,"[""1bc0843f-33cb-4755-a905-51e5c33c9226""]","[""SUCCEEDED""]",OK,
32,dev_0204,1,4_00102,22,1,328,3,5,55,106,2,51,"[""4af866f1-6d82-44e8-8303-51fdfd0d1444""]","[""SUCCEEDED""]",OK,
32,dev_0204,2,5_00082,6,0,113,7,8,148,179,1,31,"[""b54de5f3-f913-4f1a-a163-4d215d9b3506""]","[""SUCCEEDED""]",OK,
32,dev_0204,3,5_00113,8,0,53,8,8,179,179,0,0,"[""611b28a1-4136-490b-a9f3-e41cb3352a16""]","[""SUCCEEDED""]",OK,
32,dev_0204,4,8_00046,28,2,521,8,10,179,266,2,87,"[""ee7d0ec9-7f29-47d8-ad62-387b5f562a20""]","[""SUCCEEDED""]",OK,
32,dev_0204,5,10_00050,14,1,183,10,12,266,312,2,46,"[""8bb31b38-35bc-438b-bcb6-8585187a2d61""]","[""SUCCEEDED""]",OK,
32,dev_0204,6,1_00095,20,1,303,12,13,312,341,1,29,"[""9fcc6cc7-ccf9-41f2-8099-78b890143256""]","[""SUCCEEDED""]",OK,
32,dev_0204,7,15_00114,20,2,300,13,15,341,439,2,98,"[""213cf07d-c971-4259-8946-9e110d9d2d32""]","[""SUCCEEDED""]",OK,
32,dev_0318,0,19_00074,28,2,519,0,4,0,134,4,134,"[""60470654-433a-433c-a325-f3724dfa8585""]","[""SUCCEEDED""]",OK,
32,dev_0318,1,3_00126,8,1,177,4,5,134,188,1,54,"[""d4bd4061-342d-4b5f-aef0-32bbbce455a5""]","[""SUCCEEDED""]",OK,
32,dev_0318,2,15_00092,22,2,348,5,9,188,264,4,76,"[""6f3806d5-f117-4bec-879b-2c5c4f089e95""]","[""SUCCEEDED""]",OK,
32,dev_0318,3,4_00053,20,1,267,9,12,264,318,3,54,"[""f7d3c289-95d9-483e-9169-e564db54363e""]","[""SUCCEEDED""]",OK,
32,dev_0318,4,13_00098,20,1,369,12,16,318,385,4,67,"[""44001d30-6c7e-435f-a112-b653ed2e6a69""]","[""SUCCEEDED""]",OK,
32,dev_0318,5,12_00088,22,2,347,23,26,466,546,3,80,"[""a2795cf0-a932-4da9-83c4-fbc29dbde7a7""]","[""SUCCEEDED""]",OK,
32,dev_0318,6,13_00037,26,3,431,26,29,546,656,3,110,"[""0b7edf47-3977-471f-9172-dcec8587c3a9""]","[""SUCCEEDED""]",OK,
33,dev_0205,0,15_00053,24,2,357,0,2,0,84,2,84,"[""4dfbc9fc-44b3-4483-af37-958894e44d2b""]","[""SUCCEEDED""]",OK,
33,dev_0205,1,12_00055,24,2,293,2,6,84,171,4,87,"[""8e098225-36a5-467e-94aa-02fc6b35577f""]","[""SUCCEEDED""]",OK,
33,dev_0205,2,18_00063,28,3,346,6,11,171,224,5,53,"[""5f729300-4769-4349-9290-d52afa03c414""]","[""SUCCEEDED""]",OK,
33,dev_0205,3,2_00007,10,1,168,11,12,224,257,1,33,"[""bd303a96-3516-4191-be93-466939f9ca5a""]","[""SUCCEEDED""]",OK,
33,dev_0205,4,3_00053,18,0,279,12,13,257,294,1,37,"[""2c954394-242d-4336-a02b-d18d5a3033a8""]","[""SUCCEEDED""]",OK,
33,dev_0205,5,4_00092,22,1,403,13,18,294,376,5,82,"[""3a7d5c1a-e4aa-4b72-8ccd-0295a2b1fe26""]","[""SUCCEEDED""]",OK,
33,dev_0205,6,11_00028,18,2,220,18,21,376,413,3,37,"[""e16b4d9b-2920-4d0b-9552-7fef7a386eb3""]","[""SUCCEEDED""]",OK,
33,dev_0205,7,16_00041,30,3,415,21,24,413,521,3,108,"[""c92ecc3e-876e-4aae-9216-502891af5eda""]","[""SUCCEEDED""]",OK,
