method,example_index,example_id,session_index,dialogue_id,status,error,llm_call_count,llm_input_tokens,llm_output_tokens,llm_total_tokens,embedding_call_count,embedding_input_tokens,embedding_total_tokens,raw_session_input_tokens,extracted_memory_count,stored_memory_count_after_session,stored_memory_content_tokens_after_session,stored_memory_serialized_tokens_after_session,elapsed_seconds
mem0,0,dev_0003,1,15_00034,OK,,2,3191,531,3722,11,69,69,429,11,11,69,1189,17.258699893951416
mem0,0,dev_0003,2,2_00055,OK,,2,3378,808,4186,8,93,93,410,14,10,100,1127,22.454822540283203
mem0,0,dev_0003,3,15_00056,OK,,2,3289,951,4240,10,72,72,293,10,19,167,2111,27.13166117668152
mem0,0,dev_0003,4,15_00070,OK,,2,3361,878,4239,4,71,71,343,1,20,181,2224,24.41523051261902
mem0,0,dev_0003,5,11_00121,OK,,2,3576,1149,4725,12,98,98,459,12,30,270,3361,33.748109579086304
mem0,0,dev_0003,6,15_00100,OK,,2,3329,851,4180,4,44,44,280,4,34,314,3814,23.530091762542725
mem0,1,dev_0004,1,15_00038,OK,,2,3125,372,3497,7,54,54,383,7,7,54,770,11.893155574798584
mem0,1,dev_0004,2,15_00071,OK,,2,3331,557,3888,11,142,142,387,7,7,80,926,17.481630325317383
mem0,2,dev_0008,1,8_00097,OK,,2,3127,430,3557,8,73,73,376,8,8,73,900,13.52243447303772
mem0,2,dev_0008,2,9_00037,OK,,2,3273,692,3965,7,63,63,348,7,15,136,1689,20.611533164978027
mem0,2,dev_0008,3,9_00042,OK,,2,3488,898,4386,6,82,82,429,6,21,218,2382,25.37979745864868
mem0,2,dev_0008,4,9_00033,OK,,2,3437,1043,4480,7,68,68,320,7,28,286,3169,30.59086012840271
mem0,2,dev_0008,5,8_00058,OK,,2,3501,1030,4531,7,60,60,396,7,35,346,3941,29.118069410324097
mem0,3,dev_0009,1,9_00040,OK,,2,3011,268,3279,5,37,37,295,5,5,37,546,8.51085090637207
mem0,3,dev_0009,2,13_00014,OK,,2,3038,423,3461,5,34,34,245,5,10,71,1093,12.710551738739014
mem0,3,dev_0009,3,17_00074,OK,,2,3684,843,4527,11,89,89,663,11,18,141,2033,25.336830854415894
mem0,3,dev_0009,4,9_00041,OK,,2,3365,1045,4410,7,71,71,278,6,22,181,2522,29.630300283432007
mem0,3,dev_0009,5,17_00092,OK,,2,3710,1240,4950,9,85,85,510,8,28,251,3247,36.19019365310669
mem0,3,dev_0009,6,9_00029,OK,,2,3397,927,4324,6,54,54,372,6,33,296,3821,26.12276554107666
mem0,4,dev_0014,1,17_00063,OK,,2,3364,470,3834,8,88,88,547,8,8,88,905,14.773200511932373
mem0,4,dev_0014,2,14_00088,OK,,2,3407,687,4094,5,74,74,458,5,13,162,1486,19.727447509765625
mem0,4,dev_0014,3,19_00119,OK,,2,3325,770,4095,6,47,47,349,5,17,200,1955,22.165579080581665
mem0,4,dev_0014,4,14_00097,OK,,2,3342,867,4209,7,48,48,327,6,22,239,2531,24.44950032234192
mem0,4,dev_0014,5,19_00111,OK,,2,3133,776,3909,4,37,37,161,4,26,276,2986,21.709024906158447
mem0,4,dev_0014,6,14_00076,OK,,2,3618,998,4616,6,59,59,512,5,31,328,3553,28.690733432769775
mem0,5,dev_0015,1,14_00048,OK,,2,3175,324,3499,5,65,65,410,5,5,65,575,10.10953974723816
mem0,5,dev_0015,2,14_00089,OK,,2,3371,615,3986,10,88,88,455,7,10,108,1171,19.162937879562378
mem0,5,dev_0015,3,19_00035,OK,,2,3297,707,4004,7,48,48,376,7,17,156,1941,20.574788331985474
mem0,5,dev_0015,4,20_00015,OK,,2,3389,868,4257,5,44,44,372,5,22,200,2491,24.741313695907593
mem0,5,dev_0015,5,14_00064,OK,,2,3543,985,4528,6,69,69,421,6,27,261,3087,28.039371490478516
mem0,5,dev_0015,6,19_00032,OK,,2,3493,1187,4680,8,92,92,339,5,31,325,3577,33.94578313827515
mem0,5,dev_0015,7,20_00010,OK,,2,3526,1311,4837,6,49,49,289,6,37,374,4233,36.574251651763916
mem0,5,dev_0015,8,19_00107,OK,,2,3626,1183,4809,7,75,75,455,7,44,449,5009,33.733726024627686
mem0,5,dev_0015,9,17_00066,OK,,2,3977,1542,5519,8,77,77,591,8,52,526,5909,44.07231259346008
mem0,5,dev_0015,10,19_00029,OK,,2,3873,1751,5624,11,78,78,450,11,63,604,7124,50.229790687561035
mem0,6,dev_0020,1,6_00117,OK,,2,2804,156,2960,3,18,18,163,3,3,18,320,5.137170314788818
mem0,6,dev_0020,2,1_00084,OK,,2,3031,550,3581,9,55,55,253,9,12,73,1290,16.763627767562866
mem0,6,dev_0020,3,18_00108,OK,,2,3250,643,3893,5,53,53,352,5,17,126,1857,18.752445936203003
mem0,6,dev_0020,4,12_00034,OK,,2,3523,1269,4792,11,114,114,377,11,28,240,3098,37.00065779685974
mem0,6,dev_0020,5,3_00121,OK,,2,2989,504,3493,3,13,13,148,3,31,253,3423,14.524683952331543
mem0,6,dev_0020,6,13_00123,OK,,2,3733,902,4635,5,49,49,620,5,36,302,3982,25.200637340545654
mem0,6,dev_0020,7,9_00104,OK,,2,3187,923,4110,5,44,44,168,5,41,346,4517,26.019697427749634
mem0,6,dev_0020,8,11_00106,OK,,2,3386,998,4384,6,59,59,300,6,47,405,5192,28.424362421035767
mem0,6,dev_0020,9,9_00113,OK,,2,3202,871,4073,6,55,55,172,5,51,448,5668,24.775089979171753
mem0,6,dev_0020,10,20_00012,OK,,2,3380,917,4297,6,46,46,307,4,53,472,5932,26.099231243133545
mem0,7,dev_0021,1,14_00058,OK,,2,2970,264,3234,4,51,51,270,4,4,51,458,8.257239818572998
mem0,7,dev_0021,2,5_00053,OK,,2,2831,291,3122,2,10,10,90,2,6,61,671,8.459311246871948
mem0,7,dev_0021,3,16_00010,OK,,2,3365,791,4156,10,109,109,410,10,16,170,1815,23.084673404693604
mem0,7,dev_0021,4,6_00078,OK,,2,3464,912,4376,8,70,70,427,8,24,240,2701,26.178294897079468
mem0,7,dev_0021,5,6_00061,OK,,2,3392,958,4350,6,36,36,347,6,30,276,3362,28.317527055740356
mem0,7,dev_0021,6,13_00060,OK,,2,3284,903,4187,9,91,91,287,9,37,348,4192,26.391316890716553
mem0,7,dev_0021,7,9_00061,OK,,2,3359,1121,4480,6,36,36,255,6,43,384,4847,31.415873050689697
mem0,7,dev_0021,8,15_00031,OK,,2,3305,686,3991,4,60,60,337,4,47,444,5316,19.842429161071777
mem0,7,dev_0021,9,20_00091,OK,,2,3469,1206,4675,6,51,51,310,3,50,462,5642,33.94749689102173
mem0,8,dev_0022,1,16_00021,OK,,2,3112,352,3464,6,64,64,372,6,6,64,684,10.853550434112549
mem0,8,dev_0022,2,10_00102,OK,,2,3073,505,3578,4,49,49,237,4,10,113,1136,15.331476926803589
mem0,8,dev_0022,3,17_00107,OK,,2,3798,816,4614,8,90,90,755,8,18,203,2036,23.607656240463257
mem0,8,dev_0022,4,16_00064,OK,,2,3141,704,3845,8,66,66,171,4,21,239,2403,20.923002243041992
mem0,8,dev_0022,5,18_00077,OK,,2,3383,921,4304,6,78,78,330,6,27,317,3085,26.931718349456787
mem0,8,dev_0022,6,3_00044,OK,,2,3193,679,3872,3,35,35,242,3,30,352,3417,19.49018096923828
mem0,8,dev_0022,7,2_00003,OK,,2,3137,656,3793,3,23,23,183,3,33,375,3746,19.389116048812866
mem0,8,dev_0022,8,16_00057,OK,,2,3294,670,3964,4,29,29,349,4,37,404,4182,18.20448660850525
mem0,8,dev_0022,9,9_00091,OK,,2,3044,657,3701,3,18,18,146,3,40,422,4499,19.53303098678589
mem0,9,dev_0025,1,12_00044,OK,,2,3170,670,3840,12,90,90,357,9,9,60,968,21.20674967765808
mem0,9,dev_0025,2,17_00020,OK,,2,3100,609,3709,5,34,34,236,5,14,94,1503,17.770352602005005
mem0,9,dev_0025,3,9_00100,OK,,2,2957,659,3616,4,35,35,85,4,18,129,1954,18.698087453842163
mem0,9,dev_0025,4,18_00100,OK,,2,3368,1084,4452,8,52,52,298,8,26,181,2831,31.6838219165802
mem0,9,dev_0025,5,9_00086,OK,,2,3092,707,3799,6,39,39,200,6,31,217,3402,20.463250875473022
mem0,9,dev_0025,6,1_00064,OK,,2,3048,641,3689,4,24,24,172,4,35,241,3832,17.96816873550415
mem0,9,dev_0025,7,2_00011,OK,,2,3078,782,3860,5,32,32,142,5,39,268,4287,22.49616503715515
mem0,9,dev_0025,8,4_00106,OK,,2,3383,933,4316,6,45,45,328,4,42,299,4651,26.833928108215332
mem0,10,dev_0027,1,19_00068,OK,,2,2915,360,3275,7,52,52,191,7,7,52,766,11.030017852783203
mem0,10,dev_0027,2,7_00052,OK,,2,3044,411,3455,3,23,23,221,3,10,75,1095,12.186331272125244
mem0,10,dev_0027,3,1_00124,OK,,2,2999,535,3534,3,24,24,144,3,13,99,1431,15.468976497650146
mem0,10,dev_0027,4,7_00049,OK,,2,3019,566,3585,3,21,21,160,3,16,120,1756,16.124921798706055
mem0,10,dev_0027,5,1_00014,OK,,2,3001,514,3515,3,16,16,161,3,19,136,2079,14.66352891921997
mem0,10,dev_0027,6,2_00064,OK,,2,3369,1138,4507,10,65,65,297,10,29,201,3159,32.509190797805786
mem0,10,dev_0027,7,3_00076,OK,,2,2946,381,3327,2,39,39,152,2,31,240,3402,11.78458547592163
mem0,11,dev_0028,1,2_00037,OK,,2,2875,325,3200,5,45,45,195,0,0,0,0,10.328427076339722
mem0,11,dev_0028,2,14_00098,OK,,2,2993,336,3329,6,55,55,275,6,6,55,663,10.303603172302246
mem0,11,dev_0028,3,8_00059,OK,,2,3070,483,3553,4,38,38,236,4,10,93,1111,13.979038715362549
mem0,11,dev_0028,4,10_00123,OK,,2,3164,721,3885,7,42,42,239,7,17,135,1860,21.63119912147522
mem0,11,dev_0028,5,14_00024,OK,,2,3500,842,4342,7,57,57,488,7,24,192,2642,24.649494409561157
mem0,11,dev_0028,6,10_00110,OK,,2,3114,752,3866,7,45,45,222,6,29,229,3211,22.11647391319275
mem0,11,dev_0028,7,1_00027,OK,,2,3227,918,4145,7,70,70,231,7,36,299,4000,26.483604907989502
mem0,11,dev_0028,8,16_00038,OK,,2,3693,1249,4942,7,59,59,454,6,42,354,4677,35.60941982269287
mem0,11,dev_0028,9,1_00013,OK,,2,3102,570,3672,3,27,27,219,3,45,381,5007,16.32401752471924
mem0,12,dev_0029,1,12_00006,OK,,2,3177,458,3635,8,80,80,394,8,8,80,900,14.153951406478882
mem0,12,dev_0029,2,2_00013,OK,,2,2939,377,3316,3,18,18,150,3,11,98,1236,11.591736555099487
mem0,12,dev_0029,3,9_00009,OK,,2,3160,536,3696,3,32,32,261,3,14,130,1570,15.008606195449829
mem0,12,dev_0029,4,8_00084,OK,,2,3242,607,3849,4,32,32,303,4,18,162,2012,17.662076950073242
mem0,12,dev_0029,5,17_00065,OK,,2,3793,1177,4970,9,99,99,612,9,27,261,3024,33.79090642929077
mem0,12,dev_0029,6,14_00044,OK,,2,3291,810,4101,4,46,46,294,4,31,307,3481,23.354121208190918
mem0,12,dev_0029,7,5_00023,OK,,2,2988,650,3638,3,23,23,111,3,34,330,3806,18.62528157234192
mem0,12,dev_0029,8,12_00000,OK,,2,3664,1143,4807,13,153,153,445,8,37,362,4242,33.802605867385864
mem0,13,dev_0030,1,2_00104,OK,,2,2833,158,2991,3,20,20,180,3,3,20,323,5.025590419769287
mem0,13,dev_0030,2,1_00024,OK,,2,2940,327,3267,4,27,27,201,4,7,47,765,9.953277826309204
mem0,13,dev_0030,3,8_00016,OK,,2,3371,798,4169,9,97,97,426,9,16,144,1797,23.88553547859192
mem0,13,dev_0030,4,6_00122,OK,,2,3186,566,3752,4,30,30,318,4,20,174,2236,16.37647294998169
mem0,13,dev_0030,5,8_00125,OK,,2,3253,688,3941,4,24,24,311,4,24,198,2669,18.888599157333374
mem0,13,dev_0030,6,14_00110,OK,,2,3558,1092,4650,11,86,86,454,11,33,272,3703,31.228607177734375
mem0,13,dev_0030,7,9_00078,OK,,2,3194,859,4053,5,58,58,222,5,38,330,4274,23.179056644439697
mem0,13,dev_0030,8,14_00032,OK,,2,3263,849,4112,4,36,36,238,4,42,366,4727,22.409276962280273
mem0,13,dev_0030,9,4_00060,OK,,2,3293,655,3948,3,36,36,344,3,45,402,5069,17.979839324951172
mem0,13,dev_0030,10,4_00046,OK,,2,3196,933,4129,6,48,48,182,5,49,441,5539,24.429473638534546
mem0,14,dev_0031,1,9_00067,OK,,2,3116,246,3362,5,29,29,428,5,5,29,544,7.282655715942383
mem0,14,dev_0031,2,6_00091,OK,,2,2975,397,3372,4,25,25,202,4,9,54,985,11.078997373580933
mem0,14,dev_0031,3,17_00040,OK,,2,3187,550,3737,6,51,51,344,6,15,105,1658,15.302642107009888
mem0,14,dev_0031,4,6_00079,OK,,2,3238,701,3939,5,38,38,323,5,20,143,2213,18.806237936019897
mem0,14,dev_0031,5,5_00024,OK,,2,3148,720,3868,6,44,44,249,6,26,187,2878,19.1771502494812
mem0,14,dev_0031,6,2_00016,OK,,2,3100,691,3791,4,23,23,188,4,30,210,3308,18.02469825744629
mem0,14,dev_0031,7,1_00015,OK,,2,3289,955,4244,7,56,56,275,7,36,259,3992,25.984734296798706
mem0,14,dev_0031,8,5_00089,OK,,2,2852,403,3255,2,11,11,83,2,38,270,4203,10.612431764602661
mem0,14,dev_0031,9,14_00121,OK,,2,3226,707,3933,4,51,51,280,4,42,321,4667,18.166818618774414
mem0,14,dev_0031,10,5_00017,OK,,2,2964,327,3291,2,13,13,180,2,44,334,4884,8.507865190505981
mem0,15,dev_0032,1,10_00124,OK,,2,2803,296,3099,6,40,40,145,6,6,40,659,8.013751745223999
mem0,15,dev_0032,2,15_00097,OK,,2,3253,941,4194,13,118,118,334,12,18,153,1984,24.65996289253235
mem0,15,dev_0032,3,18_00087,OK,,2,3319,872,4191,5,53,53,303,5,23,206,2549,21.20407199859619
mem0,15,dev_0032,4,2_00088,OK,,2,3203,914,4117,6,32,32,189,6,29,238,3195,20.985442399978638
mem0,15,dev_0032,5,11_00112,OK,,2,3766,1275,5041,9,101,101,548,8,37,310,4092,28.512030124664307
mem0,15,dev_0032,6,12_00011,OK,,2,3642,1372,5014,14,139,139,439,14,45,397,5108,31.994178295135498
mem0,15,dev_0032,7,19_00100,OK,,2,3399,880,4279,4,54,54,336,4,49,451,5564,19.63167667388916
mem0,16,dev_0035,1,2_00123,OK,,2,2889,268,3157,4,54,54,199,4,4,54,481,7.035913944244385
mem0,16,dev_0035,2,16_00069,OK,,2,3245,829,4074,12,100,100,333,12,16,154,1807,19.15718388557434
mem0,16,dev_0035,3,12_00126,OK,,2,2934,525,3459,4,26,26,118,4,20,180,2242,10.817612409591675
mem0,16,dev_0035,4,20_00001,OK,,2,3125,565,3690,3,21,21,241,3,23,201,2566,11.342627048492432
mem0,16,dev_0035,5,15_00025,OK,,2,3598,1286,4884,12,92,92,464,12,35,293,3876,26.828416109085083
mem0,16,dev_0035,6,16_00086,OK,,2,3345,1069,4414,6,41,41,253,6,41,334,4519,21.93103790283203
mem0,17,dev_0036,1,3_00116,OK,,2,2824,114,2938,2,14,14,195,2,2,14,215,4.303189277648926
mem0,17,dev_0036,2,20_00062,OK,,2,2991,364,3355,5,44,44,211,5,7,58,768,10.738942384719849
mem0,17,dev_0036,3,6_00004,OK,,2,2958,504,3462,5,41,41,165,5,12,99,1324,14.176321506500244
mem0,17,dev_0036,4,2_00033,OK,,2,2963,494,3457,4,25,25,149,4,16,124,1761,14.110741138458252
mem0,17,dev_0036,5,15_00054,OK,,2,3467,950,4417,8,77,77,425,8,24,201,2653,26.12717318534851
mem0,18,dev_0037,1,14_00055,OK,,2,2899,258,3157,4,51,51,194,4,4,51,461,7.940578460693359
mem0,18,dev_0037,2,7_00004,OK,,2,2965,384,3349,3,42,42,178,3,7,93,806,10.611048698425293
mem0,18,dev_0037,3,15_00085,OK,,2,3290,772,4062,9,59,59,341,9,16,152,1799,22.165114879608154
mem0,18,dev_0037,4,11_00125,OK,,2,3323,1088,4411,11,65,65,256,11,27,217,2998,31.640657663345337
mem0,18,dev_0037,5,5_00103,OK,,2,2945,628,3573,3,14,14,81,3,30,231,3323,17.903035879135132
mem0,19,dev_0038,1,8_00018,OK,,2,3247,627,3874,11,112,112,438,11,11,112,1226,20.312102794647217
mem0,19,dev_0038,2,16_00068,OK,,2,3287,886,4173,8,65,65,301,8,19,177,2111,25.929625511169434
mem0,19,dev_0038,3,8_00019,OK,,2,3463,918,4381,6,87,87,406,6,25,264,2818,26.540130853652954
mem0,19,dev_0038,4,12_00012,OK,,2,3515,1405,4920,11,99,99,253,11,36,363,4028,40.77771186828613
mem0,19,dev_0038,5,19_00062,OK,,2,3397,920,4317,7,104,104,338,7,41,441,4642,26.23367428779602
mem0,20,dev_0039,1,20_00072,OK,,2,3122,422,3544,7,78,78,360,7,7,78,776,12.848189353942871
mem0,20,dev_0039,2,6_00066,OK,,2,3256,589,3845,6,50,50,361,12,7,60,781,17.352473974227905
mem0,20,dev_0039,3,16_00011,OK,,2,3213,621,3834,6,54,54,325,6,13,114,1439,18.924993753433228
mem0,20,dev_0039,4,11_00113,OK,,2,3436,874,4310,7,96,96,405,7,19,196,2149,24.852970600128174
mem0,20,dev_0039,5,20_00016,OK,,2,3341,997,4338,6,35,35,261,6,25,231,2815,28.36958336830139
mem0,20,dev_0039,6,1_00093,OK,,2,3273,1024,4297,7,37,37,213,7,32,268,3578,29.045408487319946
mem0,21,dev_0040,1,4_00019,OK,,2,2897,160,3057,3,21,21,244,3,3,21,331,4.710436105728149
mem0,21,dev_0040,2,4_00002,OK,,2,2857,263,3120,5,30,30,151,4,5,30,583,8.528619527816772
mem0,21,dev_0040,3,6_00021,OK,,2,2929,429,3358,5,27,27,173,5,10,57,1141,13.073847532272339
mem0,21,dev_0040,4,15_00043,OK,,2,3192,589,3781,4,61,61,302,4,14,118,1616,17.149675607681274
mem0,21,dev_0040,5,8_00117,OK,,2,3261,851,4112,7,65,65,297,7,21,183,2391,24.68415904045105
mem0,21,dev_0040,6,2_00030,OK,,2,3082,597,3679,4,37,37,205,4,25,220,2839,16.653350591659546
mem0,21,dev_0040,7,12_00099,OK,,2,3322,877,4199,5,45,45,276,5,29,255,3298,24.89949369430542
mem0,21,dev_0040,8,1_00104,OK,,2,3118,634,3752,5,40,40,221,5,33,288,3754,18.862558126449585
mem0,21,dev_0040,9,4_00042,OK,,2,3281,887,4168,6,62,62,229,6,38,343,4315,25.969106674194336
mem0,21,dev_0040,10,3_00085,OK,,2,3194,891,4085,4,39,39,158,4,42,382,4767,24.43860173225403
mem0,22,dev_0041,1,19_00106,OK,,2,2965,182,3147,3,31,31,282,3,3,31,340,5.502418279647827
mem0,22,dev_0041,2,9_00120,OK,,2,2972,423,3395,7,60,60,216,6,8,57,902,13.250673770904541
mem0,22,dev_0041,3,10_00040,OK,,2,2998,523,3521,4,27,27,171,4,12,84,1335,14.157136917114258
mem0,22,dev_0041,4,20_00087,OK,,2,3314,752,4066,7,67,67,363,7,19,151,2119,22.426466941833496
mem0,22,dev_0041,5,18_00034,OK,,2,3469,935,4404,6,42,42,410,6,25,193,2778,26.786919355392456
mem0,22,dev_0041,6,9_00117,OK,,2,3069,882,3951,4,31,31,93,4,29,224,3216,25.485504150390625
mem0,22,dev_0041,7,1_00122,OK,,2,3244,737,3981,5,28,28,290,5,34,252,3747,20.78502917289734
mem0,22,dev_0041,8,14_00073,OK,,2,3351,974,4325,5,47,47,286,5,39,299,4298,27.12496328353882
mem0,22,dev_0041,9,15_00048,OK,,2,3195,517,3712,2,46,46,291,2,41,345,4542,15.482839822769165
mem0,22,dev_0041,10,1_00022,OK,,2,3227,676,3903,7,56,56,286,5,44,373,4923,18.97165608406067
mem0,23,dev_0042,1,19_00079,OK,,2,3415,524,3939,8,106,106,599,8,8,106,922,16.49323058128357
mem0,23,dev_0042,2,13_00029,OK,,2,3091,531,3622,4,27,27,230,4,12,133,1361,15.325498104095459
mem0,23,dev_0042,3,16_00060,OK,,2,3238,775,4013,8,60,60,284,7,18,180,2047,22.975366592407227
mem0,23,dev_0042,4,17_00064,OK,,2,3745,1199,4944,11,101,101,623,11,29,281,3273,35.21896839141846
mem0,23,dev_0042,5,4_00088,OK,,2,3176,763,3939,5,41,41,228,4,33,318,3718,22.256138801574707
mem0,23,dev_0042,6,3_00056,OK,,2,3525,1142,4667,6,49,49,363,6,39,367,4376,32.266945600509644
mem0,23,dev_0042,7,19_00041,OK,,2,3688,1282,4970,8,92,92,464,8,46,451,5189,35.94977951049805
mem0,23,dev_0042,8,1_00118,OK,,2,3313,947,4260,11,90,90,325,11,52,499,5918,27.654502153396606
mem0,24,dev_0044,1,18_00092,OK,,2,2830,178,3008,3,28,28,155,3,3,28,329,5.4710447788238525
mem0,24,dev_0044,2,15_00102,OK,,2,3134,483,3617,6,66,66,312,6,9,94,1005,14.56256103515625
mem0,24,dev_0044,3,8_00056,OK,,2,3266,692,3958,6,40,40,329,6,15,134,1663,19.40440273284912
mem0,24,dev_0044,4,1_00030,OK,,2,2909,442,3351,2,21,21,111,2,17,155,1887,12.40464735031128
mem0,24,dev_0044,5,6_00074,OK,,2,3592,924,4516,6,57,57,548,6,23,212,2556,26.625735759735107
mem0,24,dev_0044,6,13_00050,OK,,2,3495,1077,4572,9,60,60,411,9,32,272,3542,30.786356449127197
mem0,24,dev_0044,7,19_00046,OK,,2,3695,1386,5081,10,79,79,442,10,42,351,4649,39.5297794342041
mem0,24,dev_0044,8,10_00067,OK,,2,3167,945,4112,5,35,35,148,5,47,386,5191,27.826514959335327
mem0,25,dev_0045,1,13_00122,OK,,2,3190,426,3616,7,83,83,437,7,7,83,799,12.520718336105347
mem0,25,dev_0045,2,19_00112,OK,,2,3219,608,3827,6,38,38,310,6,13,121,1448,18.83484125137329
mem0,25,dev_0045,3,6_00038,OK,,2,3548,772,4320,6,40,40,549,6,19,161,2101,22.16239285469055
mem0,25,dev_0045,4,10_00105,OK,,2,3181,806,3987,5,37,37,224,5,24,198,2655,22.931520223617554
mem0,25,dev_0045,5,13_00027,OK,,2,3214,755,3969,5,43,43,285,4,27,226,3002,21.468696117401123
mem0,26,dev_0046,1,11_00031,OK,,2,2837,188,3025,3,30,30,168,3,3,30,345,5.658848524093628
mem0,26,dev_0046,2,3_00114,OK,,2,3083,428,3511,5,49,49,272,5,8,79,896,13.043664693832397
mem0,26,dev_0046,3,17_00124,OK,,2,3529,915,4444,8,108,108,494,6,14,153,1580,26.895355701446533
mem0,26,dev_0046,4,13_00051,OK,,2,3333,671,4004,4,59,59,365,4,18,212,2051,18.72589349746704
mem0,26,dev_0046,5,8_00040,OK,,2,3421,695,4116,11,123,123,422,5,22,275,2535,21.781835079193115
mem0,26,dev_0046,6,11_00109,OK,,2,3425,967,4392,6,81,81,358,5,27,333,3096,28.13739562034607
mem0,27,dev_0047,1,4_00075,OK,,2,2980,192,3172,3,37,37,295,3,3,37,347,5.820935964584351
mem0,27,dev_0047,2,16_00094,OK,,2,3076,388,3464,5,32,32,288,5,8,69,896,11.989431142807007
mem0,27,dev_0047,3,12_00021,OK,,2,3706,1171,4877,16,166,166,643,16,24,235,2696,35.74024748802185
mem0,27,dev_0047,4,6_00075,OK,,2,3397,896,4293,5,42,42,331,5,29,277,3257,26.15536904335022
mem0,27,dev_0047,5,9_00071,OK,,2,3494,1241,4735,7,60,60,321,7,36,337,4032,36.68011260032654
mem0,27,dev_0047,6,8_00105,OK,,2,3380,980,4360,5,53,53,283,5,41,390,4594,27.534899473190308
mem0,28,dev_0048,1,5_00043,OK,,2,2717,104,2821,2,9,9,104,2,2,9,216,3.527151346206665
mem0,28,dev_0048,2,6_00016,OK,,2,2918,313,3231,5,26,26,206,5,7,35,756,9.107226610183716
mem0,28,dev_0048,3,11_00017,OK,,2,3102,494,3596,4,39,39,270,4,11,74,1206,15.266764879226685
mem0,28,dev_0048,4,11_00048,OK,,2,3017,520,3537,4,42,42,180,4,15,116,1657,15.609796285629272
mem0,28,dev_0048,5,4_00022,OK,,2,3154,560,3714,4,29,29,285,4,19,145,2102,15.549910545349121
mem0,28,dev_0048,6,8_00075,OK,,2,3131,570,3701,3,25,25,246,3,22,170,2440,16.282094478607178
mem0,28,dev_0048,7,13_00056,OK,,2,3348,813,4161,7,55,55,387,7,29,225,3218,24.02982211112976
mem0,29,dev_0049,1,10_00022,OK,,2,2957,204,3161,4,25,25,281,4,4,25,436,5.815371751785278
mem0,29,dev_0049,2,20_00066,OK,,2,3076,491,3567,6,58,58,274,6,10,83,1099,14.238716125488281
mem0,29,dev_0049,3,12_00027,OK,,2,3263,687,3950,6,51,51,335,6,16,134,1750,20.26077103614807
mem0,29,dev_0049,4,4_00093,OK,,2,3398,816,4214,6,63,63,413,5,21,173,2301,23.50522804260254
mem0,29,dev_0049,5,10_00042,OK,,2,3157,689,3846,3,25,25,237,3,24,198,2627,19.767485857009888
mem0,29,dev_0049,6,5_00027,OK,,2,3081,738,3819,5,38,38,179,5,29,236,3167,21.309482097625732
mem0,29,dev_0049,7,8_00073,OK,,2,3211,782,3993,5,31,31,252,5,34,267,3706,22.982592821121216
mem0,29,dev_0049,8,20_00046,OK,,2,3334,1062,4396,7,76,76,263,7,39,326,4322,30.267738342285156
mem0,30,dev_0050,1,2_00078,OK,,2,2814,260,3074,5,36,36,160,5,5,36,544,8.535515546798706
mem0,30,dev_0050,2,2_00099,OK,,2,3001,398,3399,4,26,26,220,4,9,62,988,12.113837957382202
mem0,30,dev_0050,3,12_00070,OK,,2,3317,662,3979,6,62,62,412,6,15,124,1661,19.519493341445923
mem0,30,dev_0050,4,14_00119,OK,,2,3378,711,4089,6,69,69,429,5,19,181,2149,20.781482458114624
mem0,30,dev_0050,5,8_00111,OK,,2,3409,943,4352,6,55,55,329,6,25,236,2817,26.586442708969116
mem0,30,dev_0050,6,9_00001,OK,,2,3088,530,3618,3,39,39,222,3,28,275,3159,15.406805276870728
mem0,30,dev_0050,7,7_00043,OK,,2,3255,761,4016,5,27,27,282,5,33,302,3708,21.59067988395691
mem0,30,dev_0050,8,4_00017,OK,,2,3065,614,3679,3,16,16,187,3,36,318,4029,17.77333378791809
mem0,31,dev_0051,1,11_00041,OK,,2,2839,190,3029,3,36,36,185,3,3,36,346,6.127179861068726
mem0,31,dev_0051,2,16_00121,OK,,2,2965,307,3272,3,29,29,211,3,6,65,682,8.62150502204895
mem0,31,dev_0051,3,18_00062,OK,,2,3397,732,4129,9,79,79,473,9,15,144,1670,21.45284867286682
mem0,31,dev_0051,4,14_00078,OK,,2,3362,782,4144,9,86,86,398,8,23,219,2540,23.54176139831543
mem0,31,dev_0051,5,18_00113,OK,,2,3210,618,3828,4,36,36,284,4,27,255,2990,17.178963899612427
mem0,31,dev_0051,6,15_00068,OK,,2,3476,1139,4615,10,77,77,379,10,37,332,4097,33.544986724853516
mem0,31,dev_0051,7,18_00028,OK,,2,3504,1014,4518,5,76,76,368,4,41,397,4569,29.301653623580933
mem0,31,dev_0051,8,16_00052,OK,,2,3456,1156,4612,8,60,60,323,8,49,457,5454,33.291677713394165
mem0,31,dev_0051,9,12_00069,OK,,2,3391,755,4146,4,19,19,411,4,53,476,5883,22.14137554168701
mem0,32,dev_0052,1,11_00056,OK,,2,3027,298,3325,5,51,51,313,5,5,51,566,9.078503370285034
mem0,32,dev_0052,2,17_00072,OK,,2,3421,586,4007,6,69,69,484,6,11,120,1249,16.817179203033447
mem0,32,dev_0052,3,1_00121,OK,,2,3102,646,3748,5,29,29,208,5,16,149,1792,17.57656216621399
mem0,32,dev_0052,4,10_00026,OK,,2,3202,741,3943,4,34,34,251,4,20,183,2239,21.310262203216553
mem0,32,dev_0052,5,8_00124,OK,,2,3284,984,4268,7,55,55,258,6,26,220,2889,27.173349380493164
mem0,32,dev_0052,6,16_00066,OK,,2,3351,897,4248,5,43,43,343,5,31,263,3442,25.1070716381073
mem0,32,dev_0052,7,14_00036,OK,,2,3312,702,4014,4,49,49,346,3,34,291,3768,19.041344165802002
mem0,32,dev_0052,8,13_00093,OK,,2,3470,879,4349,7,70,70,431,7,38,347,4258,23.63634943962097
mem0,32,dev_0052,9,9_00050,OK,,2,3332,904,4236,5,41,41,273,5,43,388,4802,23.32760190963745
mem0,33,dev_0054,1,14_00016,OK,,2,3016,274,3290,5,43,43,297,5,5,43,563,8.293160200119019
mem0,33,dev_0054,2,3_00020,OK,,2,2980,422,3402,5,67,67,178,3,8,85,909,11.515350818634033
mem0,33,dev_0054,3,18_00099,OK,,2,3140,724,3864,7,58,58,225,7,15,143,1673,19.80416989326477
mem0,33,dev_0054,4,5_00085,OK,,2,2839,393,3232,2,12,12,72,2,17,155,1884,9.968460083007812
mem0,33,dev_0054,5,16_00067,OK,,2,3319,670,3989,5,71,71,371,5,22,226,2467,17.34300398826599
mem0,33,dev_0054,6,8_00110,OK,,2,3281,846,4127,4,53,53,243,4,26,279,2934,22.14639139175415
mem0,33,dev_0054,7,14_00093,OK,,2,3438,951,4389,6,63,63,383,6,32,342,3603,24.65926957130432
mem0,33,dev_0054,8,12_00013,OK,,2,3690,1491,5181,11,74,74,393,11,43,416,4809,37.910932540893555
mem0,33,dev_0054,9,8_00021,OK,,2,3600,1103,4703,7,67,67,438,7,50,483,5593,27.356329441070557
mem0,33,dev_0054,10,20_00107,OK,,2,3632,1458,5090,7,55,55,353,7,57,538,6364,33.94663739204407
mem0,34,dev_0055,1,13_00062,OK,,2,3287,518,3805,9,92,92,503,9,9,92,1025,16.96385169029236
mem0,34,dev_0055,2,13_00088,OK,,2,3318,847,4165,7,87,87,320,7,16,179,1829,23.455706119537354
mem0,34,dev_0055,3,4_00073,OK,,2,3212,662,3874,4,29,29,255,3,19,206,2161,17.933463096618652
mem0,34,dev_0055,4,16_00081,OK,,2,3164,608,3772,3,48,48,238,3,22,254,2506,16.866297721862793
mem0,34,dev_0055,5,11_00004,OK,,2,3275,809,4084,4,34,34,250,4,26,288,2956,22.503971338272095
mem0,34,dev_0055,6,6_00064,OK,,2,3281,731,4012,5,40,40,308,5,31,328,3505,20.61337113380432
mem0,34,dev_0055,7,19_00087,OK,,2,3825,1242,5067,8,84,84,570,8,39,412,4411,35.29027962684631
mem0,34,dev_0055,8,9_00098,OK,,2,3154,939,4093,4,17,17,101,4,43,429,4831,26.74158477783203
mem0,35,dev_0056,1,5_00065,OK,,2,2793,198,2991,4,22,22,162,4,4,22,428,6.401992082595825
mem0,35,dev_0056,2,5_00090,OK,,2,2781,266,3047,2,16,16,79,2,6,38,651,7.698448181152344
mem0,35,dev_0056,3,11_00098,OK,,2,3014,364,3378,3,24,24,209,3,9,62,988,10.521730899810791
mem0,35,dev_0056,4,18_00020,OK,,2,3574,788,4362,8,87,87,568,8,17,149,1882,22.82995367050171
mem0,35,dev_0056,5,6_00024,OK,,2,3089,691,3780,5,31,31,190,4,21,173,2323,19.262277603149414
mem0,35,dev_0056,6,15_00010,OK,,2,3667,1004,4671,9,81,81,586,9,30,254,3323,29.997933626174927
mem0,35,dev_0056,7,16_00122,OK,,2,3173,847,4020,4,44,44,196,4,34,298,3776,24.239455223083496
mem0,35,dev_0056,8,17_00043,OK,,2,3149,608,3757,3,26,26,243,3,37,324,4111,17.41905689239502
mem0,35,dev_0056,9,10_00048,OK,,2,3143,567,3710,3,27,27,276,3,40,351,4443,15.74975323677063
mem0,36,dev_0058,1,16_00023,OK,,2,3108,334,3442,6,52,52,367,6,6,52,667,10.915803670883179
mem0,36,dev_0058,2,16_00009,OK,,2,3268,394,3662,7,63,63,396,5,7,57,846,11.907388925552368
mem0,36,dev_0058,3,6_00062,OK,,2,3357,668,4025,7,51,51,453,6,13,98,1516,19.032839059829712
mem0,36,dev_0058,4,6_00000,OK,,2,3007,484,3491,3,29,29,196,3,16,127,1852,13.974555730819702
mem0,36,dev_0058,5,1_00053,OK,,2,3111,613,3724,4,29,29,229,4,20,156,2300,17.400012969970703
mem0,36,dev_0058,6,6_00030,OK,,2,3040,492,3532,3,19,19,227,2,22,168,2520,13.906955003738403
mem0,36,dev_0058,7,20_00039,OK,,2,3500,1136,4636,10,78,78,419,9,30,239,3413,33.62179183959961
mem0,37,dev_0059,1,15_00108,OK,,2,3108,406,3514,7,73,73,351,7,7,73,793,11.810500621795654
mem0,37,dev_0059,2,13_00005,OK,,2,3049,539,3588,5,26,26,214,5,12,99,1313,16.651646614074707
mem0,37,dev_0059,3,10_00033,OK,,2,3055,760,3815,8,47,47,158,8,20,146,2170,21.731714725494385
mem0,37,dev_0059,4,16_00084,OK,,2,3133,603,3736,4,44,44,254,4,24,190,2622,17.69762873649597
mem0,37,dev_0059,5,10_00117,OK,,2,3161,786,3947,5,39,39,218,5,29,229,3174,21.59708023071289
mem0,37,dev_0059,6,19_00017,OK,,2,3402,1097,4499,9,42,42,334,9,38,271,4132,32.527931451797485
mem0,37,dev_0059,7,5_00031,OK,,2,3073,722,3795,5,40,40,135,4,41,299,4489,20.43918490409851
mem0,37,dev_0059,8,3_00041,OK,,2,3353,747,4100,3,39,39,344,3,44,338,4834,20.559784412384033
mem0,38,dev_0060,1,7_00065,OK,,2,2929,174,3103,3,26,26,250,3,3,26,338,6.148565769195557
mem0,38,dev_0060,2,11_00030,OK,,2,2988,315,3303,3,31,31,224,3,6,57,680,9.087894916534424
mem0,38,dev_0060,3,7_00044,OK,,2,3229,557,3786,6,39,39,359,6,12,96,1343,16.057270050048828
mem0,38,dev_0060,4,13_00063,OK,,2,3297,812,4109,7,62,62,326,7,19,158,2138,23.254942655563354
mem0,38,dev_0060,5,18_00074,OK,,2,3171,651,3822,3,45,45,225,3,21,192,2389,18.840381860733032
mem0,38,dev_0060,6,8_00035,OK,,2,3568,1109,4677,11,114,114,463,11,32,306,3649,33.30399417877197
mem0,38,dev_0060,7,10_00018,OK,,2,3211,873,4084,4,33,33,181,4,36,339,4097,24.463035821914673
mem0,38,dev_0060,8,9_00102,OK,,2,3012,676,3688,3,22,22,115,3,39,361,4426,18.49423098564148
mem0,38,dev_0060,9,9_00011,OK,,2,3311,913,4224,5,43,43,259,5,44,404,4977,25.400914430618286
mem0,38,dev_0060,10,19_00065,OK,,2,3535,1178,4713,7,68,68,348,7,51,472,5754,34.27387809753418
mem0,39,dev_0062,1,15_00015,OK,,2,3248,254,3502,4,50,50,489,4,4,50,458,8.634127616882324
mem0,39,dev_0062,2,8_00049,OK,,2,3083,460,3543,4,60,60,236,4,8,110,923,12.750832796096802
mem0,39,dev_0062,3,4_00127,OK,,2,3130,736,3866,7,64,64,198,7,15,174,1703,21.91012406349182
mem0,39,dev_0062,4,17_00013,OK,,2,3165,703,3868,6,56,56,244,6,20,211,2275,20.795536518096924
mem0,39,dev_0062,5,16_00097,OK,,2,3251,777,4028,5,44,44,253,4,23,245,2633,22.03413224220276
mem0,39,dev_0062,6,8_00025,OK,,2,3681,1070,4751,7,105,105,516,7,30,350,3448,30.72006392478943
mem0,39,dev_0062,7,12_00101,OK,,2,3483,1174,4657,8,79,79,325,6,34,380,3929,33.43865489959717
mem0,40,dev_0063,1,2_00056,OK,,2,3009,308,3317,5,56,56,295,5,5,56,579,9.332001209259033
mem0,40,dev_0063,2,17_00029,OK,,2,3015,340,3355,2,18,18,211,2,7,74,795,10.336071014404297
mem0,40,dev_0063,3,4_00023,OK,,2,3135,604,3739,6,38,38,273,6,13,112,1438,17.082704782485962
mem0,40,dev_0063,4,6_00060,OK,,2,3380,885,4265,6,50,50,359,6,19,162,2100,25.29467272758484
mem0,40,dev_0063,5,16_00104,OK,,2,3168,718,3886,5,41,41,235,5,24,203,2657,19.979825735092163
mem0,40,dev_0063,6,11_00010,OK,,2,3276,851,4127,5,48,48,254,5,29,251,3225,24.00395655632019
mem0,40,dev_0063,7,7_00056,OK,,2,3426,999,4425,7,64,64,368,7,36,315,4007,28.4672212600708
mem0,40,dev_0063,8,15_00062,OK,,2,3662,1356,5018,13,116,116,446,14,45,395,5053,39.55093455314636
mem0,40,dev_0063,9,9_00065,OK,,2,3384,1089,4473,5,56,56,264,5,50,451,5611,31.829086303710938
mem0,41,dev_0065,1,9_00093,OK,,2,2809,254,3063,4,47,47,141,4,4,47,447,7.6201560497283936
mem0,41,dev_0065,2,10_00041,OK,,2,3098,422,3520,4,46,46,296,4,8,93,913,11.769437789916992
mem0,41,dev_0065,3,13_00059,OK,,2,3179,575,3754,10,69,69,259,6,12,117,1381,18.44119954109192
mem0,41,dev_0065,4,1_00099,OK,,2,3052,515,3567,3,39,39,210,3,15,156,1731,14.665536880493164
mem0,41,dev_0065,5,1_00036,OK,,2,3118,605,3723,5,40,40,244,5,19,187,2193,17.312867403030396
mem0,41,dev_0065,6,8_00079,OK,,2,3427,1076,4503,7,59,59,314,7,26,246,2972,31.081648588180542
mem0,41,dev_0065,7,9_00000,OK,,2,3418,968,4386,5,46,46,314,5,31,292,3526,27.76462173461914
mem0,41,dev_0065,8,14_00102,OK,,2,3456,1126,4582,10,73,73,357,10,41,365,4619,32.82945370674133
mem0,41,dev_0065,9,16_00072,OK,,2,3372,1009,4381,6,40,40,300,6,47,405,5277,29.013522386550903
mem0,42,dev_0066,1,15_00069,OK,,2,3154,358,3512,6,68,68,407,6,6,68,679,10.934483766555786
mem0,42,dev_0066,2,5_00004,OK,,2,3020,378,3398,2,14,14,205,2,8,82,903,11.146504402160645
mem0,42,dev_0066,3,11_00037,OK,,2,3107,564,3671,4,26,26,225,3,11,104,1240,16.068567514419556
mem0,42,dev_0066,4,9_00053,OK,,2,3008,520,3528,3,11,11,146,3,14,115,1553,15.071795463562012
mem0,42,dev_0066,5,4_00025,OK,,2,3240,650,3890,5,49,49,319,5,19,164,2114,19.303303956985474
mem0,42,dev_0066,6,4_00030,OK,,2,3280,796,4076,6,38,38,316,8,23,186,2545,23.24973750114441
mem0,42,dev_0066,7,10_00057,OK,,2,3123,749,3872,4,30,30,178,4,27,216,2988,21.714579582214355
mem0,42,dev_0066,8,14_00023,OK,,2,3667,1227,4894,10,62,62,481,10,37,278,4070,35.344680309295654
mem0,42,dev_0066,9,4_00014,OK,,2,3011,466,3477,4,21,21,211,5,39,289,4305,13.908717393875122
mem0,43,dev_0068,1,10_00091,OK,,2,2884,358,3242,7,51,51,211,7,7,51,765,10.928714513778687
mem0,43,dev_0068,2,10_00043,OK,,2,3088,567,3655,5,46,46,252,4,11,94,1220,17.087570667266846
mem0,43,dev_0068,3,9_00062,OK,,2,3227,627,3854,5,38,38,322,5,16,132,1771,18.78699827194214
mem0,43,dev_0068,4,20_00054,OK,,2,3379,828,4207,7,60,60,424,7,23,192,2539,24.186399698257446
mem0,43,dev_0068,5,6_00041,OK,,2,3136,666,3802,6,32,32,236,5,27,214,2986,18.593406200408936
mem0,43,dev_0068,6,7_00016,OK,,2,3135,794,3929,5,38,38,183,5,32,252,3538,22.777887105941772
mem0,44,dev_0070,1,18_00090,OK,,2,3077,272,3349,5,43,43,358,5,5,43,568,8.993414402008057
mem0,44,dev_0070,2,11_00036,OK,,2,3010,408,3418,4,24,24,218,4,9,67,993,12.52534294128418
mem0,44,dev_0070,3,11_00099,OK,,2,2988,589,3577,6,38,38,133,6,15,105,1638,17.27851104736328
mem0,44,dev_0070,4,16_00027,OK,,2,3567,897,4464,7,61,61,518,7,22,166,2406,25.64859914779663
mem0,44,dev_0070,5,9_00032,OK,,2,3317,985,4302,6,68,68,239,6,28,234,3093,28.12859010696411
mem0,44,dev_0070,6,3_00047,OK,,2,3227,704,3931,4,35,35,293,4,32,269,3533,20.650601863861084
mem0,44,dev_0070,7,19_00082,OK,,2,3545,1154,4699,7,85,85,395,7,38,348,4237,32.530208587646484
mem0,44,dev_0070,8,11_00117,OK,,2,3671,1209,4880,8,105,105,477,8,46,453,5152,35.404947996139526
mem0,44,dev_0070,9,4_00061,OK,,2,3178,897,4075,7,39,39,186,7,49,473,5530,26.124456882476807
mem0,44,dev_0070,10,10_00020,OK,,2,3283,938,4221,5,57,57,250,5,54,530,6102,26.4905002117157
mem0,45,dev_0071,1,1_00025,OK,,2,2966,276,3242,5,42,42,282,5,5,42,555,9.143996000289917
mem0,45,dev_0071,2,16_00103,OK,,2,2999,422,3421,4,34,34,200,4,9,76,1004,13.132454633712769
mem0,45,dev_0071,3,16_00091,OK,,2,3243,620,3863,6,54,54,355,6,15,130,1673,17.259450912475586
mem0,45,dev_0071,4,12_00001,OK,,2,3728,1322,5050,13,142,142,549,13,28,272,3147,39.123833417892456
mem0,45,dev_0071,5,9_00014,OK,,2,3346,910,4256,6,56,56,292,6,34,328,3815,25.47143006324768
mem0,45,dev_0071,6,9_00025,OK,,2,3402,907,4309,6,48,48,339,6,40,376,4467,26.039052963256836
mem0,45,dev_0071,7,2_00000,OK,,2,2951,453,3404,3,20,20,107,2,41,387,4601,13.272225141525269
mem0,45,dev_0071,8,18_00052,OK,,2,3611,1295,4906,8,55,55,407,8,49,442,5476,37.8474178314209
mem0,45,dev_0071,9,5_00084,OK,,2,2886,363,3249,2,9,9,128,2,51,451,5695,10.385283470153809
mem0,45,dev_0071,10,11_00015,OK,,2,3208,587,3795,3,38,38,234,3,53,478,5942,17.09859800338745
mem0,46,dev_0072,1,19_00125,OK,,2,2926,222,3148,4,33,33,251,4,4,33,450,6.562378883361816
mem0,46,dev_0072,2,12_00039,OK,,2,3282,700,3982,10,86,86,402,10,14,119,1554,20.760369539260864
mem0,46,dev_0072,3,18_00007,OK,,2,3839,1148,4987,11,121,121,674,10,24,236,2702,33.61335229873657
mem0,46,dev_0072,4,19_00083,OK,,2,3641,1358,4999,11,119,119,412,11,35,355,3936,38.078224182128906
mem0,46,dev_0072,5,18_00006,OK,,2,4062,1864,5926,16,155,155,567,14,48,489,5430,52.085503578186035
mem0,46,dev_0072,6,4_00099,OK,,2,3385,1035,4420,6,57,57,282,6,53,542,6014,27.639856338500977
mem0,47,dev_0073,1,3_00022,OK,,2,2738,140,2878,2,26,26,105,2,2,26,235,4.196251153945923
mem0,47,dev_0073,2,6_00042,OK,,2,3107,427,3534,6,54,54,299,6,8,80,906,11.500087976455688
mem0,47,dev_0073,3,8_00041,OK,,2,3689,898,4587,8,123,123,622,8,16,203,1845,24.280932426452637
mem0,47,dev_0073,4,4_00050,OK,,2,3524,1186,4710,9,57,57,360,8,24,255,2706,32.23274350166321
mem0,47,dev_0073,5,3_00088,OK,,2,2842,307,3149,1,8,8,76,1,25,263,2822,7.760091304779053
mem0,47,dev_0073,6,2_00019,OK,,2,3033,663,3696,4,22,22,140,4,29,285,3254,17.39863395690918
mem0,47,dev_0073,7,15_00110,OK,,2,3451,1142,4593,11,97,97,307,7,34,327,3837,30.47544264793396
mem0,47,dev_0073,8,15_00017,OK,,2,3843,1487,5330,11,96,96,520,10,44,416,4957,39.56672120094299
mem0,47,dev_0073,9,2_00089,OK,,2,3397,1021,4418,7,42,42,308,6,49,448,5521,25.511771202087402
mem0,48,dev_0074,1,10_00005,OK,,2,2849,252,3101,5,33,33,180,5,5,33,549,6.61088228225708
mem0,48,dev_0074,2,18_00079,OK,,2,2997,494,3491,5,48,48,169,5,10,81,1105,12.729589700698853
mem0,48,dev_0074,3,11_00006,OK,,2,3071,659,3730,6,61,61,172,6,16,142,1785,17.45681118965149
mem0,48,dev_0074,4,8_00116,OK,,2,3282,720,4002,4,43,43,309,4,20,185,2236,16.157235145568848
mem0,48,dev_0074,5,8_00045,OK,,2,3835,1176,5011,14,107,107,718,14,32,264,3586,28.505728006362915
mem0,48,dev_0074,6,7_00048,OK,,2,3070,600,3670,4,22,22,192,3,34,275,3823,13.297168731689453
mem0,49,dev_0075,1,18_00000,OK,,2,3394,400,3794,7,68,68,594,7,7,68,778,10.250089645385742
mem0,49,dev_0075,2,13_00055,OK,,2,3357,591,3948,5,68,68,424,5,12,136,1361,13.063414573669434
mem0,49,dev_0075,3,1_00020,OK,,2,3382,907,4289,10,95,95,353,10,21,208,2375,21.017489194869995
mem0,49,dev_0075,4,15_00119,OK,,2,3319,944,4263,7,60,60,278,7,28,268,3146,21.20768141746521
mem0,49,dev_0075,5,2_00092,OK,,2,3398,1001,4399,6,66,66,309,6,34,334,3831,20.729474306106567
mem0,49,dev_0075,6,13_00108,OK,,2,3489,1189,4678,10,88,88,344,9,41,410,4665,24.47064781188965
mem0,49,dev_0075,7,18_00015,OK,,2,3945,1692,5637,10,107,107,508,9,49,496,5598,34.38022017478943
mem0,49,dev_0075,8,16_00115,OK,,2,3190,994,4184,4,23,23,117,4,53,519,6026,17.58922529220581
mem0,50,dev_0076,1,3_00105,OK,,2,2710,68,2778,1,8,8,103,1,1,8,107,1.4045674800872803
mem0,50,dev_0076,2,6_00094,OK,,2,2841,218,3059,3,30,30,143,3,4,38,444,4.2061638832092285
mem0,50,dev_0076,3,2_00035,OK,,2,2982,327,3309,4,22,22,231,3,7,56,769,6.116307735443115
mem0,50,dev_0076,4,20_00097,OK,,2,3004,481,3485,5,28,28,200,5,12,84,1308,8.962320327758789
mem0,50,dev_0076,5,16_00050,OK,,2,3204,681,3885,7,53,53,301,7,19,137,2075,12.688290119171143
mem0,50,dev_0076,6,13_00075,OK,,2,3267,735,4002,6,45,45,333,6,25,182,2738,13.053508043289185
mem0,50,dev_0076,7,3_00027,OK,,2,2920,439,3359,2,21,21,122,2,27,203,2962,7.634818077087402
mem0,50,dev_0076,8,13_00119,OK,,2,3397,851,4248,6,58,58,403,4,29,232,3234,14.856095790863037
mem0,51,dev_0078,1,15_00049,OK,,2,3125,362,3487,7,53,53,387,7,7,53,768,8.187888622283936
mem0,51,dev_0078,2,13_00053,OK,,2,3202,614,3816,6,55,55,304,6,13,108,1444,12.0405592918396
mem0,51,dev_0078,3,6_00012,OK,,2,3018,610,3628,4,24,24,156,4,17,132,1882,12.31007719039917
mem0,51,dev_0078,4,20_00009,OK,,2,3184,615,3799,6,39,39,286,5,21,158,2335,13.153588056564331
mem0,51,dev_0078,5,2_00127,OK,,2,2992,529,3521,3,36,36,126,3,24,194,2678,10.205219507217407
mem0,52,dev_0079,1,19_00076,OK,,2,3286,346,3632,6,63,63,536,6,6,63,681,7.531995534896851
mem0,52,dev_0079,2,6_00111,OK,,2,2910,389,3299,3,26,26,125,3,9,89,1014,7.442387104034424
mem0,52,dev_0079,3,1_00113,OK,,2,3087,415,3502,4,20,20,270,4,13,109,1441,8.33247423171997
mem0,52,dev_0079,4,16_00022,OK,,2,3344,1074,4418,12,99,99,336,10,23,190,2556,21.346360206604004
mem0,52,dev_0079,5,18_00105,OK,,2,3470,908,4378,5,66,66,416,5,28,256,3133,17.749963760375977
mem0,52,dev_0079,6,16_00065,OK,,2,3330,829,4159,6,49,49,332,6,33,298,3705,16.6175754070282
mem0,52,dev_0079,7,7_00060,OK,,2,3277,846,4123,5,31,31,268,5,38,329,4251,16.24517250061035
mem0,52,dev_0079,8,19_00057,OK,,2,3840,1425,5265,8,105,105,507,8,46,434,5167,27.508636474609375
mem0,52,dev_0079,9,4_00009,OK,,2,2899,374,3273,3,25,25,137,3,48,449,5403,7.235997676849365
mem0,52,dev_0079,10,15_00064,OK,,2,3449,1055,4504,7,74,74,367,5,52,481,5867,20.54188847541809
mem0,53,dev_0080,1,8_00017,OK,,2,3458,820,4278,16,125,125,613,16,16,125,1737,18.41000986099243
mem0,53,dev_0080,2,11_00043,OK,,2,3167,674,3841,5,41,41,269,5,21,166,2280,13.21602463722229
mem0,53,dev_0080,3,14_00008,OK,,2,3242,784,4026,5,35,35,278,5,26,201,2833,15.128797769546509
mem0,53,dev_0080,4,3_00112,OK,,2,3088,681,3769,3,23,23,199,3,29,224,3163,12.937371730804443
mem0,53,dev_0080,5,18_00022,OK,,2,3872,1543,5415,10,101,101,544,9,38,315,4157,29.460914373397827
mem0,53,dev_0080,6,18_00094,OK,,2,3515,1254,4769,10,76,76,347,10,46,373,5061,24.710755825042725
mem0,53,dev_0080,7,13_00097,OK,,2,3545,1258,4803,7,81,81,323,7,53,454,5855,24.236603260040283
mem0,53,dev_0080,8,10_00052,OK,,2,3158,580,3738,3,18,18,275,3,56,472,6184,11.556845903396606
mem0,54,dev_0081,1,12_00016,OK,,2,3299,566,3865,10,96,96,484,10,10,96,1107,13.031535863876343
mem0,54,dev_0081,2,2_00049,OK,,2,3110,619,3729,7,83,83,220,6,14,143,1598,12.604730606079102
mem0,54,dev_0081,3,11_00110,OK,,2,3717,1311,5028,14,150,150,534,13,24,268,2813,26.6037015914917
mem0,54,dev_0081,4,11_00059,OK,,2,3358,905,4263,5,42,42,297,5,29,310,3372,17.482595920562744
mem0,54,dev_0081,5,10_00046,OK,,2,3333,1066,4399,7,65,65,258,7,36,375,4154,20.575382947921753
mem0,54,dev_0081,6,15_00109,OK,,2,3537,1014,4551,6,65,65,386,6,42,440,4830,19.65691900253296
mem0,54,dev_0081,7,6_00043,OK,,2,3424,1168,4592,7,41,41,280,7,49,481,5586,22.364161014556885
mem0,54,dev_0081,8,20_00075,OK,,2,3259,1051,4310,9,40,40,173,8,55,508,6251,20.58297348022461
mem0,54,dev_0081,9,11_00097,OK,,2,3475,1139,4614,6,49,49,300,6,61,557,6915,21.770569801330566
mem0,55,dev_0082,1,18_00093,OK,,2,3034,468,3502,7,93,93,260,7,7,93,810,9.749427080154419
mem0,55,dev_0082,2,5_00107,OK,,2,2797,280,3077,1,9,9,47,1,8,102,920,5.239268779754639
mem0,55,dev_0082,3,4_00010,OK,,2,2985,594,3579,5,17,17,123,5,13,119,1452,11.63567066192627
mem0,55,dev_0082,4,6_00007,OK,,2,2892,448,3340,3,18,18,116,3,16,137,1781,9.099226713180542
mem0,55,dev_0082,5,17_00077,OK,,2,3704,924,4628,8,59,59,607,8,24,196,2653,18.34277629852295
mem0,55,dev_0082,6,17_00057,OK,,2,3282,760,4042,4,38,38,297,4,28,234,3101,14.61833381652832
mem0,55,dev_0082,7,1_00070,OK,,2,3123,766,3889,6,39,39,196,6,34,273,3747,14.943141222000122
mem0,55,dev_0082,8,17_00049,OK,,2,3386,961,4347,8,63,63,338,6,37,300,4136,19.269831895828247
mem0,55,dev_0082,9,15_00037,OK,,2,3526,1244,4770,8,69,69,339,8,45,369,5031,24.72206211090088
mem0,56,dev_0083,1,6_00048,OK,,2,3074,404,3478,8,53,53,338,8,8,53,863,9.422929525375366
mem0,56,dev_0083,2,16_00043,OK,,2,3283,503,3786,10,103,103,389,7,8,60,964,10.91686201095581
mem0,56,dev_0083,3,16_00096,OK,,2,3049,535,3584,4,26,26,205,4,12,86,1397,10.553733825683594
mem0,56,dev_0083,4,17_00102,OK,,2,3429,653,4082,6,53,53,492,6,18,139,2070,12.907372236251831
mem0,56,dev_0083,5,1_00055,OK,,2,2932,447,3379,3,22,22,132,3,21,161,2405,8.814380884170532
mem0,56,dev_0083,6,18_00002,OK,,2,3830,1244,5074,10,115,115,606,10,31,276,3530,24.627702713012695
mem0,56,dev_0083,7,13_00010,OK,,2,3102,874,3976,5,50,50,118,5,35,318,4004,16.914050579071045
mem0,57,dev_0084,1,11_00127,OK,,2,3356,861,4217,16,135,135,522,0,0,0,0,18.614405155181885
mem0,57,dev_0084,2,6_00034,OK,,2,2921,392,3313,8,51,51,218,8,8,51,864,8.815099716186523
mem0,57,dev_0084,3,3_00084,OK,,2,2904,364,3268,2,23,23,133,2,10,74,1095,7.002447605133057
mem0,57,dev_0084,4,6_00001,OK,,2,3075,792,3867,8,50,50,173,8,18,124,1966,15.81612777709961
mem0,57,dev_0084,5,18_00083,OK,,2,3422,991,4413,8,60,60,396,8,26,184,2847,19.334038496017456
mem0,57,dev_0084,6,14_00115,OK,,2,3456,1165,4621,10,81,81,366,10,36,265,3939,22.987462997436523
mem0,57,dev_0084,7,17_00095,OK,,2,3987,1553,5540,10,68,68,623,10,46,333,5021,30.43360662460327
mem0,58,dev_0085,1,4_00085,OK,,2,2946,188,3134,3,35,35,266,3,3,35,349,3.950282573699951
mem0,58,dev_0085,2,9_00059,OK,,2,3339,416,3755,5,49,49,508,5,8,84,906,8.298442602157593
mem0,58,dev_0085,3,2_00082,OK,,2,3072,445,3517,5,38,38,219,2,10,104,1125,8.904511451721191
mem0,58,dev_0085,4,15_00072,OK,,2,3328,800,4128,7,57,57,356,7,17,161,1910,15.860286235809326
mem0,58,dev_0085,5,11_00020,OK,,2,3216,648,3864,4,30,30,253,4,21,191,2344,12.491634845733643
mem0,58,dev_0085,6,16_00045,OK,,2,3417,1115,4532,9,69,69,323,9,28,243,3161,21.778635025024414
mem0,58,dev_0085,7,12_00089,OK,,2,3242,851,4093,5,50,50,256,3,30,263,3408,16.45350742340088
mem0,59,dev_0086,1,18_00089,OK,,2,3076,290,3366,5,54,54,353,5,5,54,574,6.020331382751465
mem0,59,dev_0086,2,10_00121,OK,,2,2940,455,3395,5,28,28,146,5,10,82,1112,9.282967329025269
mem0,59,dev_0086,3,4_00121,OK,,2,3049,532,3581,4,43,43,198,4,14,125,1552,10.275676488876343
mem0,59,dev_0086,4,13_00099,OK,,2,3379,967,4346,9,76,76,338,9,23,201,2552,19.058655977249146
mem0,59,dev_0086,5,2_00093,OK,,2,3137,603,3740,4,29,29,223,4,27,230,2987,11.689948320388794
mem0,59,dev_0086,6,14_00057,OK,,2,3440,967,4407,6,52,52,359,6,33,282,3644,18.489789962768555
mem0,59,dev_0086,7,1_00114,OK,,2,3239,936,4175,7,38,38,248,7,40,320,4398,18.440598011016846
mem0,59,dev_0086,8,12_00093,OK,,2,3314,886,4200,5,31,31,287,4,44,344,4825,16.863446712493896
mem0,60,dev_0087,1,8_00029,OK,,2,3458,466,3924,7,99,99,635,7,7,99,827,9.88052225112915
mem0,60,dev_0087,2,20_00051,OK,,2,3286,519,3805,3,34,34,391,3,10,133,1165,10.209393978118896
mem0,60,dev_0087,3,10_00090,OK,,2,3071,560,3631,5,37,37,217,5,15,170,1715,10.754611730575562
mem0,60,dev_0087,4,3_00117,OK,,2,3065,601,3666,4,19,19,175,4,19,189,2153,11.794931173324585
mem0,60,dev_0087,5,11_00052,OK,,2,3198,645,3843,3,31,31,255,3,22,220,2497,12.208703517913818
mem0,60,dev_0087,6,13_00017,OK,,2,3259,839,4098,5,32,32,257,5,27,252,3043,16.104296684265137
mem0,60,dev_0087,7,15_00027,OK,,2,3493,961,4454,7,74,74,414,7,34,326,3829,18.928358793258667
mem0,60,dev_0087,8,9_00020,OK,,2,3313,863,4176,4,39,39,277,4,38,365,4286,16.487595319747925
mem0,60,dev_0087,9,2_00071,OK,,2,3512,1351,4863,10,70,70,290,10,48,435,5385,26.603851318359375
mem0,60,dev_0087,10,7_00035,OK,,2,3291,908,4199,7,44,44,278,6,52,462,5861,18.113909244537354
mem0,61,dev_0088,1,11_00000,OK,,2,2881,202,3083,4,22,22,214,4,4,22,422,4.354446172714233
mem0,61,dev_0088,2,2_00060,OK,,2,3118,342,3460,3,33,33,338,3,7,55,764,6.933370113372803
mem0,61,dev_0088,3,19_00031,OK,,2,3279,624,3903,6,78,78,396,6,13,133,1458,12.592127323150635
mem0,61,dev_0088,4,2_00096,OK,,2,3074,576,3650,4,49,49,189,4,17,182,1919,11.436297178268433
mem0,61,dev_0088,5,19_00022,OK,,2,3273,713,3986,4,32,32,281,4,21,214,2352,13.773288488388062
mem0,61,dev_0088,6,6_00102,OK,,2,3053,767,3820,6,39,39,138,6,27,253,3007,15.359728336334229
mem0,61,dev_0088,7,1_00125,OK,,2,3076,627,3703,3,16,16,166,3,30,269,3336,12.048353910446167
mem0,61,dev_0088,8,14_00086,OK,,2,3495,1084,4579,7,58,58,354,6,36,322,3998,21.409712314605713
mem0,61,dev_0088,9,9_00008,OK,,2,3293,606,3899,5,38,38,312,1,37,333,4114,12.063268899917603
mem0,62,dev_0089,1,1_00040,OK,,2,2785,200,2985,4,25,25,162,4,4,25,441,4.854091644287109
mem0,62,dev_0089,2,19_00053,OK,,2,3177,756,3933,13,64,64,272,13,17,89,1832,17.07228684425354
mem0,62,dev_0089,3,11_00008,OK,,2,3090,619,3709,4,36,36,200,4,21,125,2269,12.268337965011597
mem0,62,dev_0089,4,20_00052,OK,,2,3305,1057,4362,11,73,73,296,11,31,191,3392,22.141002655029297
mem0,62,dev_0089,5,9_00055,OK,,2,3271,887,4158,6,48,48,291,6,37,239,4053,18.042903423309326
mem0,62,dev_0089,6,1_00086,OK,,2,3512,1264,4776,10,60,60,389,7,44,281,4811,25.253431797027588
mem0,62,dev_0089,7,18_00068,OK,,2,3237,915,4152,4,46,46,224,3,47,317,5149,17.25764298439026
mem0,62,dev_0089,8,7_00032,OK,,2,3133,790,3923,4,21,21,184,4,51,338,5570,15.036445379257202
mem0,63,dev_0090,1,4_00103,OK,,2,2955,308,3263,5,55,55,249,5,5,55,569,6.6950843334198
mem0,63,dev_0090,2,1_00107,OK,,2,3092,525,3617,6,42,42,255,6,11,97,1232,11.621858596801758
mem0,63,dev_0090,3,15_00059,OK,,2,3454,775,4229,7,67,67,470,7,18,164,2021,15.821107387542725
mem0,63,dev_0090,4,1_00101,OK,,2,3203,782,3985,11,84,84,228,7,21,181,2419,17.22971224784851
mem0,63,dev_0090,5,9_00124,OK,,2,3307,961,4268,6,49,49,277,6,27,230,3082,19.827149868011475
mem0,63,dev_0090,6,19_00042,OK,,2,3452,891,4343,5,59,59,381,5,32,289,3645,17.523714780807495
mem0,63,dev_0090,7,16_00092,OK,,2,3490,996,4486,6,67,67,418,6,38,356,4321,19.234686613082886
mem0,63,dev_0090,8,19_00080,OK,,2,3869,1283,5152,7,101,101,645,5,43,414,4897,23.6110577583313
mem0,64,dev_0091,1,9_00092,OK,,2,2877,330,3207,6,51,51,182,6,6,51,670,6.9850218296051025
mem0,64,dev_0091,2,2_00084,OK,,2,3089,583,3672,7,41,41,247,7,13,92,1421,11.025718450546265
mem0,64,dev_0091,3,11_00075,OK,,2,3250,790,4040,6,55,55,302,6,19,147,2090,15.222579956054688
mem0,64,dev_0091,4,19_00101,OK,,2,3256,733,3989,5,51,51,308,5,24,198,2653,13.563749551773071
mem0,64,dev_0091,5,5_00022,OK,,2,2988,594,3582,5,25,25,146,4,28,221,3087,11.289701223373413
mem0,64,dev_0091,6,12_00041,OK,,2,3515,1092,4607,9,89,89,412,9,37,310,4101,20.531177282333374
mem0,64,dev_0091,7,5_00012,OK,,2,3330,1098,4428,6,48,48,216,6,43,358,4778,19.897296905517578
mem0,64,dev_0091,8,20_00020,OK,,2,3489,1387,4876,9,66,66,262,9,52,424,5770,25.407312631607056
mem0,65,dev_0092,1,20_00074,OK,,2,2933,274,3207,5,43,43,227,5,5,43,563,5.65944504737854
mem0,65,dev_0092,2,2_00010,OK,,2,2933,401,3334,4,21,21,165,4,9,64,993,7.521730422973633
mem0,65,dev_0092,3,20_00014,OK,,2,3263,653,3916,9,66,66,344,8,14,107,1607,13.120672225952148
mem0,65,dev_0092,4,18_00018,OK,,2,3405,783,4188,5,64,64,385,5,19,171,2175,14.46039366722107
mem0,65,dev_0092,5,4_00111,OK,,2,3049,633,3682,5,29,29,171,5,23,191,2627,11.652958393096924
mem0,65,dev_0092,6,12_00096,OK,,2,3256,903,4159,6,49,49,243,4,25,208,2866,16.263511180877686
mem0,65,dev_0092,7,1_00062,OK,,2,3087,680,3767,4,25,25,164,4,29,233,3285,12.439983367919922
mem0,66,dev_0093,1,14_00063,OK,,2,2995,368,3363,7,54,54,275,7,7,54,774,7.601630210876465
mem0,66,dev_0093,2,9_00064,OK,,2,3353,582,3935,5,48,48,469,4,11,83,1209,10.975870132446289
mem0,66,dev_0093,3,14_00062,OK,,2,3423,556,3979,5,61,61,474,5,13,114,1492,10.687182426452637
mem0,66,dev_0093,4,3_00087,OK,,2,2833,298,3131,1,16,16,81,1,14,130,1609,5.260191440582275
mem0,66,dev_0093,5,14_00004,OK,,2,3198,556,3754,4,28,28,294,4,18,158,2040,10.352965831756592
mem0,66,dev_0093,6,6_00035,OK,,2,3349,1048,4397,10,68,68,321,12,26,218,2932,20.25435996055603
mem0,67,dev_0094,1,8_00003,OK,,2,3183,550,3733,10,97,97,395,10,10,97,1130,11.684723615646362
mem0,67,dev_0094,2,3_00052,OK,,2,3320,836,4156,7,90,90,351,7,17,187,1938,15.577044486999512
mem0,67,dev_0094,3,8_00072,OK,,2,3275,644,3919,5,26,26,347,5,22,213,2484,12.280449390411377
mem0,67,dev_0094,4,11_00003,OK,,2,3106,585,3691,3,26,26,217,3,25,239,2828,10.924785614013672
mem0,67,dev_0094,5,11_00033,OK,,2,3253,799,4052,5,50,50,254,5,29,285,3306,14.791611671447754
mem0,67,dev_0094,6,14_00013,OK,,2,3384,926,4310,6,35,35,341,6,35,320,3944,16.614677906036377
mem0,67,dev_0094,7,14_00042,OK,,2,3348,639,3987,7,79,79,378,6,35,343,4052,11.770211219787598
mem0,67,dev_0094,8,8_00108,OK,,2,3262,871,4133,5,51,51,255,4,38,373,4406,15.012840747833252
mem0,67,dev_0094,9,5_00054,OK,,2,2978,584,3562,5,31,31,129,3,41,394,4735,10.569751739501953
mem0,68,dev_0095,1,15_00081,OK,,2,3027,330,3357,6,51,51,301,6,6,51,670,10.644935131072998
mem0,68,dev_0095,2,15_00094,OK,,2,3181,709,3890,10,99,99,297,10,13,120,1514,20.566232442855835
mem0,68,dev_0095,3,4_00080,OK,,2,3188,609,3797,3,32,32,271,3,16,152,1861,16.896651029586792
mem0,68,dev_0095,4,11_00101,OK,,2,3255,737,3992,4,44,44,269,4,20,196,2316,19.727221488952637
mem0,68,dev_0095,5,17_00118,OK,,2,3748,1268,5016,8,98,98,518,7,27,267,3114,35.63569378852844
mem0,69,dev_0096,1,12_00038,OK,,2,3044,350,3394,7,48,48,307,7,7,48,777,10.433570146560669
mem0,69,dev_0096,2,16_00127,OK,,2,3113,549,3662,5,42,42,267,5,12,90,1343,15.940980434417725
mem0,69,dev_0096,3,9_00122,OK,,2,3210,664,3874,5,39,39,300,5,17,129,1890,18.637577295303345
mem0,69,dev_0096,4,10_00053,OK,,2,3160,748,3908,6,49,49,270,5,22,171,2445,21.758122205734253
mem0,69,dev_0096,5,12_00087,OK,,2,3291,905,4196,7,56,56,298,7,29,227,3214,26.800865650177002
mem0,69,dev_0096,6,10_00097,OK,,2,3258,995,4253,5,33,33,220,4,33,255,3649,27.96354866027832
mem0,70,dev_0097,1,12_00117,OK,,2,2928,202,3130,4,26,26,270,4,4,26,435,6.501354932785034
mem0,70,dev_0097,2,20_00029,OK,,2,3020,374,3394,7,44,44,193,7,10,60,1108,11.002933025360107
mem0,70,dev_0097,3,3_00082,OK,,2,2942,406,3348,2,20,20,146,2,12,80,1332,11.067711114883423
mem0,70,dev_0097,4,1_00035,OK,,2,3026,461,3487,4,36,36,215,3,15,113,1668,14.364383697509766
mem0,70,dev_0097,5,20_00024,OK,,2,3413,793,4206,5,51,51,407,5,20,164,2228,22.760217666625977
mem0,70,dev_0097,6,3_00061,OK,,2,3204,691,3895,3,28,28,230,3,23,192,2563,19.411625862121582
mem0,70,dev_0097,7,9_00085,OK,,2,3273,1014,4287,6,45,45,232,6,29,237,3219,28.969518184661865
mem0,70,dev_0097,8,8_00011,OK,,2,3627,1346,4973,12,88,88,436,12,41,325,4526,39.78598928451538
mem0,70,dev_0097,9,20_00090,OK,,2,3426,1225,4651,6,42,42,251,6,47,367,5186,34.49491882324219
mem0,70,dev_0097,10,5_00021,OK,,2,2975,500,3475,2,17,17,118,2,49,384,5402,14.196716070175171
mem0,71,dev_0098,1,1_00076,OK,,2,2807,208,3015,4,26,26,164,4,4,26,433,6.609013080596924
mem0,71,dev_0098,2,12_00079,OK,,2,3048,247,3295,5,44,44,250,2,5,36,569,7.71044659614563
mem0,71,dev_0098,3,17_00093,OK,,2,3574,758,4332,9,113,113,616,9,14,149,1601,22.300002574920654
mem0,71,dev_0098,4,6_00025,OK,,2,3035,596,3631,4,28,28,159,4,18,177,2040,17.368903875350952
mem0,71,dev_0098,5,14_00056,OK,,2,3413,1027,4440,7,71,71,305,7,25,248,2822,28.77335286140442
mem0,72,dev_0099,1,20_00084,OK,,2,2916,192,3108,3,37,37,249,3,3,37,342,5.667935371398926
mem0,72,dev_0099,2,2_00051,OK,,2,3161,509,3670,7,77,77,315,6,9,106,1026,15.15445590019226
mem0,72,dev_0099,3,19_00124,OK,,2,3271,591,3862,4,38,38,339,4,13,144,1477,17.032524824142456
mem0,72,dev_0099,4,11_00116,OK,,2,3794,949,4743,10,79,79,697,9,21,211,2383,28.05475425720215
mem0,72,dev_0099,5,11_00067,OK,,2,3450,891,4341,5,47,47,368,5,26,258,2948,25.424577236175537
mem0,72,dev_0099,6,6_00059,OK,,2,3310,893,4203,5,32,32,283,5,31,290,3495,25.115282773971558
mem0,72,dev_0099,7,19_00085,OK,,2,3543,851,4394,4,53,53,451,4,35,343,3960,24.127230644226074
mem0,72,dev_0099,8,20_00081,OK,,2,3332,1169,4501,7,54,54,161,6,39,379,4447,33.338008642196655
mem0,72,dev_0099,9,3_00111,OK,,2,3295,1041,4336,8,63,63,256,8,47,442,5317,29.459830284118652
mem0,73,dev_0100,1,14_00083,OK,,2,3087,296,3383,5,56,56,372,5,5,56,570,9.662070989608765
mem0,73,dev_0100,2,16_00075,OK,,2,2989,434,3423,4,34,34,180,4,9,90,1018,13.085890769958496
mem0,73,dev_0100,3,7_00042,OK,,2,3185,520,3705,3,29,29,326,3,12,119,1356,15.28796672821045
mem0,73,dev_0100,4,1_00041,OK,,2,3182,733,3915,5,36,36,241,5,17,155,1907,20.85117197036743
mem0,73,dev_0100,5,12_00123,OK,,2,3201,731,3932,6,52,52,291,6,22,201,2484,20.878888607025146
mem0,74,dev_0102,1,3_00018,OK,,2,2768,134,2902,2,23,23,129,2,2,23,224,4.2104997634887695
mem0,74,dev_0102,2,11_00120,OK,,2,3179,520,3699,8,69,69,346,8,10,92,1114,15.450716972351074
mem0,74,dev_0102,3,2_00017,OK,,2,2969,423,3392,3,23,23,166,3,13,115,1443,12.423176288604736
mem0,74,dev_0102,4,17_00117,OK,,2,3319,832,4151,5,68,68,311,5,18,183,2011,23.803283214569092
mem0,74,dev_0102,5,19_00123,OK,,2,3247,647,3894,4,32,32,293,4,22,215,2444,18.54320526123047
mem0,74,dev_0102,6,13_00042,OK,,2,3293,706,3999,5,46,46,337,5,27,261,3007,20.460405826568604
mem0,74,dev_0102,7,4_00049,OK,,2,3228,856,4084,5,38,38,210,5,30,284,3345,24.233427047729492
mem0,74,dev_0102,8,16_00109,OK,,2,3171,693,3864,4,47,47,246,4,34,331,3809,19.962096691131592
mem0,74,dev_0102,9,6_00088,OK,,2,3101,597,3698,6,38,38,251,5,38,348,4254,17.619154691696167
mem0,74,dev_0102,10,9_00083,OK,,2,3278,1054,4332,6,63,63,191,6,44,411,4936,29.02678084373474
mem0,75,dev_0103,1,12_00053,OK,,2,3122,336,3458,5,74,74,379,5,5,74,582,10.09778118133545
mem0,75,dev_0103,2,7_00057,OK,,2,2996,406,3402,3,25,25,190,3,8,99,911,12.069195032119751
mem0,75,dev_0103,3,10_00080,OK,,2,3252,725,3977,7,53,53,341,7,15,152,1682,20.85503602027893
mem0,75,dev_0103,4,14_00012,OK,,2,3199,676,3875,8,65,65,293,9,20,188,2249,19.679173707962036
mem0,75,dev_0103,5,17_00012,OK,,2,3229,711,3940,4,41,41,280,4,24,229,2696,19.832695722579956
mem0,75,dev_0103,6,16_00099,OK,,2,3134,561,3695,4,29,29,254,4,27,253,3045,16.131716012954712
mem0,75,dev_0103,7,11_00122,OK,,2,3502,875,4377,5,82,82,425,5,32,335,3637,25.20810866355896
mem0,75,dev_0103,8,2_00094,OK,,2,3505,1065,4570,7,65,65,371,7,39,400,4417,30.130977869033813
mem0,75,dev_0103,9,11_00025,OK,,2,3335,841,4176,5,57,57,297,5,44,457,4988,23.589593410491943
mem0,76,dev_0104,1,8_00081,OK,,2,3048,402,3450,7,73,73,308,7,7,73,791,12.576033592224121
mem0,76,dev_0104,2,2_00109,OK,,2,3173,595,3768,7,59,59,301,6,12,113,1366,18.33670210838318
mem0,76,dev_0104,3,17_00032,OK,,2,3273,667,3940,4,42,42,343,4,16,155,1826,19.429401874542236
mem0,76,dev_0104,4,10_00104,OK,,2,3149,860,4009,9,51,51,220,9,25,206,2822,25.33136534690857
mem0,76,dev_0104,5,6_00019,OK,,2,3024,649,3673,6,30,30,172,6,30,232,3376,18.45628023147583
mem0,76,dev_0104,6,19_00049,OK,,2,3685,1373,5058,9,83,83,442,9,39,315,4373,39.71544170379639
mem0,77,dev_0105,1,5_00028,OK,,2,2742,108,2850,2,11,11,122,2,2,11,212,3.5724825859069824
mem0,77,dev_0105,2,10_00055,OK,,2,2933,309,3242,5,23,23,212,5,7,34,749,9.637690305709839
mem0,77,dev_0105,3,15_00088,OK,,2,3129,566,3695,5,56,56,269,5,12,90,1315,16.98603892326355
mem0,77,dev_0105,4,1_00012,OK,,2,3163,804,3967,6,72,72,215,4,16,117,1752,22.810970544815063
mem0,77,dev_0105,5,15_00014,OK,,2,3443,832,4275,7,75,75,451,7,23,192,2555,23.989161491394043
mem0,77,dev_0105,6,7_00012,OK,,2,2959,518,3477,2,21,21,110,2,25,213,2791,14.642919063568115
mem0,77,dev_0105,7,8_00008,OK,,2,3594,1058,4652,6,64,64,440,6,31,277,3477,30.613463878631592
mem0,77,dev_0105,8,12_00116,OK,,2,3077,550,3627,2,19,19,206,2,33,296,3705,16.14346170425415
mem0,77,dev_0105,9,6_00049,OK,,2,3262,1031,4293,7,62,62,204,7,39,351,4401,29.999301433563232
mem0,78,dev_0107,1,8_00119,OK,,2,3114,306,3420,5,54,54,386,5,5,54,564,9.082222700119019
mem0,78,dev_0107,2,19_00064,OK,,2,3247,543,3790,5,66,66,334,5,10,120,1129,16.476778030395508
mem0,78,dev_0107,3,20_00017,OK,,2,3337,724,4061,6,50,50,388,6,16,170,1797,20.570448875427246
mem0,78,dev_0107,4,13_00034,OK,,2,3169,709,3878,4,55,55,196,4,20,225,2267,19.827268600463867
mem0,78,dev_0107,5,15_00024,OK,,2,3654,1227,4881,9,106,106,483,8,28,300,3156,35.97038793563843
mem0,78,dev_0107,6,1_00072,OK,,2,3050,672,3722,5,32,32,143,5,32,319,3609,19.44305181503296
mem0,78,dev_0107,7,15_00121,OK,,2,3640,1645,5285,19,175,175,377,15,42,404,4815,48.220463275909424
mem0,78,dev_0107,8,11_00089,OK,,2,3271,714,3985,3,30,30,279,3,45,434,5147,20.31691861152649
mem0,79,dev_0108,1,12_00066,OK,,2,2969,218,3187,4,32,32,272,4,4,32,435,6.558736801147461
mem0,79,dev_0108,2,1_00048,OK,,2,2943,440,3383,6,36,36,193,5,8,55,886,13.576082468032837
mem0,79,dev_0108,3,4_00026,OK,,2,3275,686,3961,7,52,52,364,7,15,107,1655,20.347028493881226
mem0,79,dev_0108,4,17_00106,OK,,2,3590,962,4552,7,89,89,485,7,22,196,2453,27.306407690048218
mem0,79,dev_0108,5,9_00052,OK,,2,3294,838,4132,6,50,50,298,6,28,246,3117,24.629606008529663
mem0,79,dev_0108,6,2_00025,OK,,2,3058,491,3549,2,11,11,201,2,30,257,3330,13.327226161956787
mem0,79,dev_0108,7,7_00001,OK,,2,3158,786,3944,4,23,23,210,4,34,280,3767,22.788583040237427
mem0,79,dev_0108,8,10_00122,OK,,2,3230,1004,4234,7,56,56,216,7,41,336,4530,29.452444553375244
mem0,79,dev_0108,9,13_00079,OK,,2,3473,923,4396,8,74,74,454,8,47,400,5238,26.662214040756226
mem0,80,dev_0109,1,10_00044,OK,,2,2847,220,3067,4,33,33,182,4,4,33,436,7.0671164989471436
mem0,80,dev_0109,2,10_00016,OK,,2,2968,291,3259,2,23,23,213,2,6,56,657,7.944121599197388
mem0,80,dev_0109,3,15_00073,OK,,2,3219,560,3779,5,62,62,363,5,11,118,1236,16.762431859970093
mem0,80,dev_0109,4,20_00022,OK,,2,3409,833,4242,8,54,54,431,8,19,172,2099,24.27989411354065
mem0,80,dev_0109,5,18_00031,OK,,2,3669,1298,4967,12,86,86,510,11,29,244,3212,38.146562576293945
mem0,80,dev_0109,6,4_00024,OK,,2,3318,906,4224,5,35,35,289,5,34,279,3756,25.66713047027588
mem0,80,dev_0109,7,15_00003,OK,,2,3603,1360,4963,16,115,115,469,16,46,352,5150,40.235942363739014
mem0,80,dev_0109,8,17_00080,OK,,2,3659,1002,4661,7,55,55,541,7,51,396,5742,28.680569887161255
mem0,80,dev_0109,9,6_00046,OK,,2,3209,840,4049,4,28,28,191,3,54,421,6076,24.099157571792603
mem0,80,dev_0109,10,13_00072,OK,,2,3707,1587,5294,10,94,94,404,10,64,515,7198,46.184120178222656
mem0,81,dev_0110,1,18_00080,OK,,2,2902,412,3314,7,69,69,171,7,7,69,782,12.93288779258728
mem0,81,dev_0110,2,9_00107,OK,,2,3029,539,3568,5,23,23,189,5,12,92,1319,15.430835008621216
mem0,81,dev_0110,3,14_00038,OK,,2,3290,773,4063,7,45,45,329,7,19,137,2070,23.15091371536255
mem0,81,dev_0110,4,11_00078,OK,,2,3201,669,3870,4,45,45,261,4,23,182,2522,19.24266242980957
mem0,81,dev_0110,5,8_00013,OK,,2,3510,1177,4687,11,89,89,369,10,33,267,3619,33.71223497390747
mem0,81,dev_0110,6,7_00026,OK,,2,2873,420,3293,3,20,20,84,3,35,275,3844,12.346513748168945
mem0,81,dev_0110,7,7_00020,OK,,2,2861,412,3273,4,16,16,95,3,37,283,4074,11.434839010238647
mem0,81,dev_0110,8,5_00100,OK,,2,2950,401,3351,2,12,12,174,2,39,295,4300,10.973822593688965
mem0,81,dev_0110,9,14_00047,OK,,2,3598,1327,4925,9,73,73,371,9,48,368,5290,35.4654381275177
mem0,82,dev_0111,1,3_00095,OK,,2,2747,120,2867,2,20,20,128,2,2,20,211,3.776066303253174
mem0,82,dev_0111,2,2_00012,OK,,2,2820,229,3049,3,15,15,122,3,5,35,532,6.452540636062622
mem0,82,dev_0111,3,8_00037,OK,,2,3220,565,3785,7,57,57,370,7,12,92,1306,15.49693751335144
mem0,82,dev_0111,4,1_00067,OK,,2,3008,551,3559,3,15,15,151,3,15,107,1626,14.550690174102783
mem0,82,dev_0111,5,10_00081,OK,,2,3035,497,3532,3,38,38,206,3,18,145,1970,13.587901830673218
mem0,82,dev_0111,6,15_00074,OK,,2,3389,594,3983,6,53,53,459,5,22,190,2441,15.566458940505981
mem0,82,dev_0111,7,13_00084,OK,,2,3542,1055,4597,6,51,51,406,5,27,236,2997,28.448129177093506
mem0,82,dev_0111,8,1_00126,OK,,2,2944,593,3537,4,15,15,108,3,29,244,3229,15.503193616867065
mem0,82,dev_0111,9,6_00119,OK,,2,2933,401,3334,2,17,17,139,2,31,261,3448,10.328582048416138
mem0,82,dev_0111,10,13_00007,OK,,2,3285,998,4283,7,53,53,239,7,38,314,4220,25.789977312088013
mem0,83,dev_0112,1,9_00036,OK,,2,3058,224,3282,4,32,32,333,4,4,32,443,6.495457172393799
mem0,83,dev_0112,2,10_00024,OK,,2,3005,409,3414,5,31,31,232,5,9,63,984,11.574585199356079
mem0,83,dev_0112,3,14_00081,OK,,2,3259,695,3954,6,76,76,327,6,15,139,1675,18.212204933166504
mem0,83,dev_0112,4,3_00118,OK,,2,3002,515,3517,3,16,16,138,3,18,155,1990,12.545251369476318
mem0,83,dev_0112,5,5_00104,OK,,2,2886,452,3338,3,16,16,110,3,21,171,2317,11.5346097946167
mem0,83,dev_0112,6,20_00102,OK,,2,3299,916,4215,6,45,45,264,6,27,216,2982,22.850627183914185
mem0,83,dev_0112,7,12_00002,OK,,2,3721,1424,5145,12,138,138,498,11,37,340,4154,33.51066255569458
mem0,84,dev_0113,1,6_00087,OK,,2,3020,443,3463,8,59,59,275,7,7,45,757,10.940033435821533
mem0,84,dev_0113,2,10_00006,OK,,2,3133,485,3618,5,35,35,308,5,12,80,1296,11.057849645614624
mem0,84,dev_0113,3,3_00054,OK,,2,3194,565,3759,4,29,29,306,4,16,109,1737,12.926697492599487
mem0,84,dev_0113,4,9_00022,OK,,2,3326,805,4131,6,48,48,353,6,22,157,2391,17.868906021118164
mem0,84,dev_0113,5,5_00096,OK,,2,2821,378,3199,3,18,18,84,3,25,175,2716,8.561455488204956
mem0,84,dev_0113,6,15_00005,OK,,2,3391,982,4373,8,63,63,359,8,33,238,3588,21.210444688796997
mem0,84,dev_0113,7,13_00124,OK,,2,3434,830,4264,3,42,42,382,3,36,280,3929,17.920143127441406
mem0,85,dev_0114,1,8_00060,OK,,2,2949,212,3161,3,44,44,266,3,3,44,349,6.911887884140015
mem0,85,dev_0114,2,4_00123,OK,,2,2935,308,3243,3,21,21,174,3,6,65,681,9.15082573890686
mem0,85,dev_0114,3,5_00049,OK,,2,2868,335,3203,2,17,17,108,2,8,82,908,9.469269752502441
mem0,85,dev_0114,4,11_00011,OK,,2,3045,478,3523,2,23,23,192,2,10,105,1129,12.92180848121643
mem0,85,dev_0114,5,4_00096,OK,,2,3250,756,4006,13,107,107,311,7,17,172,1911,22.16652274131775
mem0,85,dev_0114,6,7_00019,OK,,2,3177,476,3653,2,21,21,310,2,19,193,2139,13.13427996635437
mem0,86,dev_0115,1,13_00061,OK,,2,3281,480,3761,8,91,91,481,8,8,91,907,14.219241857528687
mem0,86,dev_0115,2,7_00006,OK,,2,3005,465,3470,2,13,13,163,2,10,104,1132,12.989702463150024
mem0,86,dev_0115,3,16_00083,OK,,2,3251,761,4012,6,52,52,295,6,16,156,1783,21.7520911693573
mem0,86,dev_0115,4,6_00125,OK,,2,3014,431,3445,3,9,9,218,3,18,158,2016,12.454988241195679
mem0,86,dev_0115,5,14_00118,OK,,2,3454,887,4341,7,52,52,404,6,24,205,2681,25.62363839149475
mem0,87,dev_0116,1,13_00008,OK,,2,2831,539,3370,11,72,72,130,11,11,72,1194,17.848719835281372
mem0,87,dev_0116,2,5_00067,OK,,2,2751,251,3002,1,6,6,47,1,12,78,1302,7.1420958042144775
mem0,87,dev_0116,3,8_00054,OK,,2,3075,668,3743,5,55,55,166,5,16,130,1778,19.525187730789185
mem0,87,dev_0116,4,10_00106,OK,,2,3158,741,3899,7,46,46,211,7,23,176,2542,21.818914890289307
mem0,87,dev_0116,5,12_00068,OK,,2,3183,931,4114,6,40,40,162,6,29,216,3196,26.244386196136475
mem0,87,dev_0116,6,12_00031,OK,,2,3583,1151,4734,8,75,75,447,8,37,291,4092,33.40616273880005
mem0,87,dev_0116,7,6_00052,OK,,2,3395,830,4225,7,37,37,404,7,42,319,4666,24.072837591171265
mem0,88,dev_0117,1,20_00008,OK,,2,2984,300,3284,6,40,40,289,6,6,40,654,9.745744943618774
mem0,88,dev_0117,2,2_00101,OK,,2,3079,528,3607,7,33,33,255,7,12,70,1315,15.69386100769043
mem0,88,dev_0117,3,12_00097,OK,,2,3090,475,3565,3,28,28,250,3,15,98,1658,14.248485803604126
mem0,88,dev_0117,4,15_00061,OK,,2,3423,1009,4432,10,85,85,400,10,25,183,2772,29.421480417251587
mem0,88,dev_0117,5,10_00116,OK,,2,3150,574,3724,4,20,20,281,4,29,203,3190,16.2210910320282
mem0,88,dev_0117,6,17_00108,OK,,2,3531,1078,4609,7,75,75,429,7,36,278,3982,31.206166982650757
mem0,88,dev_0117,7,2_00050,OK,,2,3293,888,4181,7,59,59,302,5,40,306,4438,25.889023065567017
mem0,89,dev_0118,1,17_00122,OK,,2,3140,272,3412,4,54,54,375,4,4,54,462,8.312008619308472
mem0,89,dev_0118,2,12_00067,OK,,2,3304,480,3784,9,63,63,398,8,12,107,1330,15.177672147750854
mem0,89,dev_0118,3,15_00008,OK,,2,3626,901,4527,9,76,76,596,9,21,183,2308,26.589553833007812
mem0,89,dev_0118,4,5_00121,OK,,2,2984,602,3586,5,41,41,135,5,26,224,2858,17.9227557182312
mem0,89,dev_0118,5,14_00040,OK,,2,3327,783,4110,5,47,47,329,5,31,271,3414,21.74226951599121
mem0,89,dev_0118,6,9_00077,OK,,2,3230,832,4062,5,42,42,276,5,36,313,3963,24.591872930526733
mem0,89,dev_0118,7,11_00018,OK,,2,3344,1066,4410,11,81,81,259,9,43,365,4764,31.449456930160522
mem0,89,dev_0118,8,4_00100,OK,,2,3180,761,3941,4,36,36,233,4,47,401,5210,21.680225133895874
mem0,89,dev_0118,9,19_00108,OK,,2,3276,894,4170,4,40,40,236,4,51,441,5670,24.39223599433899
mem0,89,dev_0118,10,9_00103,OK,,2,3171,901,4072,4,50,50,161,4,55,491,6133,25.27592706680298
mem0,90,dev_0119,1,7_00034,OK,,2,3133,283,3416,5,47,47,414,5,5,47,552,9.013252973556519
mem0,90,dev_0119,2,10_00066,OK,,2,3137,475,3612,5,41,41,333,5,10,88,1110,13.649843215942383
mem0,90,dev_0119,3,19_00071,OK,,2,3504,747,4251,7,80,80,516,7,17,168,1894,22.027020692825317
mem0,90,dev_0119,4,20_00063,OK,,2,3163,725,3888,5,31,31,224,5,22,199,2426,20.617448091506958
mem0,90,dev_0119,5,17_00096,OK,,2,3687,993,4680,6,82,82,548,6,28,281,3120,27.938719272613525
mem0,90,dev_0119,6,5_00036,OK,,2,3096,543,3639,3,14,14,238,3,31,295,3447,16.209298372268677
mem0,90,dev_0119,7,5_00050,OK,,2,2985,452,3437,3,17,17,210,3,34,312,3776,11.959990739822388
mem0,90,dev_0119,8,6_00095,OK,,2,2973,472,3445,2,10,10,138,2,36,322,3991,14.118551015853882
mem0,90,dev_0119,9,1_00103,OK,,2,3326,851,4177,5,36,36,316,5,41,358,4542,24.004093408584595
mem0,91,dev_0120,1,12_00032,OK,,2,3170,361,3531,15,168,168,359,4,4,85,489,12.340120077133179
mem0,91,dev_0120,2,13_00089,OK,,2,3262,605,3867,7,55,55,344,7,11,140,1263,18.283593893051147
mem0,91,dev_0120,3,11_00009,OK,,2,3165,679,3844,3,23,23,197,3,14,163,1597,19.290191650390625
mem0,91,dev_0120,4,3_00049,OK,,2,3354,676,4030,5,50,50,372,5,18,208,2069,19.7542724609375
mem0,91,dev_0120,5,13_00110,OK,,2,3475,1053,4528,8,61,61,333,5,21,240,2428,30.824171781539917
mem0,92,dev_0122,1,8_00047,OK,,2,3310,725,4035,15,95,95,497,15,15,95,1650,23.13314127922058
mem0,92,dev_0122,2,20_00080,OK,,2,3296,759,4055,6,47,47,354,6,21,142,2306,21.02748465538025
mem0,92,dev_0122,3,18_00046,OK,,2,3291,908,4199,7,53,53,305,7,28,195,3064,26.438007593154907
mem0,92,dev_0122,4,9_00046,OK,,2,3100,506,3606,3,30,30,242,3,31,225,3388,14.16163182258606
mem0,92,dev_0122,5,16_00058,OK,,2,3270,825,4095,5,51,51,275,5,36,276,3954,23.138511180877686
mem0,93,dev_0124,1,9_00006,OK,,2,2963,296,3259,5,49,49,255,5,5,49,566,8.72868013381958
mem0,93,dev_0124,2,2_00048,OK,,2,3212,569,3781,6,65,65,334,6,11,114,1254,17.35710597038269
mem0,93,dev_0124,3,10_00127,OK,,2,3044,728,3772,6,36,36,137,6,17,150,1890,20.355533599853516
mem0,93,dev_0124,4,12_00033,OK,,2,3730,1297,5027,16,116,116,609,16,33,266,3635,38.216901779174805
mem0,93,dev_0124,5,10_00012,OK,,2,3166,765,3931,4,32,32,207,4,37,298,4076,22.110512495040894
mem0,93,dev_0124,6,5_00061,OK,,2,3026,576,3602,3,25,25,175,3,40,323,4408,16.649038553237915
mem0,94,dev_0126,1,14_00084,OK,,2,3090,306,3396,5,57,57,365,5,5,57,564,9.2859468460083
mem0,94,dev_0126,2,4_00021,OK,,2,2924,348,3272,3,18,18,146,3,8,75,889,10.442002058029175
mem0,94,dev_0126,3,17_00115,OK,,2,3740,802,4542,8,82,82,714,8,16,157,1778,22.99917769432068
mem0,94,dev_0126,4,19_00118,OK,,2,3302,700,4002,5,36,36,347,5,20,179,2229,20.581351280212402
mem0,94,dev_0126,5,11_00040,OK,,2,3246,816,4062,4,30,30,241,4,24,209,2683,22.58578109741211
mem0,94,dev_0126,6,12_00029,OK,,2,3467,1067,4534,10,80,80,390,10,33,286,3698,31.218957662582397
mem0,94,dev_0126,7,16_00080,OK,,2,3395,1148,4543,7,61,61,260,7,40,347,4480,32.658249616622925
mem0,94,dev_0126,8,19_00067,OK,,2,3901,1473,5374,8,88,88,564,8,48,435,5391,42.81342387199402
mem0,94,dev_0126,9,11_00027,OK,,2,3213,711,3924,3,23,23,237,3,51,458,5715,19.820902824401855
mem0,94,dev_0126,10,7_00062,OK,,2,3403,1023,4426,7,51,51,311,7,56,499,6300,29.682564973831177
mem0,95,dev_0127,1,15_00063,OK,,2,3079,308,3387,5,60,60,345,5,5,60,575,9.128957509994507
mem0,95,dev_0127,2,17_00091,OK,,2,3929,626,4555,8,56,56,944,8,13,116,1458,19.646137714385986
mem0,95,dev_0127,3,1_00120,OK,,2,3173,741,3914,7,46,46,261,5,16,135,1816,21.344104766845703
mem0,95,dev_0127,4,19_00115,OK,,2,3188,636,3824,5,46,46,299,13,13,122,1502,18.591541290283203
mem0,95,dev_0127,5,13_00112,OK,,2,3600,1010,4610,9,105,105,536,9,22,227,2523,29.31340217590332
mem0,96,dev_0128,1,19_00004,OK,,2,3105,498,3603,10,71,71,346,10,10,71,1086,15.733047008514404
mem0,96,dev_0128,2,6_00076,OK,,2,3127,666,3793,6,45,45,246,6,16,116,1738,19.209352254867554
mem0,96,dev_0128,3,8_00048,OK,,2,3444,780,4224,7,92,92,456,7,21,192,2358,23.173574924468994
mem0,96,dev_0128,4,11_00103,OK,,2,3516,662,4178,4,37,37,518,4,25,229,2814,19.014752864837646
mem0,96,dev_0128,5,14_00094,OK,,2,3378,1031,4409,6,72,72,287,6,31,301,3511,29.225378274917603
mem0,96,dev_0128,6,9_00089,OK,,2,3143,877,4020,5,46,46,180,5,36,347,4068,24.886937856674194
mem0,96,dev_0128,7,13_00064,OK,,2,3483,1093,4576,7,60,60,356,7,43,407,4832,31.48012924194336
mem0,96,dev_0128,8,5_00057,OK,,2,3105,737,3842,4,32,32,184,4,47,439,5273,20.89970588684082
mem0,97,dev_0130,1,10_00007,OK,,2,2830,180,3010,3,32,32,175,3,3,32,340,5.8866095542907715
mem0,97,dev_0130,2,7_00028,OK,,2,2881,342,3223,4,29,29,138,4,7,61,788,10.314947128295898
mem0,97,dev_0130,3,10_00032,OK,,2,3048,594,3642,6,42,42,206,6,13,103,1442,17.636393785476685
mem0,97,dev_0130,4,13_00118,OK,,2,3306,617,3923,5,48,48,352,5,18,151,1995,17.34406852722168
mem0,97,dev_0130,5,15_00091,OK,,2,3493,779,4272,11,108,108,484,5,23,209,2559,24.01782250404358
mem0,97,dev_0130,6,3_00086,OK,,2,2955,492,3447,3,26,26,112,3,26,235,2896,14.337105512619019
mem0,98,dev_0131,1,13_00095,OK,,2,3111,408,3519,7,73,73,341,7,7,73,786,12.379134893417358
mem0,98,dev_0131,2,1_00080,OK,,2,3166,444,3610,3,31,31,325,3,10,104,1126,12.844139575958252
mem0,98,dev_0131,3,2_00076,OK,,2,3265,855,4120,9,99,99,274,7,17,180,1916,24.98484778404236
mem0,98,dev_0131,4,15_00115,OK,,2,3426,822,4248,5,79,79,404,5,22,259,2514,23.614486932754517
mem0,98,dev_0131,5,9_00114,OK,,2,3172,910,4082,6,34,34,174,6,28,293,3167,26.312511682510376
mem0,98,dev_0131,6,12_00095,OK,,2,3335,939,4274,5,38,38,258,5,33,331,3724,27.728559255599976
mem0,98,dev_0131,7,13_00106,OK,,2,3487,1319,4806,11,74,74,296,11,40,383,4566,38.288143157958984
mem0,98,dev_0131,8,3_00059,OK,,2,3333,764,4097,5,30,30,305,4,43,407,4914,22.29398822784424
mem0,99,dev_0132,1,12_00030,OK,,2,3191,650,3841,13,72,72,409,12,12,66,1273,20.04622793197632
mem0,99,dev_0132,2,9_00096,OK,,2,3035,434,3469,3,30,30,233,3,15,96,1604,12.744598388671875
mem0,99,dev_0132,3,13_00113,OK,,2,3383,769,4152,5,77,77,391,5,20,173,2195,21.823344945907593
mem0,99,dev_0132,4,12_00125,OK,,2,3006,611,3617,4,28,28,152,4,23,194,2541,17.636922121047974
mem0,99,dev_0132,5,20_00057,OK,,2,3472,1166,4638,9,63,63,377,9,32,257,3522,34.29162311553955
mem0,99,dev_0132,6,5_00042,OK,,2,2871,383,3254,2,9,9,93,2,34,266,3742,10.74573040008545
mem0,99,dev_0132,7,13_00096,OK,,2,3512,1023,4535,5,50,50,399,5,39,316,4306,29.0811505317688
mem0,99,dev_0132,8,10_00010,OK,,2,3351,1140,4491,7,69,69,243,7,46,385,5085,33.09696936607361
mem0,99,dev_0132,9,13_00121,OK,,2,3559,1031,4590,6,79,79,442,6,52,464,5780,29.175382375717163
mem0,99,dev_0132,10,4_00016,OK,,2,2982,520,3502,2,18,18,140,2,54,482,5999,14.241357803344727
mem0,100,dev_0133,1,18_00070,OK,,2,2957,198,3155,3,37,37,277,3,3,37,337,6.177349328994751
mem0,100,dev_0133,2,11_00051,OK,,2,3080,407,3487,7,62,62,245,4,7,83,797,13.04173469543457
mem0,100,dev_0133,3,16_00005,OK,,2,3340,607,3947,5,48,48,413,5,12,131,1351,16.683106660842896
mem0,100,dev_0133,4,20_00013,OK,,2,3361,756,4117,5,41,41,366,5,17,172,1909,20.616082429885864
mem0,100,dev_0133,5,1_00002,OK,,2,3026,595,3621,4,27,27,159,4,21,199,2341,15.744486570358276
mem0,100,dev_0133,6,16_00108,OK,,2,3138,885,4023,6,30,30,166,6,27,229,2984,24.52374029159546
mem0,100,dev_0133,7,6_00063,OK,,2,3356,1025,4381,7,56,56,274,7,34,285,3758,26.75019407272339
mem0,101,dev_0134,1,2_00029,OK,,2,2910,152,3062,3,16,16,278,3,3,16,325,4.623758554458618
mem0,101,dev_0134,2,17_00111,OK,,2,3426,576,4002,7,86,86,507,7,10,102,1127,15.958679676055908
mem0,101,dev_0134,3,5_00003,OK,,2,2979,424,3403,2,13,13,139,2,12,115,1336,11.332109212875366
mem0,101,dev_0134,4,6_00010,OK,,2,2976,549,3525,4,27,27,136,4,16,142,1767,14.437351703643799
mem0,101,dev_0134,5,11_00047,OK,,2,3190,541,3731,2,25,25,262,2,18,167,1998,13.905522346496582
mem0,101,dev_0134,6,19_00070,OK,,2,3348,926,4274,8,56,56,312,8,26,223,2875,24.759872913360596
mem0,101,dev_0134,7,9_00080,OK,,2,3299,1136,4435,6,71,71,192,6,32,294,3564,28.877060174942017
mem0,101,dev_0134,8,12_00082,OK,,2,3348,939,4287,6,41,41,298,6,38,335,4218,24.54657816886902
mem0,102,dev_0135,1,11_00104,OK,,2,3022,138,3160,2,27,27,337,2,2,27,230,4.041277170181274
mem0,102,dev_0135,2,2_00040,OK,,2,3092,487,3579,7,86,86,279,3,5,64,569,9.971899509429932
mem0,102,dev_0135,3,13_00116,OK,,2,3262,323,3585,6,72,72,388,4,8,102,934,6.814794540405273
mem0,102,dev_0135,4,4_00122,OK,,2,2982,503,3485,4,34,34,138,4,12,136,1376,9.486597061157227
mem0,102,dev_0135,5,11_00012,OK,,2,3299,1059,4358,11,85,85,270,10,21,199,2366,23.523199319839478
mem0,102,dev_0135,6,8_00001,OK,,2,3632,1037,4669,11,92,92,538,11,32,291,3603,20.94463300704956
mem0,103,dev_0136,1,6_00073,OK,,2,3005,280,3285,5,42,42,303,5,5,42,555,6.148953437805176
mem0,103,dev_0136,2,9_00018,OK,,2,3089,404,3493,3,39,39,281,3,8,81,901,7.753525972366333
mem0,103,dev_0136,3,4_00065,OK,,2,3210,612,3822,5,38,38,308,5,13,119,1450,12.283731937408447
mem0,103,dev_0136,4,19_00001,OK,,2,3443,901,4344,8,48,48,414,8,21,167,2326,17.986296892166138
mem0,103,dev_0136,5,18_00109,OK,,2,3372,1114,4486,10,90,90,255,8,28,232,3130,22.24920892715454
mem0,103,dev_0136,6,12_00121,OK,,2,3103,692,3795,5,27,27,200,5,32,255,3583,13.425191879272461
mem0,103,dev_0136,7,10_00011,OK,,2,3069,832,3901,4,18,18,100,4,36,273,4020,15.851756572723389
mem0,103,dev_0136,8,5_00072,OK,,2,2815,250,3065,1,7,7,103,1,37,280,4133,4.833174228668213
mem0,103,dev_0136,9,13_00035,OK,,2,3526,1255,4781,9,81,81,380,9,46,361,5132,24.88464331626892
mem0,103,dev_0136,10,11_00005,OK,,2,3179,830,4009,6,55,55,213,6,50,393,5591,16.875253438949585
mem0,104,dev_0137,1,18_00048,OK,,2,3107,322,3429,6,50,50,364,6,6,50,657,7.22564959526062
mem0,104,dev_0137,2,16_00077,OK,,2,3065,480,3545,5,45,45,243,5,11,95,1208,10.118369817733765
mem0,104,dev_0137,3,16_00017,OK,,2,3612,969,4581,10,80,80,578,10,21,175,2304,19.820473194122314
mem0,104,dev_0137,4,9_00076,OK,,2,3118,714,3832,3,31,31,182,3,24,206,2644,13.678200483322144
mem0,104,dev_0137,5,16_00116,OK,,2,3208,724,3932,4,26,26,243,3,27,226,2968,14.088222980499268
mem0,104,dev_0137,6,4_00112,OK,,2,3167,817,3984,5,28,28,200,5,32,254,3497,15.729651927947998
mem0,104,dev_0137,7,14_00095,OK,,2,3309,1056,4365,8,91,91,246,8,39,333,4304,20.866917848587036
mem0,104,dev_0137,8,1_00010,OK,,2,3366,1124,4490,9,71,71,289,9,48,404,5293,21.8455970287323
mem0,104,dev_0137,9,9_00013,OK,,2,3398,961,4359,6,49,49,296,5,51,433,5673,19.019268035888672
mem0,105,dev_0138,1,13_00111,OK,,2,3261,278,3539,4,57,57,505,4,4,57,463,5.810431480407715
mem0,105,dev_0138,2,4_00108,OK,,2,2963,432,3395,4,35,35,142,4,8,92,910,9.02212643623352
mem0,105,dev_0138,3,12_00122,OK,,2,3000,472,3472,3,36,36,176,3,11,128,1239,9.050634145736694
mem0,105,dev_0138,4,1_00115,OK,,2,3317,662,3979,7,54,54,399,7,17,167,1914,13.263191223144531
mem0,105,dev_0138,5,11_00123,OK,,2,3780,1407,5187,14,126,126,572,14,31,293,3474,28.30486822128296
mem0,105,dev_0138,6,3_00031,OK,,2,3068,565,3633,3,34,34,181,3,34,327,3819,10.776930093765259
mem0,106,dev_0139,1,3_00115,OK,,2,2836,116,2952,2,16,16,204,2,2,16,220,2.6828579902648926
mem0,106,dev_0139,2,15_00007,OK,,2,3273,550,3823,9,72,72,447,9,11,88,1219,11.577762365341187
mem0,106,dev_0139,3,5_00074,OK,,2,2963,451,3414,2,20,20,151,2,13,108,1441,8.493517398834229
mem0,106,dev_0139,4,3_00042,OK,,2,3120,751,3871,6,39,39,201,6,19,147,2087,14.611713171005249
mem0,106,dev_0139,5,15_00105,OK,,2,3331,625,3956,4,51,51,400,4,23,198,2543,12.122388124465942
mem0,106,dev_0139,6,8_00002,OK,,2,3590,1038,4628,9,99,99,487,9,32,297,3565,20.27771759033203
mem0,106,dev_0139,7,14_00006,OK,,2,3442,1166,4608,10,80,80,348,8,38,350,4269,22.91484546661377
mem0,107,dev_0140,1,4_00113,OK,,2,2897,338,3235,6,49,49,199,6,6,49,660,7.362791538238525
mem0,107,dev_0140,2,5_00125,OK,,2,2995,599,3594,7,46,46,170,7,13,95,1422,11.880766153335571
mem0,107,dev_0140,3,17_00011,OK,,2,3241,669,3910,5,57,57,338,5,18,152,1994,12.954102754592896
mem0,107,dev_0140,4,16_00018,OK,,2,3244,583,3827,4,46,46,311,4,22,198,2447,11.438362121582031
mem0,107,dev_0140,5,2_00015,OK,,2,3006,381,3387,3,37,37,220,3,24,215,2689,7.6645307540893555
mem0,107,dev_0140,6,2_00004,OK,,2,3066,805,3871,6,43,43,143,5,28,234,3130,15.697477340698242
mem0,107,dev_0140,7,19_00088,OK,,2,3313,885,4198,5,73,73,284,5,33,307,3718,16.8203387260437
mem0,107,dev_0140,8,2_00028,OK,,2,3124,688,3812,5,41,41,211,4,36,337,4076,13.388335466384888
mem0,107,dev_0140,9,15_00042,OK,,2,3712,904,4616,5,101,101,582,5,40,419,4581,17.370787382125854
mem0,108,dev_0142,1,20_00085,OK,,2,3061,478,3539,9,70,70,307,9,9,70,988,10.43213677406311
mem0,108,dev_0142,2,12_00064,OK,,2,3057,565,3622,3,33,33,179,3,12,103,1328,11.13794469833374
mem0,108,dev_0142,3,8_00103,OK,,2,3161,735,3896,6,54,54,240,5,16,137,1792,14.631033658981323
mem0,108,dev_0142,4,16_00014,OK,,2,3505,766,4271,11,174,174,461,4,20,217,2289,16.266228914260864
mem0,108,dev_0142,5,1_00102,OK,,2,3259,969,4228,8,44,44,241,8,28,261,3167,19.256349086761475
mem0,108,dev_0142,6,1_00063,OK,,2,3063,672,3735,5,29,29,125,3,29,274,3322,13.118165254592896
mem0,108,dev_0142,7,9_00088,OK,,2,3041,790,3831,5,20,20,117,5,34,294,3853,15.202240228652954
mem0,108,dev_0142,8,10_00058,OK,,2,3038,501,3539,4,24,24,238,4,38,318,4277,9.827096939086914
mem0,108,dev_0142,9,2_00112,OK,,2,3148,673,3821,3,25,25,213,3,41,343,4606,12.50112247467041
mem0,108,dev_0142,10,6_00067,OK,,2,3363,905,4268,9,60,60,294,6,44,370,5001,17.81936502456665
mem0,109,dev_0143,1,5_00009,OK,,2,2826,112,2938,2,13,13,182,2,2,13,218,2.50675892829895
mem0,109,dev_0143,2,6_00080,OK,,2,3150,429,3579,6,57,57,348,6,8,70,881,8.984057664871216
mem0,109,dev_0143,3,13_00013,OK,,2,3058,417,3475,3,15,15,226,3,11,85,1204,8.050180435180664
mem0,109,dev_0143,4,14_00126,OK,,2,3408,805,4213,7,74,74,440,7,18,159,1996,15.922018051147461
mem0,109,dev_0143,5,11_00111,OK,,2,3428,1093,4521,12,95,95,361,11,29,251,3211,21.71413230895996
mem0,109,dev_0143,6,10_00063,OK,,2,3126,664,3790,4,25,25,237,4,33,276,3650,13.16917109489441
mem0,109,dev_0143,7,4_00107,OK,,2,3281,924,4205,4,46,46,234,4,37,322,4110,17.307982921600342
mem0,109,dev_0143,8,4_00055,OK,,2,3248,860,4108,8,60,60,288,10,41,362,4610,17.34059977531433
mem0,109,dev_0143,9,6_00123,OK,,2,3134,639,3773,3,30,30,211,3,44,392,4940,12.140913248062134
mem0,110,dev_0144,1,10_00089,OK,,2,2977,324,3301,6,51,51,276,6,6,51,688,6.881047248840332
mem0,110,dev_0144,2,12_00071,OK,,2,3169,559,3728,6,43,43,294,6,12,94,1352,11.583791971206665
mem0,110,dev_0144,3,7_00053,OK,,2,3149,572,3721,10,76,76,277,5,16,136,1816,11.902830600738525
mem0,110,dev_0144,4,19_00003,OK,,2,3276,728,4004,7,52,52,329,7,23,188,2589,14.215655326843262
mem0,110,dev_0144,5,13_00012,OK,,2,3044,542,3586,3,30,30,202,3,26,218,2927,10.702158689498901
mem0,110,dev_0144,6,1_00074,OK,,2,3119,881,4000,6,43,43,157,6,31,247,3490,17.10646653175354
mem0,110,dev_0144,7,15_00126,OK,,2,3535,1252,4787,9,110,110,400,7,38,324,4295,24.482423782348633
mem0,110,dev_0144,8,11_00100,OK,,2,3533,1184,4717,6,52,52,347,6,44,376,4958,22.441511631011963
mem0,111,dev_0145,1,11_00074,OK,,2,2946,242,3188,4,40,40,254,4,4,40,449,5.387094020843506
mem0,111,dev_0145,2,5_00080,OK,,2,2787,280,3067,2,11,11,63,2,6,51,667,5.304459810256958
mem0,111,dev_0145,3,18_00084,OK,,2,3069,503,3572,4,48,48,229,4,10,99,1131,10.042899370193481
mem0,111,dev_0145,4,4_00116,OK,,2,3060,417,3477,2,18,18,218,2,12,117,1351,8.100656747817993
mem0,111,dev_0145,5,13_00114,OK,,2,3512,826,4338,8,64,64,504,7,18,170,2036,16.7589213848114
mem0,111,dev_0145,6,6_00058,OK,,2,3388,1109,4497,7,55,55,256,7,25,225,2797,21.604668140411377
mem0,111,dev_0145,7,5_00058,OK,,2,3225,951,4176,6,51,51,213,6,31,276,3464,18.34556818008423
mem0,111,dev_0145,8,5_00087,OK,,2,2753,298,3051,2,15,15,46,2,33,291,3680,5.966278076171875
mem0,111,dev_0145,9,14_00030,OK,,2,3600,1368,4968,12,78,78,365,12,43,357,4813,26.93662405014038
mem0,111,dev_0145,10,20_00076,OK,,2,3359,977,4336,5,62,62,313,5,48,419,5371,18.735223293304443
mem0,112,dev_0146,1,14_00074,OK,,2,3022,324,3346,6,55,55,320,6,6,55,670,7.203752517700195
mem0,112,dev_0146,2,17_00100,OK,,2,3658,775,4433,10,84,84,660,10,16,139,1781,16.267301559448242
mem0,112,dev_0146,3,1_00081,OK,,2,3214,728,3942,6,44,44,280,6,21,174,2349,14.556515455245972
mem0,112,dev_0146,4,8_00033,OK,,2,3573,1149,4722,10,76,76,438,10,31,250,3446,23.00797724723816
mem0,112,dev_0146,5,2_00044,OK,,2,3365,843,4208,9,86,86,328,7,35,286,3950,17.07626962661743
mem0,113,dev_0147,1,9_00125,OK,,2,2996,270,3266,5,41,41,321,5,5,41,551,6.218065023422241
mem0,113,dev_0147,2,3_00000,OK,,2,2885,497,3382,6,37,37,108,3,8,63,884,10.111455202102661
mem0,113,dev_0147,3,11_00035,OK,,2,3039,460,3499,3,26,26,205,3,11,89,1214,9.105318546295166
mem0,113,dev_0147,4,1_00032,OK,,2,3186,658,3844,5,31,31,293,5,16,120,1755,12.661118507385254
mem0,113,dev_0147,5,20_00078,OK,,2,3247,770,4017,6,56,56,304,6,22,176,2425,15.366555452346802
mem0,113,dev_0147,6,13_00090,OK,,2,3387,785,4172,4,44,44,368,4,26,220,2879,15.158416032791138
mem0,113,dev_0147,7,6_00114,OK,,2,3122,675,3797,4,24,24,213,4,30,244,3321,13.102560043334961
mem0,113,dev_0147,8,16_00059,OK,,2,3497,908,4405,6,44,44,471,6,35,283,3892,17.962548971176147
mem0,113,dev_0147,9,17_00082,OK,,2,3709,1253,4962,8,86,86,473,8,43,369,4793,25.20064687728882
mem0,113,dev_0147,10,10_00071,OK,,2,3037,665,3702,4,36,36,151,4,47,405,5239,12.718326568603516
mem0,114,dev_0148,1,6_00072,OK,,2,3017,300,3317,5,48,48,296,5,5,48,565,6.892371892929077
mem0,114,dev_0148,2,12_00114,OK,,2,3137,438,3575,4,35,35,314,4,9,83,1029,8.667325496673584
mem0,114,dev_0148,3,6_00109,OK,,2,3006,449,3455,2,14,14,177,2,11,97,1255,8.742215156555176
mem0,114,dev_0148,4,18_00061,OK,,2,3236,691,3927,4,38,38,289,4,15,135,1699,13.559080362319946
mem0,114,dev_0148,5,2_00054,OK,,2,3307,871,4178,7,66,66,301,7,22,201,2480,17.078575372695923
mem0,114,dev_0148,6,2_00046,OK,,2,3236,821,4057,7,66,66,277,7,29,267,3267,16.429059267044067
mem0,114,dev_0148,7,20_00059,OK,,2,3387,1146,4533,8,53,53,280,8,37,320,4149,22.541409969329834
mem0,115,dev_0149,1,14_00020,OK,,2,3012,334,3346,7,37,37,308,7,7,37,762,8.300248384475708
mem0,115,dev_0149,2,12_00037,OK,,2,3359,797,4156,11,99,99,398,9,15,117,1686,17.255030632019043
mem0,115,dev_0149,3,16_00120,OK,,2,3269,837,4106,5,41,41,276,5,20,158,2234,16.343316078186035
mem0,115,dev_0149,4,19_00021,OK,,2,3490,982,4472,8,57,57,458,8,28,215,3119,20.56205105781555
mem0,115,dev_0149,5,16_00024,OK,,2,3409,836,4245,5,46,46,353,4,31,254,3475,16.822693586349487
mem0,115,dev_0149,6,17_00003,OK,,2,3239,874,4113,6,35,35,232,6,36,285,4043,17.057639837265015
mem0,115,dev_0149,7,5_00073,OK,,2,2857,469,3326,2,17,17,65,2,38,302,4270,8.798207521438599
mem0,115,dev_0149,8,10_00051,OK,,2,3147,740,3887,5,43,43,237,5,43,345,4827,13.940475940704346
mem0,115,dev_0149,9,4_00059,OK,,2,3420,873,4293,5,33,33,403,5,48,378,5389,16.033649444580078
mem0,115,dev_0149,10,12_00075,OK,,2,3242,1071,4313,6,29,29,171,6,54,407,6040,19.5166974067688
mem0,116,dev_0150,1,3_00104,OK,,2,2741,112,2853,2,13,13,116,2,2,13,222,2.3935439586639404
mem0,116,dev_0150,2,5_00056,OK,,2,2842,227,3069,3,16,16,140,3,5,29,539,4.466571569442749
mem0,116,dev_0150,3,20_00109,OK,,2,3424,591,4015,8,55,55,573,8,13,84,1416,12.504749774932861
mem0,116,dev_0150,4,4_00020,OK,,2,2991,433,3424,2,17,17,180,2,15,101,1636,8.055745363235474
mem0,116,dev_0150,5,19_00113,OK,,2,3293,804,4097,5,50,50,325,5,20,151,2192,14.72389006614685
mem0,116,dev_0150,6,18_00114,OK,,2,3430,1138,4568,9,68,68,349,9,29,219,3179,21.3287832736969
mem0,116,dev_0150,7,11_00042,OK,,2,3127,707,3834,4,24,24,206,4,33,243,3619,12.804346084594727
mem0,116,dev_0150,8,8_00074,OK,,2,3284,744,4028,6,39,39,341,6,37,271,4095,13.830831289291382
mem0,116,dev_0150,9,2_00026,OK,,2,2990,492,3482,3,21,21,159,3,39,286,4327,9.070232152938843
mem0,116,dev_0150,10,3_00003,OK,,2,2975,604,3579,3,33,33,101,3,42,319,4665,11.078510999679565
mem0,117,dev_0152,1,6_00020,OK,,2,2833,192,3025,4,19,19,184,4,4,19,433,4.31038761138916
mem0,117,dev_0152,2,14_00045,OK,,2,3167,399,3566,4,45,45,342,4,8,64,893,7.7621166706085205
mem0,117,dev_0152,3,5_00013,OK,,2,3084,509,3593,3,28,28,231,3,11,92,1227,9.547890424728394
mem0,117,dev_0152,4,4_00035,OK,,2,3021,459,3480,3,21,21,182,3,14,113,1566,8.501458644866943
mem0,117,dev_0152,5,1_00016,OK,,2,3046,640,3686,5,34,34,171,5,19,147,2119,11.637048959732056
mem0,117,dev_0152,6,3_00014,OK,,2,2911,449,3360,3,20,20,98,2,21,162,2342,8.298116683959961
mem0,117,dev_0152,7,5_00052,OK,,2,3017,634,3651,3,23,23,113,3,24,185,2673,11.398331880569458
mem0,117,dev_0152,8,20_00089,OK,,2,3449,1121,4570,8,53,53,340,8,32,238,3530,20.64449167251587
mem0,117,dev_0152,9,1_00090,OK,,2,3328,890,4218,6,47,47,322,6,38,285,4193,16.29390811920166
mem0,117,dev_0152,10,16_00123,OK,,2,3356,976,4332,5,40,40,302,5,43,325,4741,17.717344760894775
mem0,118,dev_0153,1,14_00087,OK,,2,3173,366,3539,6,71,71,424,6,6,71,679,8.032731056213379
mem0,118,dev_0153,2,10_00092,OK,,2,3091,580,3671,6,45,45,229,6,12,116,1336,11.017325162887573
mem0,118,dev_0153,3,12_00090,OK,,2,3310,675,3985,5,45,45,361,5,17,161,1890,12.47676157951355
mem0,118,dev_0153,4,5_00046,OK,,2,2869,411,3280,2,12,12,71,2,19,173,2103,7.529121160507202
mem0,118,dev_0153,5,20_00067,OK,,2,3398,1116,4514,9,71,71,324,9,28,244,3100,20.61930799484253
mem0,118,dev_0153,6,12_00073,OK,,2,3406,1070,4476,9,73,73,322,9,37,317,4095,20.222753763198853
mem0,118,dev_0153,7,19_00109,OK,,2,3438,934,4372,5,54,54,358,5,42,371,4651,17.139856100082397
mem0,119,dev_0154,1,13_00101,OK,,2,3064,266,3330,5,38,38,348,5,5,38,557,9.009955644607544
mem0,119,dev_0154,2,4_00052,OK,,2,3012,461,3473,5,37,37,214,5,10,75,1107,13.510496854782104
mem0,119,dev_0154,3,20_00101,OK,,2,3401,733,4134,7,55,55,476,7,17,130,1880,20.727460145950317
mem0,119,dev_0154,4,12_00056,OK,,2,3526,1106,4632,12,68,68,458,12,27,183,2998,31.10279679298401
mem0,119,dev_0154,5,9_00112,OK,,2,3170,922,4092,5,36,36,194,5,32,219,3547,25.475321769714355
mem0,119,dev_0154,6,6_00033,OK,,2,3349,868,4217,8,61,61,322,8,36,253,4014,25.376800537109375
mem0,119,dev_0154,7,4_00097,OK,,2,3291,747,4038,4,33,33,313,4,40,286,4450,21.25185465812683
mem0,120,dev_0155,1,11_00024,OK,,2,2955,268,3223,5,40,40,271,5,5,40,560,8.172991275787354
mem0,120,dev_0155,2,20_00049,OK,,2,3099,469,3568,5,43,43,273,5,10,83,1107,14.194226026535034
mem0,120,dev_0155,3,6_00040,OK,,2,3176,655,3831,7,72,72,273,6,14,130,1607,18.732876300811768
mem0,120,dev_0155,4,18_00012,OK,,2,3753,1100,4853,10,89,89,650,10,24,219,2714,32.11255764961243
mem0,120,dev_0155,5,1_00006,OK,,2,3178,806,3984,6,39,39,240,6,30,258,3367,22.667620182037354
mem0,120,dev_0155,6,3_00058,OK,,2,3004,478,3482,2,21,21,152,2,32,279,3593,13.607726812362671
mem0,120,dev_0155,7,18_00029,OK,,2,3425,963,4388,7,53,53,367,7,39,332,4366,28.341744899749756
mem0,120,dev_0155,8,15_00112,OK,,2,3526,1210,4736,7,74,74,356,7,46,406,5157,34.27749943733215
mem0,120,dev_0155,9,7_00045,OK,,2,3306,841,4147,6,52,52,302,6,50,438,5607,24.293876886367798
mem0,120,dev_0155,10,3_00101,OK,,2,3232,825,4057,5,37,37,262,5,54,466,6049,23.322147846221924
mem0,121,dev_0156,1,6_00028,OK,,2,2825,250,3075,5,30,30,167,5,5,30,546,7.885178565979004
mem0,121,dev_0156,2,3_00091,OK,,2,2841,319,3160,2,19,19,101,2,7,49,765,9.372923612594604
mem0,121,dev_0156,3,1_00004,OK,,2,2997,423,3420,4,31,31,196,4,11,80,1206,12.166150569915771
mem0,121,dev_0156,4,19_00061,OK,,2,3381,903,4284,10,90,90,398,10,21,170,2320,26.70734190940857
mem0,121,dev_0156,5,1_00079,OK,,2,3306,941,4247,9,58,58,333,9,30,228,3304,27.516388654708862
mem0,121,dev_0156,6,1_00052,OK,,2,2952,500,3452,5,26,26,133,5,31,237,3460,14.436473369598389
mem0,121,dev_0156,7,9_00012,OK,,2,3390,896,4286,5,55,55,338,5,36,292,4023,25.422790050506592
mem0,121,dev_0156,8,13_00065,OK,,2,3480,1043,4523,6,69,69,370,6,42,361,4701,29.3559250831604
mem0,121,dev_0156,9,16_00090,OK,,2,3425,1333,4758,10,66,66,262,10,52,427,5800,38.94554018974304
mem0,122,dev_0158,1,4_00071,OK,,2,3091,346,3437,7,45,45,391,7,7,45,765,10.692382574081421
mem0,122,dev_0158,2,1_00038,OK,,2,2901,437,3338,3,24,24,120,3,10,69,1107,13.309546947479248
mem0,122,dev_0158,3,5_00051,OK,,2,2839,386,3225,2,13,13,75,2,12,82,1324,10.603169202804565
mem0,122,dev_0158,4,4_00072,OK,,2,3239,620,3859,5,39,39,317,5,17,121,1870,17.90710163116455
mem0,122,dev_0158,5,1_00023,OK,,2,3137,717,3854,5,41,41,235,5,22,162,2419,20.82538366317749
mem0,122,dev_0158,6,5_00079,OK,,2,2941,631,3572,4,22,22,93,4,26,184,2853,18.36101794242859
mem0,122,dev_0158,7,18_00069,OK,,2,3314,875,4189,5,55,55,293,5,31,239,3426,25.246191263198853
mem0,123,dev_0160,1,11_00044,OK,,2,2897,244,3141,4,38,38,212,4,4,38,440,7.294184684753418
mem0,123,dev_0160,2,13_00067,OK,,2,3110,409,3519,4,41,41,297,4,8,79,894,11.883553981781006
mem0,123,dev_0160,3,7_00022,OK,,2,2945,457,3402,5,29,29,131,3,11,99,1224,13.718986749649048
mem0,123,dev_0160,4,10_00013,OK,,2,2991,562,3553,4,20,20,138,4,15,119,1648,16.31822180747986
mem0,123,dev_0160,5,16_00031,OK,,2,3434,791,4225,10,67,67,445,9,23,177,2546,23.77430295944214
mem0,123,dev_0160,6,5_00033,OK,,2,2881,508,3389,3,15,15,68,3,26,192,2861,13.798141241073608
mem0,124,dev_0161,1,7_00003,OK,,2,2808,198,3006,3,38,38,157,3,3,38,356,6.100254535675049
mem0,124,dev_0161,2,10_00070,OK,,2,2986,337,3323,4,27,27,227,4,7,65,797,10.320616483688354
mem0,124,dev_0161,3,2_00066,OK,,2,3184,576,3760,6,54,54,296,6,13,119,1470,16.253559350967407
mem0,124,dev_0161,4,9_00043,OK,,2,3302,663,3965,7,48,48,354,6,17,139,1937,20.050647020339966
mem0,124,dev_0161,5,5_00008,OK,,2,3082,685,3767,5,41,41,176,5,22,180,2483,20.349757432937622
mem0,124,dev_0161,6,12_00083,OK,,2,3273,889,4162,5,35,35,252,5,27,215,3030,25.442551136016846
mem0,125,dev_0162,1,11_00007,OK,,2,2889,110,2999,2,11,11,238,2,2,11,217,3.705932855606079
mem0,125,dev_0162,2,14_00050,OK,,2,3128,292,3420,3,45,45,364,3,5,56,570,8.709901094436646
mem0,125,dev_0162,3,3_00079,OK,,2,2932,336,3268,2,14,14,146,2,7,70,802,10.092008352279663
mem0,125,dev_0162,4,14_00025,OK,,2,3215,559,3774,5,34,34,347,5,12,104,1352,16.099010467529297
mem0,125,dev_0162,5,16_00020,OK,,2,3453,981,4434,10,70,70,411,10,22,174,2449,29.173836946487427
mem0,125,dev_0162,6,9_00068,OK,,2,3419,1021,4440,7,58,58,337,7,29,232,3230,29.340722799301147
mem0,125,dev_0162,7,8_00098,OK,,2,3326,1065,4391,7,59,59,256,7,36,291,3996,29.618265628814697
mem0,125,dev_0162,8,2_00121,OK,,2,3199,776,3975,4,40,40,231,4,40,331,4449,22.08956789970398
mem0,125,dev_0162,9,18_00086,OK,,2,3191,966,4157,5,50,50,148,5,45,381,5007,27.423055171966553
mem0,125,dev_0162,10,12_00118,OK,,2,3285,856,4141,4,36,36,276,4,49,417,5459,23.976016998291016
mem0,126,dev_0163,1,8_00086,OK,,2,2964,326,3290,6,50,50,257,6,6,50,660,10.136305093765259
mem0,126,dev_0163,2,16_00110,OK,,2,3083,462,3545,4,33,33,260,4,10,83,1101,12.99946928024292
mem0,126,dev_0163,3,6_00014,OK,,2,2951,445,3396,3,25,25,159,3,13,108,1434,13.524925708770752
mem0,126,dev_0163,4,18_00101,OK,,2,3354,779,4133,5,60,60,366,5,18,168,2004,22.04324984550476
mem0,126,dev_0163,5,15_00089,OK,,2,3373,835,4208,7,72,72,386,7,25,240,2799,24.468017101287842
mem0,126,dev_0163,6,16_00093,OK,,2,3438,1055,4493,8,60,60,349,8,33,300,3678,30.38299059867859
mem0,126,dev_0163,7,14_00054,OK,,2,3470,1141,4611,7,44,44,329,6,39,340,4331,32.87350511550903
mem0,126,dev_0163,8,17_00075,OK,,2,4192,1959,6151,20,164,164,668,16,52,454,5841,58.17872095108032
mem0,127,dev_0164,1,11_00071,OK,,2,3045,248,3293,4,46,46,336,3,3,31,342,7.7454750537872314
mem0,127,dev_0164,2,5_00048,OK,,2,2885,283,3168,3,17,17,164,3,6,48,677,7.942524671554565
mem0,127,dev_0164,3,15_00096,OK,,2,3204,568,3772,5,55,55,312,5,11,103,1246,16.871182918548584
mem0,127,dev_0164,4,19_00105,OK,,2,3247,674,3921,5,45,45,317,5,16,148,1804,20.614373683929443
mem0,127,dev_0164,5,11_00069,OK,,2,3308,660,3968,5,52,52,323,3,19,191,2152,18.886221408843994
mem0,128,dev_0165,1,16_00037,OK,,2,3161,368,3529,7,56,56,424,7,7,56,766,12.3123037815094
mem0,128,dev_0165,2,13_00069,OK,,2,3388,721,4109,8,73,73,487,8,15,129,1652,20.887022733688354
mem0,128,dev_0165,3,13_00040,OK,,2,3285,760,4045,5,66,66,324,4,19,181,2110,22.164517879486084
mem0,128,dev_0165,4,16_00056,OK,,2,3421,840,4261,5,53,53,400,5,24,234,2662,24.48387098312378
mem0,128,dev_0165,5,20_00069,OK,,2,3099,662,3761,3,32,32,149,3,27,266,2990,19.464162826538086
mem0,128,dev_0165,6,8_00034,OK,,2,3817,1444,5261,11,103,103,519,11,38,369,4215,43.5588014125824
mem0,128,dev_0165,7,5_00055,OK,,2,2870,326,3196,3,18,18,97,2,39,374,4346,9.410040616989136
mem0,129,dev_0166,1,19_00122,OK,,2,3015,286,3301,5,50,50,317,5,5,50,559,8.696081638336182
mem0,129,dev_0166,2,4_00012,OK,,2,3191,479,3670,5,40,40,357,5,10,90,1121,14.661354303359985
mem0,129,dev_0166,3,4_00078,OK,,2,3311,668,3979,6,45,45,388,5,15,123,1658,19.66341733932495
mem0,129,dev_0166,4,20_00058,OK,,2,3453,866,4319,6,37,37,446,6,21,160,2317,24.896408557891846
mem0,129,dev_0166,5,15_00041,OK,,2,3428,868,4296,14,165,165,321,2,23,233,2599,26.96565055847168
mem0,129,dev_0166,6,1_00073,OK,,2,3018,597,3615,5,32,32,133,4,25,251,2856,16.738483428955078
mem0,129,dev_0166,7,3_00078,OK,,2,2769,251,3020,1,6,6,64,1,26,257,2962,7.142074823379517
mem0,129,dev_0166,8,12_00080,OK,,2,3310,1070,4380,9,59,59,241,8,32,303,3642,30.920353174209595
mem0,130,dev_0168,1,18_00041,OK,,2,3350,498,3848,9,90,90,586,9,9,90,1011,15.30098581314087
mem0,130,dev_0168,2,9_00079,OK,,2,3154,690,3844,6,64,64,218,6,15,154,1690,20.51781177520752
mem0,130,dev_0168,3,4_00081,OK,,2,3153,557,3710,3,26,26,247,3,18,180,2022,15.797776937484741
mem0,130,dev_0168,4,16_00044,OK,,2,3574,998,4572,9,56,56,498,9,27,236,3004,28.62696647644043
mem0,130,dev_0168,5,14_00026,OK,,2,3421,912,4333,8,78,78,416,8,35,314,3890,26.943996906280518
mem0,131,dev_0169,1,19_00045,OK,,2,3171,444,3615,8,76,76,419,8,8,76,897,14.793160200119019
mem0,131,dev_0169,2,2_00047,OK,,2,3100,598,3698,5,35,35,227,5,13,111,1452,17.61027240753174
mem0,131,dev_0169,3,12_00007,OK,,2,3369,738,4107,8,85,85,383,7,15,137,1738,22.059324502944946
mem0,131,dev_0169,4,20_00034,OK,,2,3636,932,4568,7,57,57,578,7,22,194,2515,26.584712505340576
mem0,131,dev_0169,5,11_00081,OK,,2,3426,983,4409,6,54,54,322,6,28,248,3200,28.1899836063385
mem0,131,dev_0169,6,7_00021,OK,,2,3019,630,3649,3,23,23,124,3,31,271,3525,17.97799301147461
mem0,132,dev_0170,1,13_00103,OK,,2,3056,306,3362,5,53,53,345,5,5,53,559,9.567912578582764
mem0,132,dev_0170,2,3_00097,OK,,1,1095,6,1101,0,0,0,115,0,5,53,559,0.2245633602142334
mem0,132,dev_0170,3,14_00071,OK,,2,3212,558,3770,6,56,56,341,6,11,109,1230,16.887821197509766
mem0,132,dev_0170,4,1_00000,OK,,2,3176,874,4050,7,55,55,209,6,17,151,1889,24.970836877822876
mem0,132,dev_0170,5,7_00029,OK,,2,2865,377,3242,2,11,11,99,2,19,162,2107,10.851064682006836
mem0,132,dev_0170,6,4_00045,OK,,2,3416,920,4336,7,56,56,374,7,26,218,2872,27.14763617515564
mem0,132,dev_0170,7,9_00116,OK,,2,3076,661,3737,3,28,28,171,3,29,246,3210,18.491209268569946
mem0,133,dev_0171,1,20_00108,OK,,2,3044,386,3430,8,50,50,328,7,7,44,764,12.068524599075317
mem0,133,dev_0171,2,6_00037,OK,,2,3072,402,3474,10,59,59,261,6,8,53,968,13.480870962142944
mem0,133,dev_0171,3,6_00105,OK,,2,3020,437,3457,4,27,27,230,4,12,80,1402,12.65535569190979
mem0,133,dev_0171,4,17_00042,OK,,2,2991,663,3654,8,36,36,129,8,18,105,2038,20.392094373703003
mem0,133,dev_0171,5,12_00085,OK,,2,3358,862,4220,7,61,61,374,7,25,166,2818,24.415122270584106
mem0,133,dev_0171,6,6_00115,OK,,2,3087,396,3483,4,29,29,245,4,27,185,3080,12.084805965423584
mem0,134,dev_0172,1,13_00074,OK,,2,3187,392,3579,7,65,65,420,7,7,65,787,12.463886499404907
mem0,134,dev_0172,2,9_00097,OK,,2,3087,505,3592,4,29,29,266,4,11,94,1217,14.6207115650177
mem0,134,dev_0172,3,17_00022,OK,,2,3262,730,3992,6,44,44,330,6,17,138,1881,21.252941608428955
mem0,134,dev_0172,4,12_00048,OK,,2,3378,895,4273,8,60,60,364,7,24,191,2646,26.084242343902588
mem0,134,dev_0172,5,18_00013,OK,,2,3443,1099,4542,6,69,69,308,6,30,260,3329,30.319493770599365
mem0,134,dev_0172,6,13_00100,OK,,2,3517,1051,4568,7,46,46,408,6,35,298,3912,30.756784200668335
mem0,135,dev_0173,1,10_00059,OK,,2,2874,282,3156,5,47,47,187,5,5,47,558,8.24983024597168
mem0,135,dev_0173,2,18_00065,OK,,2,3222,524,3746,6,48,48,357,6,11,95,1213,14.74921441078186
mem0,135,dev_0173,3,2_00031,OK,,2,3003,530,3533,3,18,18,153,3,14,113,1545,14.446117401123047
mem0,135,dev_0173,4,4_00000,OK,,2,2967,444,3411,4,24,24,166,4,18,137,1985,11.749245643615723
mem0,135,dev_0173,5,8_00053,OK,,2,3002,489,3491,3,31,31,162,3,21,168,2324,13.707104444503784
mem0,136,dev_0174,1,20_00071,OK,,2,2887,311,3198,6,37,37,174,5,5,31,546,10.171390056610107
mem0,136,dev_0174,2,14_00085,OK,,2,3264,460,3724,4,56,56,438,4,9,87,1008,13.138935327529907
mem0,136,dev_0174,3,1_00029,OK,,2,2954,451,3405,3,20,20,149,3,12,107,1332,12.400068998336792
mem0,136,dev_0174,4,1_00007,OK,,2,3181,824,4005,7,54,54,241,7,19,161,2093,22.871585607528687
mem0,136,dev_0174,5,9_00028,OK,,2,3472,922,4394,5,54,54,408,5,24,215,2657,26.11221981048584
mem0,136,dev_0174,6,14_00124,OK,,2,3462,1016,4478,9,77,77,412,8,31,277,3454,28.826313495635986
mem0,136,dev_0174,7,13_00070,OK,,2,3276,634,3910,3,50,50,336,3,34,327,3810,18.225016832351685
mem0,137,dev_0175,1,13_00033,OK,,2,3067,452,3519,8,74,74,319,8,8,74,911,13.829803228378296
mem0,137,dev_0175,2,20_00082,OK,,2,3160,870,4030,9,95,95,203,9,17,169,1929,26.01574468612671
mem0,137,dev_0175,3,10_00096,OK,,2,3214,847,4061,6,29,29,225,6,23,198,2581,24.432432174682617
mem0,137,dev_0175,4,19_00060,OK,,2,3556,1095,4651,8,72,72,421,8,31,270,3477,31.18579602241516
mem0,137,dev_0175,5,1_00001,OK,,2,3269,902,4171,6,77,77,270,6,37,347,4164,25.06997799873352
mem0,137,dev_0175,6,15_00095,OK,,2,3570,1403,4973,12,90,90,371,12,49,437,5476,41.08035755157471
mem0,137,dev_0175,7,5_00112,OK,,2,2863,338,3201,2,12,12,101,1,50,440,5583,9.671032905578613
mem0,137,dev_0175,8,10_00023,OK,,2,3443,1397,4840,8,46,46,244,8,58,486,6454,39.2586088180542
mem0,138,dev_0176,1,15_00050,OK,,2,3287,440,3727,7,92,92,519,7,7,92,812,13.678908824920654
mem0,138,dev_0176,2,16_00078,OK,,2,3293,618,3911,5,59,59,356,5,12,151,1389,17.118549585342407
mem0,138,dev_0176,3,12_00108,OK,,2,3107,713,3820,6,45,45,200,6,18,196,2055,21.064006090164185
mem0,138,dev_0176,4,19_00025,OK,,2,3227,620,3847,5,49,49,277,5,22,235,2522,18.023889541625977
mem0,138,dev_0176,5,8_00077,OK,,2,3283,928,4211,5,27,27,232,5,27,262,3061,26.400932788848877
mem0,138,dev_0176,6,9_00108,OK,,2,3409,1152,4561,8,66,66,301,8,35,328,3941,33.18377733230591
mem0,138,dev_0176,7,1_00105,OK,,2,3372,1097,4469,6,54,54,265,6,41,382,4605,31.033804893493652
mem0,138,dev_0176,8,1_00119,OK,,2,3553,1599,5152,13,79,79,326,10,49,440,5530,45.731987714767456
mem0,139,dev_0177,1,2_00117,OK,,2,2883,244,3127,5,29,29,221,5,5,29,548,7.938097238540649
mem0,139,dev_0177,2,16_00048,OK,,2,3227,630,3857,7,84,84,349,7,12,113,1344,18.653363466262817
mem0,139,dev_0177,3,8_00102,OK,,2,3254,679,3933,4,57,57,298,4,16,170,1817,19.308924913406372
mem0,139,dev_0177,4,6_00045,OK,,2,3464,825,4289,6,58,58,447,6,22,228,2487,23.33437204360962
mem0,139,dev_0177,5,17_00048,OK,,2,3355,917,4272,6,48,48,332,5,27,270,3051,25.556387186050415
mem0,139,dev_0177,6,5_00120,OK,,2,2973,633,3606,5,28,28,123,5,32,298,3590,18.761623859405518
mem0,139,dev_0177,7,7_00046,OK,,2,3133,598,3731,3,25,25,219,3,35,323,3922,17.24793767929077
mem0,139,dev_0177,8,4_00064,OK,,2,3144,661,3805,3,36,36,218,3,38,359,4266,18.955322742462158
mem0,140,dev_0178,1,12_00045,OK,,2,3491,450,3941,9,67,67,687,9,9,67,1000,14.074696063995361
mem0,140,dev_0178,2,14_00031,OK,,2,3215,570,3785,4,31,31,330,4,13,98,1431,16.70893931388855
mem0,140,dev_0178,3,7_00055,OK,,2,3139,600,3739,3,37,37,247,3,16,135,1774,16.74079203605652
mem0,140,dev_0178,4,19_00014,OK,,2,3364,829,4193,7,65,65,387,7,22,196,2464,23.198418855667114
mem0,140,dev_0178,5,11_00013,OK,,2,3264,823,4087,4,38,38,250,4,26,234,2911,23.59131383895874
mem0,140,dev_0178,6,7_00009,OK,,2,3066,648,3714,4,58,58,177,4,30,292,3383,19.172679901123047
mem0,140,dev_0178,7,10_00118,OK,,2,3216,956,4172,8,38,38,217,8,38,330,4229,27.957824230194092
mem0,140,dev_0178,8,5_00109,OK,,2,2744,244,2988,1,9,9,53,1,39,339,4338,6.818110704421997
mem0,140,dev_0178,9,6_00071,OK,,2,3207,836,4043,5,52,52,227,4,43,381,4792,24.476604461669922
mem0,141,dev_0179,1,7_00050,OK,,2,2835,180,3015,3,31,31,181,3,3,31,334,5.711052894592285
mem0,141,dev_0179,2,14_00106,OK,,2,3225,549,3774,8,64,64,382,8,11,95,1223,16.74757480621338
mem0,141,dev_0179,3,13_00046,OK,,2,3402,800,4202,9,81,81,461,9,18,160,2061,24.52899408340454
mem0,141,dev_0179,4,6_00055,OK,,2,3395,924,4319,7,48,48,343,7,25,208,2819,25.953648567199707
mem0,141,dev_0179,5,17_00007,OK,,2,3210,626,3836,4,43,43,282,4,28,244,3192,18.325626134872437
mem0,141,dev_0179,6,1_00003,OK,,2,3261,1022,4283,5,37,37,196,5,33,281,3750,28.688493490219116
mem0,141,dev_0179,7,11_00070,OK,,2,3183,512,3695,2,26,26,299,2,35,307,3982,14.372454643249512
mem0,141,dev_0179,8,10_00101,OK,,2,3275,1009,4284,6,63,63,206,6,41,370,4663,28.337734937667847
mem0,141,dev_0179,9,5_00086,OK,,2,3016,615,3631,4,18,18,146,4,45,388,5087,17.279331922531128
mem0,141,dev_0179,10,1_00092,OK,,2,3330,955,4285,9,62,62,309,9,50,431,5693,27.761229515075684
mem0,142,dev_0180,1,15_00125,OK,,2,3207,474,3681,9,72,72,443,9,9,72,1012,15.248540878295898
mem0,142,dev_0180,2,8_00066,OK,,2,3271,749,4020,7,54,54,326,7,16,126,1777,20.908093690872192
mem0,142,dev_0180,3,17_00014,OK,,2,3307,779,4086,4,46,46,329,4,20,172,2241,22.664045572280884
mem0,142,dev_0180,4,1_00108,OK,,2,3154,661,3815,4,41,41,228,4,24,213,2694,17.956369400024414
mem0,142,dev_0180,5,14_00007,OK,,2,3315,733,4048,4,38,38,314,4,28,251,3133,21.52195167541504
mem0,143,dev_0181,1,19_00006,OK,,2,3039,366,3405,6,73,73,302,6,6,73,693,11.951842308044434
mem0,143,dev_0181,2,3_00039,OK,,2,3044,587,3631,5,59,59,180,5,11,132,1251,16.445664644241333
mem0,143,dev_0181,3,7_00002,OK,,2,3167,719,3886,5,43,43,222,5,16,175,1806,21.40885090827942
mem0,143,dev_0181,4,13_00068,OK,,2,3378,904,4282,7,60,60,349,7,23,235,2592,26.03218674659729
mem0,143,dev_0181,5,17_00071,OK,,2,3663,1238,4901,9,75,75,460,10,29,284,3255,36.12942314147949
mem0,143,dev_0181,6,2_00067,OK,,2,3305,708,4013,8,64,64,343,5,31,298,3523,21.09454083442688
mem0,143,dev_0181,7,11_00086,OK,,2,3194,714,3908,4,38,38,232,4,35,336,3967,20.614375829696655
mem0,144,dev_0182,1,14_00127,OK,,2,3399,635,4034,11,104,104,542,11,11,104,1237,20.194405794143677
mem0,144,dev_0182,2,2_00052,OK,,2,3111,367,3478,2,33,33,286,2,13,137,1480,10.135635375976562
mem0,144,dev_0182,3,3_00046,OK,,2,3277,773,4050,4,49,49,287,4,17,186,1938,21.883354425430298
mem0,144,dev_0182,4,13_00019,OK,,2,3105,626,3731,5,24,24,201,5,22,210,2465,19.021723747253418
mem0,144,dev_0182,5,14_00015,OK,,2,3394,861,4255,5,54,54,342,5,27,264,3026,25.07253623008728
mem0,144,dev_0182,6,9_00045,OK,,2,3409,945,4354,5,32,32,336,4,31,294,3474,27.467018842697144
mem0,145,dev_0183,1,2_00113,OK,,2,2917,315,3232,6,40,40,227,5,5,36,549,9.762391805648804
mem0,145,dev_0183,2,18_00056,OK,,2,3262,400,3662,4,25,25,433,4,9,61,993,11.872408151626587
mem0,145,dev_0183,3,7_00063,OK,,2,3104,508,3612,4,38,38,251,4,13,99,1447,14.802747011184692
mem0,145,dev_0183,4,19_00110,OK,,2,3170,607,3777,4,43,43,258,4,17,142,1899,17.475011825561523
mem0,145,dev_0183,5,16_00126,OK,,2,3135,653,3788,4,39,39,237,4,21,181,2340,18.206940412521362
mem0,145,dev_0183,6,13_00048,OK,,2,3385,888,4273,7,53,53,356,7,27,228,3011,26.280811548233032
mem0,145,dev_0183,7,4_00011,OK,,2,3122,675,3797,4,19,19,211,4,31,247,3444,19.771280765533447
mem0,145,dev_0183,8,6_00082,OK,,2,3280,738,4018,5,33,33,317,5,36,280,3997,21.063860177993774
mem0,146,dev_0184,1,20_00070,OK,,2,3194,436,3630,8,66,66,444,8,8,66,890,13.7622971534729
mem0,146,dev_0184,2,12_00120,OK,,2,3055,432,3487,2,27,27,221,2,10,93,1123,12.11257815361023
mem0,146,dev_0184,3,4_00006,OK,,2,3004,411,3415,3,21,21,208,3,13,114,1444,11.665614366531372
mem0,146,dev_0184,4,6_00031,OK,,2,3012,429,3441,3,20,20,213,3,16,134,1779,12.663562774658203
mem0,146,dev_0184,5,13_00020,OK,,2,3069,873,3942,6,31,31,108,5,21,162,2317,24.905322790145874
mem0,146,dev_0184,6,18_00003,OK,,2,3610,1162,4772,8,79,79,440,8,29,241,3218,33.52290368080139
mem0,146,dev_0184,7,3_00007,OK,,2,2930,433,3363,2,21,21,108,2,31,262,3446,12.509338617324829
mem0,146,dev_0184,8,2_00126,OK,,2,3052,663,3715,7,82,82,143,5,35,311,3913,19.619133234024048
mem0,146,dev_0184,9,15_00051,OK,,2,3382,847,4229,5,76,76,341,5,40,387,4504,24.815780878067017
mem0,147,dev_0186,1,14_00043,OK,,2,2987,234,3221,4,42,42,291,4,4,42,454,7.310968399047852
mem0,147,dev_0186,2,8_00004,OK,,2,3346,773,4119,11,100,100,408,11,15,142,1678,22.904791116714478
mem0,147,dev_0186,3,3_00011,OK,,2,3181,674,3855,5,51,51,247,5,20,193,2234,19.91957950592041
mem0,147,dev_0186,4,15_00055,OK,,2,3403,1007,4410,6,85,85,327,5,25,247,2809,29.1493718624115
mem0,147,dev_0186,5,5_00092,OK,,2,2888,555,3443,3,20,20,66,3,28,267,3126,15.472995519638062
mem0,147,dev_0186,6,14_00120,OK,,2,3694,1162,4856,8,63,63,511,8,36,330,4018,33.67530941963196
mem0,148,dev_0187,1,9_00019,OK,,2,2962,240,3202,4,39,39,256,4,4,39,446,7.103296518325806
mem0,148,dev_0187,2,13_00109,OK,,2,3311,592,3903,7,72,72,428,7,11,111,1229,18.02766489982605
mem0,148,dev_0187,3,9_00118,OK,,2,3060,559,3619,4,45,45,212,4,15,156,1672,15.4522225856781
mem0,148,dev_0187,4,4_00043,OK,,2,3324,805,4129,6,47,47,353,6,21,203,2319,23.333648204803467
mem0,148,dev_0187,5,8_00106,OK,,2,3384,892,4276,7,58,58,345,7,27,256,3003,25.575201749801636
mem0,148,dev_0187,6,8_00085,OK,,2,3191,679,3870,4,29,29,257,4,31,285,3444,20.068984508514404
mem0,148,dev_0187,7,18_00047,OK,,2,3456,1118,4574,9,70,70,373,9,40,355,4438,31.596990823745728
mem0,149,dev_0189,1,14_00067,OK,,2,3203,374,3577,6,70,70,445,6,6,70,678,12.52480435371399
mem0,149,dev_0189,2,3_00080,OK,,2,2852,294,3146,1,6,6,90,1,7,76,782,7.599059104919434
mem0,149,dev_0189,3,14_00066,OK,,2,3241,619,3860,6,68,68,328,5,12,135,1352,18.170734643936157
mem0,149,dev_0189,4,6_00022,OK,,2,3153,815,3968,7,32,32,188,7,19,167,2101,23.260395050048828
mem0,149,dev_0189,5,3_00064,OK,,2,3443,1031,4474,7,70,70,372,7,26,237,2883,29.976642608642578
mem0,150,dev_0190,1,4_00084,OK,,2,3067,400,3467,6,72,72,302,6,6,72,681,13.625775575637817
mem0,150,dev_0190,2,7_00008,OK,,2,3078,498,3576,5,31,31,234,5,11,103,1225,14.65956997871399
mem0,150,dev_0190,3,8_00099,OK,,2,3398,1057,4455,11,115,115,361,11,21,210,2382,30.011633157730103
mem0,150,dev_0190,4,4_00036,OK,,2,3225,629,3854,3,31,31,270,3,24,241,2722,18.01045846939087
mem0,150,dev_0190,5,2_00105,OK,,2,3517,1134,4651,10,77,77,443,9,32,308,3624,31.993786573410034
mem0,150,dev_0190,6,16_00008,OK,,2,3829,1442,5271,7,83,83,513,3,35,342,3964,38.38236665725708
mem0,150,dev_0190,7,4_00120,OK,,2,3175,671,3846,3,25,25,219,3,38,367,4295,17.728644371032715
mem0,150,dev_0190,8,18_00071,OK,,2,3498,1215,4713,6,60,60,282,6,44,427,4975,31.56796908378601
mem0,150,dev_0190,9,18_00111,OK,,2,3366,927,4293,5,64,64,281,5,48,480,5454,24.86582374572754
mem0,151,dev_0192,1,11_00073,OK,,2,2988,244,3232,4,45,45,305,4,4,45,443,6.987285137176514
mem0,151,dev_0192,2,7_00015,OK,,2,2966,420,3386,5,30,30,189,5,9,75,979,11.848705530166626
mem0,151,dev_0192,3,20_00104,OK,,2,2993,574,3567,5,30,30,135,5,14,105,1508,14.920915126800537
mem0,151,dev_0192,4,18_00044,OK,,2,3199,700,3899,5,29,29,300,5,19,134,2053,18.47737431526184
mem0,151,dev_0192,5,17_00031,OK,,2,3357,724,4081,5,40,40,416,5,24,174,2605,18.857380628585815
mem0,151,dev_0192,6,2_00075,OK,,2,3353,997,4350,6,73,73,292,6,30,247,3292,26.174293279647827
mem0,151,dev_0192,7,4_00124,OK,,2,3233,793,4026,4,31,31,237,4,34,278,3731,19.795093059539795
mem0,151,dev_0192,8,15_00066,OK,,2,3606,1059,4665,8,93,93,466,5,39,342,4308,27.221527338027954
mem0,152,dev_0193,1,8_00062,OK,,2,2940,264,3204,4,54,54,244,4,4,54,457,6.683421850204468
mem0,152,dev_0193,2,11_00085,OK,,2,3039,379,3418,3,36,36,220,3,7,90,798,10.025837659835815
mem0,152,dev_0193,3,15_00052,OK,,2,3384,685,4069,9,60,60,432,9,16,150,1774,16.506588459014893
mem0,152,dev_0193,4,8_00042,OK,,2,3572,981,4553,7,81,81,470,7,23,231,2576,22.672462463378906
mem0,152,dev_0193,5,17_00116,OK,,2,3928,1424,5352,12,74,74,669,12,35,305,3872,33.109318256378174
mem0,152,dev_0193,6,4_00067,OK,,2,3264,910,4174,6,47,47,229,6,41,352,4539,19.72555422782898
mem0,152,dev_0193,7,14_00041,OK,,2,3461,1105,4566,7,38,38,350,6,47,385,5176,24.771231174468994
mem0,152,dev_0193,8,16_00079,OK,,2,3263,899,4162,4,38,38,231,4,51,423,5626,18.661728382110596
mem0,153,dev_0194,1,10_00068,OK,,2,2740,148,2888,3,14,14,109,3,3,14,320,5.7181315422058105
mem0,153,dev_0194,2,14_00082,OK,,2,3231,406,3637,5,51,51,434,5,8,65,880,12.361340761184692
mem0,153,dev_0194,3,12_00020,OK,,2,3348,710,4058,8,76,76,417,8,16,141,1771,19.61605453491211
mem0,153,dev_0194,4,10_00086,OK,,2,3202,756,3958,8,60,60,284,8,23,198,2573,21.23378324508667
mem0,153,dev_0194,5,8_00107,OK,,2,3318,823,4141,5,62,62,323,5,28,260,3140,23.156965017318726
mem0,153,dev_0194,6,10_00047,OK,,2,3017,436,3453,3,20,20,211,3,31,280,3459,12.220067024230957
mem0,153,dev_0194,7,10_00072,OK,,2,3161,776,3937,4,33,33,219,4,35,313,3895,21.80298089981079
mem0,154,dev_0195,1,3_00017,OK,,2,2742,184,2926,3,32,32,102,3,3,32,341,5.761586666107178
mem0,154,dev_0195,2,3_00109,OK,,2,2960,308,3268,3,27,27,206,3,6,59,673,9.353472232818604
mem0,154,dev_0195,3,13_00047,OK,,2,3275,745,4020,9,78,78,360,9,15,137,1669,21.756840229034424
mem0,154,dev_0195,4,18_00023,OK,,2,3808,1017,4825,7,103,103,668,7,22,240,2493,29.530885696411133
mem0,154,dev_0195,5,14_00072,OK,,2,3576,895,4471,5,67,67,510,5,27,307,3079,25.595888137817383
mem0,154,dev_0195,6,14_00060,OK,,2,3488,1406,4894,10,66,66,246,10,37,373,4166,40.18435883522034
mem0,154,dev_0195,7,9_00035,OK,,2,3447,1125,4572,6,52,52,293,6,43,425,4829,33.01073217391968
mem0,154,dev_0195,8,5_00006,OK,,2,3099,653,3752,4,35,35,191,4,46,449,5174,18.400144577026367
mem0,154,dev_0195,9,6_00097,OK,,2,3038,528,3566,3,20,20,196,3,49,469,5501,15.335386991500854
mem0,155,dev_0196,1,16_00012,OK,,2,3136,484,3620,10,62,62,383,10,10,62,1096,15.099157094955444
mem0,155,dev_0196,2,17_00005,OK,,2,3190,668,3858,5,47,47,309,5,15,109,1658,19.903411149978638
mem0,155,dev_0196,3,4_00090,OK,,2,3355,785,4140,7,55,55,395,7,21,159,2342,22.149722814559937
mem0,155,dev_0196,4,7_00017,OK,,2,3072,612,3684,4,17,17,195,4,25,176,2778,17.665990591049194
mem0,155,dev_0196,5,15_00030,OK,,2,3412,976,4388,7,93,93,367,7,31,262,3506,27.71139359474182
mem0,155,dev_0196,6,13_00080,OK,,2,3453,1030,4483,7,70,70,363,7,37,321,4192,29.43457269668579
mem0,155,dev_0196,7,20_00083,OK,,2,3477,1161,4638,7,53,53,341,6,42,350,4766,33.472373247146606
mem0,156,dev_0197,1,5_00001,OK,,2,2807,88,2895,1,15,15,167,1,1,15,119,2.7555718421936035
mem0,156,dev_0197,2,9_00010,OK,,2,3240,354,3594,5,54,54,450,5,6,69,671,10.627297163009644
mem0,156,dev_0197,3,14_00079,OK,,2,3313,532,3845,4,54,54,394,4,10,123,1131,15.106574535369873
mem0,156,dev_0197,4,8_00115,OK,,2,3200,715,3915,5,54,54,245,4,13,152,1486,20.287993669509888
mem0,156,dev_0197,5,19_00090,OK,,2,3477,946,4423,9,85,85,425,9,22,237,2493,27.916640520095825
mem0,157,dev_0198,1,14_00117,OK,,2,2976,334,3310,7,42,42,250,7,7,42,755,10.556045770645142
mem0,157,dev_0198,2,15_00002,OK,,2,3360,542,3902,6,55,55,489,7,11,80,1221,16.528353929519653
mem0,157,dev_0198,3,19_00093,OK,,2,3246,644,3890,5,48,48,320,5,16,128,1776,18.895759344100952
mem0,157,dev_0198,4,18_00096,OK,,2,3450,947,4397,8,58,58,428,8,24,186,2643,27.239039182662964
mem0,157,dev_0198,5,15_00075,OK,,2,3237,631,3868,6,95,95,290,4,26,235,2937,18.36522912979126
mem0,158,dev_0199,1,13_00004,OK,,2,2834,296,3130,6,38,38,172,6,6,38,657,9.301106214523315
mem0,158,dev_0199,2,20_00027,OK,,2,3079,472,3551,5,29,29,261,5,11,67,1203,13.676692485809326
mem0,158,dev_0199,3,17_00006,OK,,2,3152,753,3905,6,51,51,230,6,17,118,1862,21.28439712524414
mem0,158,dev_0199,4,5_00063,OK,,2,2994,454,3448,2,12,12,176,2,19,130,2077,12.804660558700562
mem0,158,dev_0199,5,15_00058,OK,,2,3420,952,4372,6,68,68,365,6,25,198,2758,27.229305744171143
mem0,158,dev_0199,6,14_00069,OK,,2,3444,1182,4626,8,61,61,313,8,33,259,3642,33.29813003540039
mem0,158,dev_0199,7,18_00039,OK,,2,3371,1154,4525,7,55,55,253,7,40,314,4406,33.01856207847595
mem0,158,dev_0199,8,17_00030,OK,,2,3156,542,3698,3,33,33,254,3,42,335,4649,15.258817672729492
mem0,159,dev_0200,1,4_00034,OK,,2,2944,258,3202,5,36,36,253,5,5,36,541,8.632646799087524
mem0,159,dev_0200,2,3_00092,OK,,2,2818,311,3129,2,15,15,85,2,7,51,766,9.278788328170776
mem0,159,dev_0200,3,13_00094,OK,,2,3241,578,3819,5,52,52,328,5,12,103,1336,16.71604013442993
mem0,159,dev_0200,4,7_00024,OK,,2,3101,626,3727,5,31,31,205,5,17,134,1875,18.314939498901367
mem0,159,dev_0200,5,2_00115,OK,,2,3042,590,3632,4,29,29,168,4,21,163,2311,17.61202049255371
mem0,159,dev_0200,6,10_00054,OK,,2,3106,639,3745,6,35,35,235,6,27,198,2967,18.157606601715088
mem0,159,dev_0200,7,14_00014,OK,,2,3566,1224,4790,10,75,75,410,10,37,273,4058,36.2356960773468
mem0,159,dev_0200,8,14_00002,OK,,2,3426,1163,4589,9,93,93,298,9,44,343,4888,33.35999298095703
mem0,160,dev_0201,1,16_00033,OK,,2,3175,276,3451,5,43,43,446,5,5,43,551,8.448056936264038
mem0,160,dev_0201,2,2_00070,OK,,2,3025,361,3386,4,30,30,222,4,8,61,901,11.028162002563477
mem0,160,dev_0201,3,17_00083,OK,,2,3508,774,4282,8,78,78,524,8,16,139,1810,22.21945810317993
mem0,160,dev_0201,4,14_00010,OK,,2,3197,756,3953,5,37,37,256,5,21,176,2359,21.643742561340332
mem0,160,dev_0201,5,3_00026,OK,,2,2973,588,3561,3,28,28,106,3,24,204,2694,16.320860862731934
mem0,160,dev_0201,6,20_00100,OK,,2,3279,867,4146,5,50,50,286,5,29,254,3252,25.04120969772339
mem0,160,dev_0201,7,5_00064,OK,,2,2995,517,3512,4,25,25,186,4,33,279,3683,15.150181770324707
mem0,160,dev_0201,8,15_00040,OK,,2,3535,1230,4765,9,79,79,358,9,41,349,4570,35.227039098739624
mem0,160,dev_0201,9,12_00028,OK,,2,3758,1486,5244,12,98,98,465,12,52,438,5806,42.94503092765808
mem0,160,dev_0201,10,17_00087,OK,,2,3828,1219,5047,6,72,72,595,6,58,510,6494,34.58907437324524
mem0,161,dev_0202,1,15_00046,OK,,2,3126,571,3697,11,87,87,344,11,11,87,1217,17.929645776748657
mem0,161,dev_0202,2,15_00020,OK,,2,3587,718,4305,14,112,112,581,14,15,114,1697,22.22058391571045
mem0,161,dev_0202,3,9_00038,OK,,2,3245,818,4063,6,58,58,273,6,21,172,2364,24.15948176383972
mem0,161,dev_0202,4,8_00026,OK,,2,3474,936,4410,7,101,101,420,5,25,221,2822,27.0862979888916
mem0,161,dev_0202,5,1_00065,OK,,2,3099,729,3828,5,41,41,184,5,29,254,3278,21.59938073158264
mem0,161,dev_0202,6,5_00123,OK,,2,3206,852,4058,5,41,41,237,4,33,285,3711,23.868311166763306
mem0,161,dev_0202,7,19_00059,OK,,2,3808,1419,5227,9,109,109,552,9,42,394,4742,40.16071844100952
mem0,162,dev_0203,1,17_00113,OK,,2,3258,332,3590,5,66,66,465,5,5,66,580,10.407451868057251
mem0,162,dev_0203,2,8_00126,OK,,2,3149,529,3678,5,68,68,289,5,9,124,1068,15.465832710266113
mem0,162,dev_0203,3,8_00051,OK,,2,3320,659,3979,7,52,52,384,7,16,176,1831,19.90747308731079
mem0,162,dev_0203,4,19_00034,OK,,2,3294,837,4131,6,45,45,276,6,22,221,2493,23.96135187149048
mem0,162,dev_0203,5,18_00055,OK,,2,3356,804,4160,5,51,51,347,5,27,272,3056,23.64983105659485
mem0,162,dev_0203,6,8_00104,OK,,2,3453,1025,4478,5,53,53,308,5,31,314,3539,28.777663707733154
mem0,163,dev_0204,1,20_00099,OK,,2,2981,196,3177,3,38,38,298,3,3,38,335,6.44835901260376
mem0,163,dev_0204,2,4_00102,OK,,2,3138,422,3560,5,52,52,328,5,8,90,904,11.922987222671509
mem0,163,dev_0204,3,5_00082,OK,,2,2829,303,3132,2,13,13,113,2,10,103,1116,9.251927137374878
mem0,163,dev_0204,4,5_00113,OK,,2,2796,347,3143,2,15,15,53,2,12,118,1334,9.814915180206299
mem0,163,dev_0204,5,8_00046,OK,,2,3531,694,4225,6,63,63,521,6,18,181,2001,21.06477999687195
mem0,163,dev_0204,6,10_00050,OK,,2,3036,574,3610,5,41,41,183,5,22,216,2462,16.791913747787476
mem0,163,dev_0204,7,1_00095,OK,,2,3233,650,3883,5,35,35,303,5,27,251,3003,18.470105409622192
mem0,163,dev_0204,8,15_00114,OK,,2,3275,755,4030,5,45,45,300,5,32,296,3563,21.980207443237305
mem0,164,dev_0205,1,15_00053,OK,,2,3146,444,3590,7,85,85,357,7,7,85,807,13.540537595748901
mem0,164,dev_0205,2,12_00055,OK,,2,3278,822,4100,9,91,91,293,7,14,139,1593,24.032251596450806
mem0,164,dev_0205,3,18_00063,OK,,2,3339,887,4226,8,53,53,346,8,22,192,2459,26.000850200653076
mem0,164,dev_0205,4,2_00007,OK,,2,3149,876,4025,6,42,42,168,6,28,234,3113,25.48937153816223
mem0,164,dev_0205,5,3_00053,OK,,2,3356,1014,4370,6,58,58,279,6,34,292,3786,27.809064149856567
mem0,164,dev_0205,6,4_00092,OK,,2,3364,695,4059,4,39,39,403,4,38,331,4228,20.38303232192993
mem0,164,dev_0205,7,11_00028,OK,,2,3314,1008,4322,5,39,39,220,5,43,370,4788,28.32097315788269
mem0,164,dev_0205,8,16_00041,OK,,2,3733,1512,5245,11,107,107,415,11,54,477,6008,43.99566054344177
mem0,164,dev_0205,9,12_00005,OK,,2,3792,1197,4989,8,101,101,578,8,62,578,6931,35.59745526313782
mem0,164,dev_0205,10,9_00016,OK,,2,3314,761,4075,4,39,39,325,4,66,617,7383,21.359533309936523
mem0,165,dev_0206,1,4_00083,OK,,2,3022,226,3248,4,35,35,318,4,4,35,445,7.328795671463013
mem0,165,dev_0206,2,15_00033,OK,,2,3212,631,3843,9,68,68,327,9,13,103,1436,19.86887264251709
mem0,165,dev_0206,3,12_00018,OK,,2,3449,1034,4483,11,111,111,415,11,22,190,2479,30.654841899871826
mem0,165,dev_0206,4,7_00067,OK,,2,3390,1014,4404,7,54,54,331,7,29,244,3245,29.043124198913574
mem0,165,dev_0206,5,15_00021,OK,,2,3742,1385,5127,11,66,66,506,11,40,310,4418,39.816086530685425
mem0,165,dev_0206,6,10_00109,OK,,2,3026,536,3562,3,16,16,181,3,43,326,4740,15.044251203536987
mem0,166,dev_0207,1,9_00005,OK,,2,3060,214,3274,3,44,44,346,3,3,44,360,6.78284764289856
mem0,166,dev_0207,2,18_00050,OK,,2,3238,536,3774,8,51,51,398,8,11,95,1235,16.447290658950806
mem0,166,dev_0207,3,11_00039,OK,,2,3079,483,3562,2,22,22,212,2,13,117,1455,13.835303783416748
mem0,166,dev_0207,4,16_00046,OK,,2,3377,847,4224,7,41,41,379,7,20,158,2216,25.23711848258972
mem0,166,dev_0207,5,12_00098,OK,,2,3054,505,3559,3,27,27,160,3,22,174,2453,14.810975551605225
mem0,166,dev_0207,6,18_00107,OK,,2,3279,700,3979,3,30,30,335,3,25,204,2788,20.009658813476562
mem0,166,dev_0207,7,16_00019,OK,,2,3453,1114,4567,8,57,57,334,8,33,261,3666,31.777708768844604
mem0,166,dev_0207,8,4_00069,OK,,2,3303,800,4103,5,57,57,302,4,37,306,4119,21.913799047470093
mem0,167,dev_0210,1,12_00057,OK,,2,3161,588,3749,12,74,74,398,11,11,66,1197,18.897525310516357
mem0,167,dev_0210,2,13_00105,OK,,2,3344,780,4124,6,78,78,388,6,17,144,1891,21.212037563323975
mem0,167,dev_0210,3,13_00009,OK,,2,3030,568,3598,3,26,26,181,3,20,170,2223,15.305453062057495
mem0,167,dev_0210,4,18_00027,OK,,2,3893,1178,5071,9,144,144,683,8,27,299,3084,31.974047422409058
mem0,167,dev_0210,5,10_00074,OK,,2,3189,799,3988,6,43,43,247,6,33,342,3741,21.733022689819336
mem0,167,dev_0210,6,5_00045,OK,,2,3150,796,3946,4,40,40,152,4,37,382,4188,20.585735321044922
mem0,167,dev_0210,7,3_00033,OK,,2,3080,503,3583,2,27,27,195,2,39,409,4419,13.802648067474365
mem0,167,dev_0210,8,8_00065,OK,,2,3440,990,4430,7,80,80,409,6,45,480,5099,26.162614107131958
mem0,167,dev_0210,9,16_00030,OK,,2,3792,1512,5304,9,76,76,426,9,54,556,6088,39.187583446502686
mem0,168,dev_0211,1,4_00098,OK,,2,3038,382,3420,7,63,63,325,7,7,63,775,11.501668214797974
mem0,168,dev_0211,2,19_00039,OK,,2,3164,538,3702,4,46,46,287,4,11,109,1232,14.222630977630615
mem0,168,dev_0211,3,19_00063,OK,,2,3432,838,4270,7,62,62,409,6,16,159,1808,23.090558528900146
mem0,168,dev_0211,4,6_00002,OK,,2,2949,492,3441,4,17,17,131,4,20,176,2232,12.756247758865356
mem0,168,dev_0211,5,18_00016,OK,,2,3526,1067,4593,7,76,76,400,7,27,252,3028,26.423468112945557
mem0,168,dev_0211,6,15_00103,OK,,2,3589,930,4519,8,91,91,497,6,33,325,3701,23.379252910614014
mem0,168,dev_0211,7,19_00054,OK,,2,3822,1337,5159,9,98,98,582,9,42,423,4729,31.400670289993286
mem0,168,dev_0211,8,18_00064,OK,,2,3470,1098,4568,7,47,47,368,6,48,462,5386,24.644551515579224
mem0,169,dev_0212,1,6_00027,OK,,2,2864,202,3066,4,24,24,212,4,4,24,436,5.008405447006226
mem0,169,dev_0212,2,18_00098,OK,,2,3121,420,3541,4,58,58,320,4,8,82,902,10.051403999328613
mem0,169,dev_0212,3,16_00114,OK,,2,3149,520,3669,3,32,32,273,3,11,114,1236,11.487459897994995
mem0,169,dev_0212,4,7_00036,OK,,2,3062,559,3621,3,26,26,166,3,14,140,1571,12.162467002868652
mem0,169,dev_0212,5,15_00029,OK,,2,3376,756,4132,5,50,50,397,5,19,190,2143,17.08066201210022
mem0,169,dev_0212,6,3_00067,OK,,2,3198,868,4066,5,52,52,197,5,24,242,2711,19.559080600738525
mem0,169,dev_0212,7,3_00075,OK,,2,3307,713,4020,4,40,40,286,1,25,262,2831,14.165164947509766
mem0,169,dev_0212,8,19_00073,OK,,2,3535,968,4503,5,66,66,417,5,30,328,3408,19.219780921936035
mem0,169,dev_0212,9,3_00009,OK,,2,3002,555,3557,3,31,31,117,3,33,359,3747,11.1079580783844
mem0,169,dev_0212,10,18_00054,OK,,2,3532,1065,4597,8,63,63,418,8,41,422,4634,22.298063278198242
mem0,170,dev_0213,1,11_00094,OK,,2,3094,264,3358,4,48,48,368,4,4,48,457,8.688314199447632
mem0,170,dev_0213,2,2_00022,OK,,2,3017,315,3332,2,19,19,230,2,6,67,684,9.23747205734253
mem0,170,dev_0213,3,13_00127,OK,,2,3328,406,3734,5,47,47,441,4,7,82,859,11.518398523330688
mem0,170,dev_0213,4,20_00105,OK,,2,3163,541,3704,4,35,35,285,4,11,117,1302,15.058973550796509
mem0,170,dev_0213,5,3_00040,OK,,2,3151,572,3723,4,40,40,247,4,14,153,1649,15.51076078414917
mem0,170,dev_0213,6,1_00017,OK,,2,3156,700,3856,4,32,32,221,4,18,185,2092,19.69321608543396
mem0,170,dev_0213,7,18_00097,OK,,2,3146,763,3909,4,44,44,167,4,22,229,2546,21.210969924926758
mem0,171,dev_0214,1,19_00121,OK,,2,2986,264,3250,5,37,37,286,5,5,37,558,7.974713087081909
mem0,171,dev_0214,2,8_00064,OK,,2,3162,446,3608,4,46,46,321,4,9,83,1003,12.927727460861206
mem0,171,dev_0214,3,18_00030,OK,,2,3279,671,3950,6,60,60,349,6,15,143,1673,19.131183624267578
mem0,171,dev_0214,4,11_00077,OK,,2,3352,640,3992,4,45,45,391,3,18,171,2006,18.375128269195557
mem0,171,dev_0214,5,18_00058,OK,,2,3355,1252,4607,12,63,63,212,12,30,234,3286,36.803595781326294
mem0,171,dev_0214,6,18_00042,OK,,2,3527,1197,4724,9,58,58,409,9,39,292,4267,34.3565788269043
mem0,171,dev_0214,7,14_00011,OK,,2,3411,1065,4476,6,55,55,309,6,45,347,4940,31.189766883850098
mem0,172,dev_0215,1,15_00016,OK,,2,3270,468,3738,8,86,86,477,8,8,86,912,13.514325618743896
mem0,172,dev_0215,2,18_00103,OK,,2,3349,758,4107,7,70,70,373,7,15,156,1693,22.158289909362793
mem0,172,dev_0215,3,16_00074,OK,,2,3270,700,3970,5,34,34,324,5,20,190,2248,20.34886407852173
mem0,172,dev_0215,4,3_00073,OK,,2,3218,653,3871,3,31,31,277,3,23,221,2583,18.273659467697144
mem0,172,dev_0215,5,5_00083,OK,,2,2933,597,3530,3,20,20,90,3,26,241,2896,17.63751721382141
mem0,172,dev_0215,6,11_00114,OK,,2,3342,1072,4414,11,74,74,229,9,33,288,3694,31.15228509902954
mem0,173,dev_0216,1,13_00054,OK,,2,3164,559,3723,11,82,82,389,11,11,82,1205,17.3784282207489
mem0,173,dev_0216,2,1_00044,OK,,2,2993,598,3591,4,26,26,150,4,15,108,1644,16.87462854385376
mem0,173,dev_0216,3,1_00009,OK,,2,3189,893,4082,7,54,54,205,7,22,162,2406,25.872034788131714
mem0,173,dev_0216,4,6_00044,OK,,2,3210,916,4126,6,59,59,201,6,28,221,3082,25.90085458755493
mem0,173,dev_0216,5,9_00099,OK,,2,3068,611,3679,3,41,41,180,3,31,262,3427,17.397141933441162
mem0,173,dev_0216,6,9_00026,OK,,2,3412,934,4346,6,55,55,372,6,37,317,4092,26.49696969985962
mem0,173,dev_0216,7,14_00021,OK,,2,3294,815,4109,5,40,40,295,5,42,357,4646,23.189796924591064
mem0,174,dev_0217,1,3_00062,OK,,2,2818,200,3018,4,26,26,156,4,4,26,431,6.123217582702637
mem0,174,dev_0217,2,7_00031,OK,,2,2829,305,3134,2,33,33,103,2,6,59,666,9.4332594871521
mem0,174,dev_0217,3,13_00066,OK,,2,3311,650,3961,7,70,70,403,7,13,129,1446,19.20447826385498
mem0,174,dev_0217,4,8_00122,OK,,2,3136,685,3821,5,43,43,206,5,18,172,1998,19.481916904449463
mem0,174,dev_0217,5,19_00104,OK,,2,3317,1063,4380,7,65,65,242,7,25,237,2777,30.38873815536499
mem0,174,dev_0217,6,19_00044,OK,,2,3720,1436,5156,12,94,94,476,12,37,331,4090,40.83868980407715
mem0,174,dev_0217,7,6_00011,OK,,2,3046,743,3789,4,19,19,133,4,41,350,4522,21.222022771835327
mem0,174,dev_0217,8,10_00003,OK,,2,3307,950,4257,5,33,33,268,5,46,383,5071,27.05556011199951
mem0,174,dev_0217,9,17_00105,OK,,2,3821,1363,5184,9,115,115,536,8,51,461,5718,39.21041774749756
mem0,174,dev_0217,10,11_00055,OK,,2,3221,706,3927,5,60,60,262,5,55,508,6178,19.524826526641846
mem0,175,dev_0218,1,18_00040,OK,,2,3050,322,3372,6,48,48,352,6,6,48,665,10.223415851593018
mem0,175,dev_0218,2,12_00078,OK,,2,3266,748,4014,10,69,69,365,10,16,117,1770,22.171523571014404
mem0,175,dev_0218,3,9_00063,OK,,2,3484,735,4219,6,54,54,525,6,22,171,2428,21.118433952331543
mem0,175,dev_0218,4,18_00126,OK,,2,3360,931,4291,7,57,57,333,7,29,228,3200,27.26608395576477
mem0,175,dev_0218,5,20_00037,OK,,2,3193,787,3980,4,42,42,235,4,33,270,3657,23.23983669281006
mem0,175,dev_0218,6,20_00006,OK,,2,3561,872,4433,6,62,62,543,6,39,332,4332,24.878952980041504
mem0,175,dev_0218,7,3_00045,OK,,2,3211,621,3832,3,25,25,294,3,42,357,4662,18.441574096679688
mem0,175,dev_0218,8,18_00095,OK,,2,3233,726,3959,3,41,41,268,3,45,398,5006,20.09217596054077
mem0,176,dev_0219,1,18_00078,OK,,2,3059,348,3407,6,58,58,331,6,6,58,677,10.693750381469727
mem0,176,dev_0219,2,16_00049,OK,,2,3372,587,3959,6,52,52,458,6,12,110,1343,16.970561027526855
mem0,176,dev_0219,3,2_00061,OK,,2,3253,850,4103,7,73,73,273,5,17,144,1884,24.32878017425537
mem0,176,dev_0219,4,5_00105,OK,,1,1081,6,1087,0,0,0,109,0,17,144,1884,0.1957097053527832
mem0,176,dev_0219,5,18_00021,OK,,2,3798,1045,4843,7,83,83,660,7,24,227,2693,30.034631729125977
mem0,176,dev_0219,6,8_00061,OK,,2,3433,1106,4539,7,41,41,310,7,31,268,3435,30.622177839279175
mem0,176,dev_0219,7,10_00064,OK,,2,3104,647,3751,5,35,35,214,5,36,303,3972,18.786623001098633
mem0,176,dev_0219,8,19_00091,OK,,2,3443,1134,4577,6,58,58,284,6,42,361,4643,32.37743639945984
mem0,176,dev_0219,9,6_00086,OK,,2,3385,1145,4530,10,99,99,275,10,49,426,5483,32.86520481109619
mem0,176,dev_0219,10,19_00114,OK,,2,3317,853,4170,6,55,55,308,6,53,474,5987,24.466386079788208
mem0,177,dev_0220,1,2_00080,OK,,2,3065,352,3417,6,65,65,335,6,6,65,671,11.5756356716156
mem0,177,dev_0220,2,1_00021,OK,,2,3034,577,3611,6,48,48,197,6,12,113,1334,17.692049026489258
mem0,177,dev_0220,3,19_00043,OK,,2,3444,809,4253,8,63,63,439,8,20,176,2222,24.221949100494385
mem0,177,dev_0220,4,13_00085,OK,,2,3491,975,4466,6,72,72,416,6,26,248,2900,27.5331392288208
mem0,177,dev_0220,5,19_00023,OK,,2,3338,969,4307,6,61,61,255,6,32,309,3576,28.057260036468506
mem0,177,dev_0220,6,2_00062,OK,,2,3422,1110,4532,6,77,77,297,6,38,386,4258,31.05747079849243
mem0,177,dev_0220,7,2_00027,OK,,2,3114,782,3896,5,30,30,149,4,41,400,4600,23.14364767074585
mem0,177,dev_0220,8,1_00054,OK,,2,3280,1003,4283,5,32,32,215,5,46,432,5133,28.631555557250977
mem0,178,dev_0221,1,13_00087,OK,,2,3079,328,3407,6,54,54,380,6,6,54,672,10.160935640335083
mem0,178,dev_0221,2,12_00024,OK,,2,3284,520,3804,5,82,82,373,3,9,99,1026,15.005859851837158
mem0,178,dev_0221,3,11_00022,OK,,2,3128,567,3695,4,28,28,238,4,13,127,1459,16.527007579803467
mem0,178,dev_0221,4,19_00028,OK,,2,3474,1030,4504,11,77,77,443,11,24,204,2659,30.623534202575684
mem0,178,dev_0221,5,12_00009,OK,,2,3693,1216,4909,10,110,110,508,10,33,299,3692,36.333903551101685
mem0,178,dev_0221,6,1_00031,OK,,2,3232,907,4139,6,38,38,237,6,39,337,4347,25.868942260742188
mem0,178,dev_0221,7,18_00125,OK,,2,3297,771,4068,4,33,33,302,4,43,370,4782,21.58269715309143
mem0,178,dev_0221,8,16_00016,OK,,2,3724,1223,4947,7,79,79,519,7,49,429,5479,34.80128288269043
mem0,178,dev_0221,9,11_00032,OK,,2,3187,558,3745,3,21,21,270,3,50,438,5627,16.468132972717285
mem0,178,dev_0221,10,5_00081,OK,,2,2801,259,3060,1,4,4,82,1,51,442,5731,7.7092931270599365
mem0,179,dev_0222,1,9_00044,OK,,2,2935,184,3119,3,33,33,243,3,3,33,336,5.3243794441223145
mem0,179,dev_0222,2,19_00098,OK,,2,3125,424,3549,6,38,38,342,6,9,71,977,13.442835807800293
mem0,179,dev_0222,3,20_00026,OK,,2,3401,780,4181,9,65,65,470,9,18,136,1966,22.733983993530273
mem0,179,dev_0222,4,16_00105,OK,,2,3331,818,4149,8,48,48,368,7,24,174,2645,23.70553421974182
mem0,179,dev_0222,5,6_00120,OK,,2,2906,463,3369,3,19,19,116,3,27,193,2971,13.472222566604614
mem0,180,dev_0223,1,20_00045,OK,,2,2968,260,3228,5,37,37,274,5,5,37,553,7.815631866455078
mem0,180,dev_0223,2,5_00078,OK,,2,2807,268,3075,1,10,10,85,1,6,47,664,7.553158760070801
mem0,180,dev_0223,3,4_00027,OK,,2,2980,452,3432,4,32,32,181,4,10,79,1110,14.430943965911865
mem0,180,dev_0223,4,6_00077,OK,,2,3189,730,3919,8,58,58,298,8,18,137,1979,21.861621856689453
mem0,180,dev_0223,5,12_00059,OK,,2,3391,886,4277,7,84,84,380,6,23,199,2579,24.755322217941284
mem0,180,dev_0223,6,15_00078,OK,,2,3562,1156,4718,8,87,87,444,5,28,243,3131,32.87354636192322
mem0,180,dev_0223,7,16_00106,OK,,2,3330,1034,4364,6,41,41,223,6,34,284,3780,29.778361558914185
mem0,180,dev_0223,8,3_00072,OK,,2,3240,799,4039,4,36,36,234,4,38,320,4227,23.07852554321289
mem0,181,dev_0224,1,12_00072,OK,,2,2849,222,3071,4,30,30,166,4,4,30,447,7.253515720367432
mem0,181,dev_0224,2,8_00006,OK,,2,3380,610,3990,10,116,116,436,9,13,142,1473,17.767266035079956
mem0,181,dev_0224,3,13_00078,OK,,2,3420,740,4160,5,71,71,426,5,18,213,2052,21.491618633270264
mem0,181,dev_0224,4,8_00082,OK,,2,3587,982,4569,7,67,67,494,7,25,280,2842,28.317552089691162
mem0,181,dev_0224,5,8_00024,OK,,2,3890,1545,5435,13,103,103,559,10,34,362,3873,45.38778018951416
mem0,182,dev_0226,1,12_00104,OK,,2,2944,440,3384,9,54,54,219,9,9,54,984,14.091190576553345
mem0,182,dev_0226,2,4_00033,OK,,2,3169,543,3712,4,40,40,309,4,13,94,1426,15.65090298652649
mem0,182,dev_0226,3,10_00115,OK,,2,3190,824,4014,6,43,43,231,6,19,137,2076,23.615169048309326
mem0,182,dev_0226,4,5_00077,OK,,2,2931,430,3361,3,24,24,159,3,22,161,2411,12.171095609664917
mem0,182,dev_0226,5,10_00095,OK,,2,3117,758,3875,7,56,56,216,7,28,210,3083,22.320871591567993
mem0,182,dev_0226,6,15_00036,OK,,2,3367,767,4134,5,79,79,378,5,33,289,3668,21.97419548034668
mem0,182,dev_0226,7,20_00019,OK,,2,3455,976,4431,5,56,56,358,5,38,345,4228,27.601643323898315
mem0,182,dev_0226,8,13_00126,OK,,2,3344,735,4079,3,39,39,310,3,41,384,4572,21.52755856513977
mem0,183,dev_0227,1,18_00115,OK,,2,3010,154,3164,2,32,32,333,2,2,32,232,4.383193254470825
mem0,183,dev_0227,2,4_00117,OK,,2,2949,218,3167,2,17,17,214,2,4,49,460,6.881834506988525
mem0,183,dev_0227,3,14_00065,OK,,2,3299,643,3942,8,80,80,415,8,12,129,1353,18.77153706550598
mem0,183,dev_0227,4,15_00045,OK,,2,3338,809,4147,7,80,80,322,5,17,172,1904,24.2789409160614
mem0,183,dev_0227,5,1_00106,OK,,2,3405,895,4300,6,46,46,372,6,23,218,2559,25.796633005142212
mem0,183,dev_0227,6,12_00054,OK,,2,3527,863,4390,5,69,69,447,5,28,287,3136,23.620426416397095
mem0,184,dev_0228,1,5_00068,OK,,2,2643,64,2707,1,6,6,56,1,1,6,107,2.053095817565918
mem0,184,dev_0228,2,3_00103,OK,,2,2812,198,3010,2,29,29,123,2,3,35,346,5.773463010787964
mem0,184,dev_0228,3,16_00015,OK,,2,3397,591,3988,9,61,61,518,9,12,96,1346,17.316601276397705
mem0,184,dev_0228,4,16_00063,OK,,2,3227,780,4007,6,46,46,260,6,18,142,2007,21.609904050827026
mem0,184,dev_0228,5,5_00101,OK,,2,2878,586,3464,4,22,22,60,4,22,164,2439,16.053760528564453
mem0,185,dev_0230,1,14_00027,OK,,2,3009,280,3289,5,45,45,303,5,5,45,551,7.737976789474487
mem0,185,dev_0230,2,10_00056,OK,,2,3072,525,3597,6,45,45,254,6,11,90,1199,15.192043542861938
mem0,185,dev_0230,3,4_00066,OK,,2,3111,660,3771,4,46,46,197,4,15,136,1659,17.46365213394165
mem0,185,dev_0230,4,5_00076,OK,,2,2955,571,3526,4,29,29,105,4,19,165,2099,14.860986709594727
mem0,185,dev_0230,5,10_00000,OK,,2,3296,1026,4322,7,60,60,256,7,26,225,2883,26.82347321510315
mem0,185,dev_0230,6,8_00096,OK,,2,3263,678,3941,5,33,33,328,5,31,258,3430,18.247528076171875
mem0,185,dev_0230,7,19_00050,OK,,2,3512,1178,4690,9,89,89,373,9,40,347,4436,31.073689460754395
mem0,185,dev_0230,8,9_00049,OK,,2,3714,1493,5207,9,85,85,404,9,49,432,5437,38.88532614707947
mem0,185,dev_0230,9,14_00116,OK,,2,3505,969,4474,6,59,59,424,6,55,491,6102,25.36746573448181
mem0,185,dev_0230,10,19_00086,OK,,2,3474,996,4470,4,47,47,312,4,59,538,6560,24.1219220161438
mem0,186,dev_0231,1,18_00112,OK,,2,3031,200,3231,3,39,39,338,3,3,39,345,5.658148527145386
mem0,186,dev_0231,2,20_00031,OK,,2,3331,607,3938,10,57,57,465,10,13,96,1433,16.816347360610962
mem0,186,dev_0231,3,11_00118,OK,,2,3592,1177,4769,13,127,127,483,13,25,216,2789,28.699540853500366
mem0,186,dev_0231,4,11_00023,OK,,2,3329,994,4323,6,53,53,249,6,31,269,3453,22.234023332595825
mem0,186,dev_0231,5,2_00006,OK,,2,3101,760,3861,4,24,24,141,4,35,293,3896,16.99741005897522
mem0,186,dev_0231,6,4_00013,OK,,2,3148,855,4003,6,26,26,183,6,40,313,4455,19.859771013259888
mem0,187,dev_0233,1,17_00121,OK,,2,3175,430,3605,7,78,78,393,7,7,78,797,14.374027013778687
mem0,187,dev_0233,2,3_00048,OK,,2,3121,505,3626,4,33,33,248,4,10,104,1144,14.047646284103394
mem0,187,dev_0233,3,14_00029,OK,,2,3423,945,4368,9,82,82,389,9,19,186,2143,26.36903214454651
mem0,187,dev_0233,4,12_00051,OK,,2,3337,871,4208,7,59,59,318,7,26,245,2926,24.638839960098267
mem0,187,dev_0233,5,12_00094,OK,,2,3390,1072,4462,9,65,65,315,9,35,310,3912,30.27786087989807
mem0,187,dev_0233,6,1_00075,OK,,2,3038,404,3442,5,28,28,224,3,35,303,3959,11.871675491333008
mem0,188,dev_0234,1,19_00099,OK,,2,3043,286,3329,5,47,47,334,5,5,47,557,8.877338886260986
mem0,188,dev_0234,2,10_00073,OK,,2,3035,385,3420,3,28,28,239,3,8,75,890,11.087826013565063
mem0,188,dev_0234,3,17_00088,OK,,2,3528,697,4225,6,67,67,532,6,14,142,1560,20.60332727432251
mem0,188,dev_0234,4,19_00094,OK,,2,3307,874,4181,7,67,67,295,7,21,209,2337,26.373963594436646
mem0,188,dev_0234,5,8_00057,OK,,2,3331,837,4168,5,37,37,297,5,26,246,2892,24.11097502708435
mem0,188,dev_0234,6,14_00068,OK,,2,3481,1361,4842,11,79,79,298,11,37,325,4098,39.37302041053772
mem0,189,dev_0236,1,9_00084,OK,,2,2861,218,3079,4,36,36,215,4,4,36,449,7.800275564193726
mem0,189,dev_0236,2,2_00053,OK,,2,3006,428,3434,4,55,55,201,4,8,91,916,12.457635402679443
mem0,189,dev_0236,3,13_00091,OK,,2,3398,796,4194,8,90,90,453,8,16,181,1822,23.278908014297485
mem0,189,dev_0236,4,1_00096,OK,,2,3311,889,4200,8,54,54,327,8,24,235,2683,26.15489172935486
mem0,189,dev_0236,5,11_00057,OK,,2,3316,674,3990,3,46,46,340,2,26,263,2909,18.44360637664795
mem0,189,dev_0236,6,7_00038,OK,,2,3394,905,4299,5,43,43,317,5,31,306,3468,25.851579427719116
mem0,189,dev_0236,7,6_00106,OK,,2,2962,434,3396,3,23,23,162,3,34,329,3795,12.793521642684937
mem0,189,dev_0236,8,3_00051,OK,,2,3285,773,4058,4,53,53,279,4,38,382,4255,21.585195064544678
mem0,190,dev_0238,1,16_00112,OK,,2,2846,222,3068,4,34,34,182,4,4,34,453,6.863771915435791
mem0,190,dev_0238,2,4_00115,OK,,2,3016,286,3302,2,17,17,262,2,6,51,673,8.527106285095215
mem0,190,dev_0238,3,9_00126,OK,,2,3090,681,3771,8,75,75,228,8,14,126,1574,19.906241416931152
mem0,190,dev_0238,4,15_00101,OK,,2,3151,611,3762,5,46,46,271,5,19,172,2129,18.31996989250183
mem0,190,dev_0238,5,8_00092,OK,,2,3277,713,3990,5,51,51,299,5,24,223,2691,20.197754383087158
mem0,190,dev_0238,6,12_00040,OK,,2,3593,1416,5009,14,94,94,393,12,34,286,3801,40.96669960021973
mem0,190,dev_0238,7,19_00103,OK,,2,3496,1193,4689,9,58,58,366,8,39,327,4397,33.90695071220398
mem0,191,dev_0239,1,10_00008,OK,,2,2888,406,3294,8,58,58,208,8,8,58,878,12.748819828033447
mem0,191,dev_0239,2,10_00078,OK,,2,3061,510,3571,5,44,44,248,5,13,102,1431,14.797883749008179
mem0,191,dev_0239,3,19_00056,OK,,2,3420,654,4074,4,50,50,462,4,17,152,1903,18.46053433418274
mem0,191,dev_0239,4,1_00082,OK,,2,3201,792,3993,6,35,35,232,6,23,187,2557,22.619139671325684
mem0,191,dev_0239,5,16_00107,OK,,2,3346,957,4303,5,35,35,283,5,28,222,3098,26.823991060256958
mem0,191,dev_0239,6,14_00104,OK,,2,3411,770,4181,6,73,73,403,5,32,269,3568,22.265857934951782
mem0,191,dev_0239,7,16_00100,OK,,2,3396,1149,4545,8,55,55,287,8,40,324,4440,33.26711654663086
mem0,192,dev_0240,1,20_00106,OK,,2,3095,270,3365,5,40,40,367,5,5,40,557,8.201399087905884
mem0,192,dev_0240,2,6_00015,OK,,2,2967,363,3330,3,22,22,197,3,8,62,893,10.683637142181396
mem0,192,dev_0240,3,13_00102,OK,,2,3561,749,4310,7,98,98,581,7,15,160,1708,22.006508588790894
mem0,192,dev_0240,4,14_00107,OK,,2,3504,1031,4535,9,84,84,430,9,24,244,2710,29.584497213363647
mem0,192,dev_0240,5,3_00012,OK,,2,2946,573,3519,3,28,28,85,3,27,272,3050,16.65534996986389
mem0,192,dev_0240,6,6_00054,OK,,2,3362,1109,4471,7,48,48,227,7,34,320,3823,32.360804080963135
mem0,192,dev_0240,7,18_00106,OK,,2,3257,831,4088,4,48,48,252,4,38,368,4287,24.07113027572632
mem0,192,dev_0240,8,15_00098,OK,,2,3659,1165,4824,9,90,90,484,5,41,399,4663,34.59386873245239
mem0,192,dev_0240,9,1_00077,OK,,2,3418,1008,4426,7,51,51,355,7,48,450,5425,28.498563289642334
mem0,193,dev_0241,1,5_00094,OK,,2,2676,108,2784,2,12,12,76,2,2,12,214,3.7440314292907715
mem0,193,dev_0241,2,17_00068,OK,,2,3462,637,4099,10,100,100,581,10,12,112,1361,19.044610738754272
mem0,193,dev_0241,3,9_00090,OK,,2,3108,784,3892,6,51,51,171,6,18,163,2021,22.90876317024231
mem0,193,dev_0241,4,10_00065,OK,,2,3158,566,3724,5,32,32,308,5,22,189,2477,15.871071577072144
mem0,193,dev_0241,5,9_00121,OK,,2,3068,715,3783,4,25,25,134,4,26,214,2898,19.971028327941895
mem0,193,dev_0241,6,16_00087,OK,,2,3455,1106,4561,7,55,55,347,7,33,269,3656,31.84069013595581
mem0,193,dev_0241,7,5_00110,OK,,2,2840,453,3293,2,11,11,54,2,35,280,3866,12.578492164611816
mem0,193,dev_0241,8,14_00005,OK,,2,3441,1104,4545,11,76,76,361,11,45,350,4990,31.985846042633057
mem0,193,dev_0241,9,11_00080,OK,,2,3290,772,4062,4,32,32,303,4,49,382,5437,21.545919179916382
mem0,193,dev_0241,10,16_00004,OK,,2,3982,1664,5646,10,96,96,641,9,58,451,6434,47.43694233894348
mem0,194,dev_0242,1,5_00026,OK,,2,2706,126,2832,2,20,20,101,2,2,20,222,3.984754800796509
mem0,194,dev_0242,2,17_00094,OK,,2,3600,577,4177,9,80,80,681,9,11,100,1228,16.75182294845581
mem0,194,dev_0242,3,4_00040,OK,,2,3176,702,3878,6,45,45,226,6,17,145,1882,21.279630184173584
mem0,194,dev_0242,4,15_00044,OK,,2,3474,1043,4517,9,67,67,412,9,26,212,2866,30.56613564491272
mem0,194,dev_0242,5,16_00113,OK,,2,3178,718,3896,4,26,26,248,4,30,238,3307,21.087341785430908
mem0,194,dev_0242,6,10_00030,OK,,2,3314,1118,4432,7,43,43,226,7,37,281,4065,32.468520402908325
mem0,194,dev_0242,7,17_00009,OK,,2,3344,1029,4373,6,36,36,277,6,43,317,4723,29.30768656730652
mem0,194,dev_0242,8,7_00011,OK,,2,3158,689,3847,6,35,35,254,6,49,352,5378,19.714796781539917
mem0,194,dev_0242,9,2_00107,OK,,2,3257,969,4226,7,42,42,226,7,54,383,5949,28.320500373840332
mem0,194,dev_0242,10,12_00052,OK,,2,3422,1311,4733,11,87,87,238,11,62,440,6875,38.88259434700012
mem0,195,dev_0243,1,9_00070,OK,,2,2899,236,3135,4,40,40,211,4,4,40,448,7.127288818359375
mem0,195,dev_0243,2,18_00082,OK,,2,3070,524,3594,7,44,44,248,7,11,84,1217,16.227193117141724
mem0,195,dev_0243,3,15_00113,OK,,2,3371,813,4184,8,97,97,375,6,17,168,1915,23.82494068145752
mem0,195,dev_0243,4,14_00123,OK,,2,3426,874,4300,8,67,67,396,8,25,235,2793,25.82956838607788
mem0,195,dev_0243,5,1_00098,OK,,2,3542,1210,4752,9,50,50,392,9,34,285,3760,36.03584933280945
mem0,195,dev_0243,6,16_00053,OK,,2,3146,651,3797,3,39,39,209,3,37,324,4108,17.873355627059937
mem0,195,dev_0243,7,8_00087,OK,,2,3344,872,4216,5,33,33,315,5,42,357,4656,24.46416687965393
mem0,196,dev_0244,1,3_00057,OK,,2,3035,426,3461,6,77,77,306,5,5,60,574,12.853911399841309
mem0,196,dev_0244,2,10_00009,OK,,2,3043,490,3533,5,36,36,224,5,10,96,1125,14.594683647155762
mem0,196,dev_0244,3,14_00046,OK,,2,3500,673,4173,5,50,50,525,5,15,146,1696,20.191245555877686
mem0,196,dev_0244,4,8_00032,OK,,2,3415,800,4215,10,74,74,410,10,25,220,2788,23.619845867156982
mem0,196,dev_0244,5,17_00089,OK,,2,3880,1309,5189,11,80,80,634,11,36,300,4000,38.25667452812195
mem0,196,dev_0244,6,10_00084,OK,,2,3023,333,3356,2,10,10,242,2,38,310,4215,9.695152282714844
mem0,196,dev_0244,7,5_00097,OK,,2,2892,516,3408,3,24,24,84,3,41,334,4538,14.597391843795776
mem0,196,dev_0244,8,8_00088,OK,,2,3181,895,4076,6,30,30,181,4,44,350,4866,25.687560319900513
mem0,196,dev_0244,9,1_00058,OK,,2,3009,623,3632,3,21,21,143,3,47,371,5191,18.050456762313843
mem0,196,dev_0244,10,15_00118,OK,,2,3473,1133,4606,8,51,51,356,8,54,418,5985,31.90846300125122
mem0,197,dev_0246,1,16_00042,OK,,2,3333,562,3895,10,105,105,535,10,10,105,1129,17.23917007446289
mem0,197,dev_0246,2,2_00085,OK,,2,3178,661,3839,7,49,49,287,7,17,154,1879,19.989907264709473
mem0,197,dev_0246,3,12_00062,OK,,2,3377,766,4143,12,101,101,352,6,18,166,2087,23.398930549621582
mem0,197,dev_0246,4,10_00098,OK,,2,3038,459,3497,3,25,25,218,3,21,191,2414,13.730297803878784
mem0,197,dev_0246,5,15_00104,OK,,2,3388,834,4222,5,47,47,352,5,26,238,2970,23.726612329483032
mem0,197,dev_0246,6,12_00102,OK,,2,3394,893,4287,6,44,44,360,6,32,282,3631,26.108319520950317
mem0,197,dev_0246,7,12_00023,OK,,2,3927,1616,5543,14,123,123,614,19,41,342,4589,47.48063135147095
mem0,197,dev_0246,8,17_00085,OK,,2,3808,1123,4931,6,56,56,632,6,47,398,5271,31.483224630355835
mem0,197,dev_0246,9,18_00067,OK,,2,3129,752,3881,5,28,28,178,5,52,426,5812,21.828724145889282
mem0,198,dev_0247,1,5_00011,OK,,2,2806,180,2986,3,25,25,143,3,3,25,333,5.356767177581787
mem0,198,dev_0247,2,12_00113,OK,,2,3026,440,3466,6,46,46,255,6,9,71,983,12.774362325668335
mem0,198,dev_0247,3,6_00100,OK,,2,3032,525,3557,4,26,26,192,4,13,97,1426,15.300537109375
mem0,198,dev_0247,4,11_00107,OK,,2,3151,406,3557,2,23,23,302,2,15,120,1651,11.675501585006714
mem0,198,dev_0247,5,9_00003,OK,,2,3146,757,3903,5,48,48,189,4,18,147,2000,21.445432901382446
mem0,198,dev_0247,6,3_00005,OK,,2,2856,278,3134,1,9,9,113,1,19,156,2113,8.333895921707153
mem0,198,dev_0247,7,4_00039,OK,,2,3189,635,3824,4,30,30,260,4,23,186,2558,18.17202091217041
mem0,198,dev_0247,8,2_00020,OK,,2,3049,569,3618,3,14,14,166,3,26,200,2880,16.786619186401367
mem0,198,dev_0247,9,8_00101,OK,,2,3404,1109,4513,6,70,70,286,5,30,249,3336,31.40606379508972
mem0,199,dev_0249,1,18_00026,OK,,2,3542,788,4330,12,156,156,598,12,12,156,1379,23.86712074279785
mem0,199,dev_0249,2,9_00123,OK,,2,3330,915,4245,7,65,65,308,7,19,221,2162,26.32133984565735
mem0,199,dev_0249,3,10_00099,OK,,2,3006,579,3585,4,21,21,148,4,23,242,2595,16.751976490020752
mem0,199,dev_0249,4,9_00109,OK,,2,3175,594,3769,3,22,22,276,3,26,264,2926,16.372957706451416
mem0,199,dev_0249,5,12_00058,OK,,2,3561,1042,4603,7,69,69,414,7,33,333,3714,29.397459983825684
mem0,199,dev_0249,6,9_00115,OK,,2,3311,982,4293,9,71,71,230,6,37,373,4207,27.45606017112732
mem0,199,dev_0249,7,20_00003,OK,,2,3425,964,4389,6,49,49,358,6,42,417,4786,25.485978841781616
mem0,199,dev_0249,8,1_00043,OK,,2,3276,832,4108,6,32,32,298,6,48,449,5432,22.617760181427002
mem0,199,dev_0249,9,20_00086,OK,,2,3482,1148,4630,5,65,65,306,5,53,514,6005,30.534757137298584
mem0,200,dev_0250,1,19_00089,OK,,2,3247,486,3733,8,95,95,441,8,8,95,921,13.319122314453125
mem0,200,dev_0250,2,17_00114,OK,,2,3615,803,4418,7,88,88,602,7,15,183,1732,21.92807102203369
mem0,200,dev_0250,3,14_00053,OK,,2,3416,899,4315,5,56,56,330,5,20,239,2305,23.857238292694092
mem0,200,dev_0250,4,5_00010,OK,,2,3020,342,3362,3,24,24,181,1,21,250,2416,9.140209197998047
mem0,200,dev_0250,5,8_00050,OK,,2,3283,793,4076,6,35,35,292,6,27,285,3066,20.545978307724
mem0,200,dev_0250,6,4_00001,OK,,2,3150,532,3682,5,38,38,294,5,30,306,3430,14.28837776184082
mem0,200,dev_0250,7,2_00102,OK,,2,3391,1022,4413,8,75,75,324,8,38,381,4320,27.15822434425354
mem0,200,dev_0250,8,5_00071,OK,,2,2831,284,3115,1,9,9,89,1,39,390,4432,6.976301193237305
mem0,200,dev_0250,9,5_00062,OK,,2,3071,717,3788,4,34,34,146,4,43,424,4882,17.491673946380615
mem0,201,dev_0251,1,1_00060,OK,,2,2828,254,3082,5,35,35,169,5,5,35,549,6.805333375930786
mem0,201,dev_0251,2,4_00029,OK,,2,3091,496,3587,6,39,39,271,6,11,74,1190,12.729594945907593
mem0,201,dev_0251,3,19_00009,OK,,2,3271,737,4008,6,60,60,334,6,17,134,1859,17.696571826934814
mem0,201,dev_0251,4,14_00033,OK,,2,3270,702,3972,5,49,49,334,5,22,183,2425,16.047760248184204
mem0,201,dev_0251,5,10_00100,OK,,2,3199,780,3979,5,30,30,237,5,27,213,2969,17.554429292678833
mem0,201,dev_0251,6,14_00080,OK,,2,3359,973,4332,7,68,68,305,7,34,281,3751,22.031793355941772
mem0,201,dev_0251,7,15_00082,OK,,2,3511,808,4319,5,40,40,476,5,39,321,4290,17.791958570480347
mem0,202,dev_0252,1,5_00108,OK,,2,2776,206,2982,4,26,26,136,4,4,26,434,5.17700719833374
mem0,202,dev_0252,2,5_00039,OK,,2,2966,350,3316,4,22,22,219,4,8,48,867,8.287270545959473
mem0,202,dev_0252,3,11_00066,OK,,2,3170,559,3729,4,51,51,305,4,12,99,1323,11.835994005203247
mem0,202,dev_0252,4,13_00023,OK,,2,3032,652,3684,5,31,31,153,5,17,130,1859,14.725339412689209
mem0,202,dev_0252,5,17_00051,OK,,2,3061,458,3519,3,19,19,248,3,20,149,2189,9.867350816726685
mem0,202,dev_0252,6,1_00078,OK,,2,3301,950,4251,14,86,86,314,10,30,216,3290,21.04295063018799
mem0,202,dev_0252,7,10_00077,OK,,2,3071,708,3779,4,30,30,174,4,34,246,3723,14.051012754440308
mem0,202,dev_0252,8,15_00011,OK,,2,3571,1151,4722,8,67,67,446,8,42,313,4613,24.477742671966553
mem0,202,dev_0252,9,17_00126,OK,,2,3696,1357,5053,8,99,99,442,8,50,412,5524,25.691121578216553
mem0,203,dev_0254,1,9_00105,OK,,2,2959,200,3159,3,40,40,292,3,3,40,352,6.614684343338013
mem0,203,dev_0254,2,17_00078,OK,,2,3421,671,4092,10,86,86,519,10,13,126,1467,19.582940816879272
mem0,203,dev_0254,3,4_00051,OK,,2,3310,606,3916,3,31,31,366,3,16,157,1803,16.890630960464478
mem0,203,dev_0254,4,16_00111,OK,,2,3280,792,4072,5,27,27,287,5,21,184,2345,21.40546441078186
mem0,203,dev_0254,5,1_00034,OK,,2,3019,595,3614,3,30,30,149,3,24,214,2677,16.753018856048584
mem0,203,dev_0254,6,16_00003,OK,,2,3385,1039,4424,6,49,49,312,5,29,260,3242,28.647680044174194
mem0,203,dev_0254,7,2_00074,OK,,2,3091,571,3662,3,58,58,204,3,32,318,3596,16.621432542800903
mem0,204,dev_0255,1,12_00043,OK,,2,3160,360,3520,7,53,53,416,7,7,53,781,11.047276735305786
mem0,204,dev_0255,2,4_00101,OK,,2,3180,517,3697,4,39,39,304,4,11,92,1228,14.72452712059021
mem0,204,dev_0255,3,5_00119,OK,,2,2980,544,3524,4,32,32,143,4,15,124,1671,15.737834215164185
mem0,204,dev_0255,4,5_00117,OK,,2,3056,781,3837,10,68,68,171,7,19,144,2158,24.03625750541687
mem0,204,dev_0255,5,6_00108,OK,,2,2888,321,3209,2,11,11,128,2,21,155,2379,9.113494157791138
mem0,205,dev_0256,1,18_00118,OK,,2,3073,258,3331,4,50,50,355,4,4,50,456,7.905705451965332
mem0,205,dev_0256,2,9_00110,OK,,2,3062,414,3476,4,39,39,264,4,8,89,902,11.768474102020264
mem0,205,dev_0256,3,9_00056,OK,,2,3190,541,3731,4,39,39,315,4,12,128,1339,15.696701526641846
mem0,205,dev_0256,4,17_00035,OK,,2,3268,550,3818,3,37,37,355,3,15,165,1687,16.003815412521362
mem0,205,dev_0256,5,8_00069,OK,,2,3392,717,4109,4,47,47,396,4,19,212,2136,20.718443393707275
mem0,205,dev_0256,6,11_00124,OK,,2,3464,1141,4605,10,74,74,348,10,29,286,3245,33.13737463951111
mem0,205,dev_0256,7,12_00091,OK,,2,3395,1064,4459,7,53,53,297,7,35,333,3934,30.38340973854065
mem0,205,dev_0256,8,15_00009,OK,,2,3533,924,4457,6,60,60,460,6,41,393,4606,26.397245407104492
mem0,205,dev_0256,9,1_00051,OK,,2,3127,848,3975,6,36,36,162,6,46,420,5165,24.274020433425903
mem0,206,dev_0258,1,14_00091,OK,,2,3109,344,3453,6,60,60,367,6,6,60,670,10.701870918273926
mem0,206,dev_0258,2,8_00015,OK,,2,3202,642,3844,7,67,67,306,7,13,127,1449,19.645790338516235
mem0,206,dev_0258,3,9_00048,OK,,2,3383,706,4089,5,46,46,383,5,18,173,2008,20.569283723831177
mem0,206,dev_0258,4,18_00032,OK,,2,3430,1050,4480,9,76,76,381,9,27,249,2996,30.383968353271484
mem0,206,dev_0258,5,12_00107,OK,,2,3292,798,4090,5,48,48,280,5,31,290,3463,23.103748321533203
mem0,206,dev_0258,6,4_00041,OK,,2,3153,721,3874,4,35,35,195,4,35,325,3906,20.188711166381836
mem0,206,dev_0258,7,9_00087,OK,,2,3425,1093,4518,5,54,54,310,5,40,379,4458,30.441294193267822
mem0,206,dev_0258,8,15_00060,OK,,2,3734,1260,4994,8,87,87,525,7,46,448,5156,36.72504138946533
mem0,206,dev_0258,9,15_00111,OK,,2,3448,950,4398,7,81,81,376,7,51,497,5738,27.220835208892822
mem0,207,dev_0260,1,19_00127,OK,,2,2997,282,3279,5,48,48,292,5,5,48,551,9.151363611221313
mem0,207,dev_0260,2,3_00004,OK,,2,2875,358,3233,3,28,28,113,3,8,76,890,10.766205072402954
mem0,207,dev_0260,3,13_00049,OK,,2,3231,712,3943,7,77,77,319,7,15,153,1697,20.618523836135864
mem0,207,dev_0260,4,12_00042,OK,,2,3674,1023,4697,9,116,116,552,9,24,269,2720,29.61013174057007
mem0,207,dev_0260,5,15_00122,OK,,2,3869,1194,5063,12,124,124,600,10,32,343,3644,35.35040283203125
mem0,207,dev_0260,6,4_00031,OK,,2,3541,1150,4691,7,37,37,382,7,39,380,4398,32.63725447654724
mem0,207,dev_0260,7,4_00094,OK,,2,3364,936,4300,4,47,47,297,4,43,427,4842,25.872670888900757
mem0,207,dev_0260,8,19_00038,OK,,2,3486,1081,4567,6,50,50,361,5,48,472,5391,30.41335129737854
mem0,208,dev_0261,1,6_00101,OK,,2,2924,252,3176,5,32,32,258,5,5,32,543,7.779911279678345
mem0,208,dev_0261,2,1_00008,OK,,2,2974,394,3368,4,23,23,208,4,9,55,981,11.406301498413086
mem0,208,dev_0261,3,4_00077,OK,,2,3208,742,3950,10,48,48,304,13,15,80,1625,22.381513833999634
mem0,208,dev_0261,4,9_00007,OK,,2,3194,678,3872,6,65,65,272,6,21,145,2295,20.28191876411438
mem0,208,dev_0261,5,10_00087,OK,,2,3015,425,3440,2,19,19,213,2,23,164,2519,12.574812650680542
mem0,208,dev_0261,6,6_00127,OK,,2,3011,638,3649,3,19,19,129,3,26,183,2845,18.135791778564453
mem0,209,dev_0262,1,2_00098,OK,,2,2904,238,3142,5,25,25,222,5,5,25,540,7.450922727584839
mem0,209,dev_0262,2,2_00124,OK,,2,2804,303,3107,2,14,14,75,2,7,39,765,8.818602323532104
mem0,209,dev_0262,3,1_00112,OK,,2,3187,651,3838,8,54,54,348,7,13,80,1433,19.875527143478394
mem0,209,dev_0262,4,1_00127,OK,,2,2967,464,3431,3,20,20,172,3,16,100,1760,13.210257291793823
mem0,209,dev_0262,5,18_00024,OK,,2,3583,1067,4650,8,86,86,467,8,24,186,2647,30.1714825630188
mem0,209,dev_0262,6,11_00096,OK,,2,3199,687,3886,3,33,33,235,3,27,219,2985,19.505027532577515
mem0,209,dev_0262,7,5_00000,OK,,2,3053,428,3481,3,28,28,229,3,29,236,3231,11.881909608840942
mem0,210,dev_0266,1,12_00109,OK,,2,2873,300,3173,6,39,39,206,6,6,39,644,9.544118642807007
mem0,210,dev_0266,2,5_00019,OK,,2,3004,385,3389,3,15,15,209,3,9,54,968,10.744811534881592
mem0,210,dev_0266,3,17_00076,OK,,2,3565,769,4334,9,68,68,588,9,18,122,1944,22.161882162094116
mem0,210,dev_0266,4,11_00083,OK,,2,3338,607,3945,3,25,25,406,3,21,147,2280,17.736916303634644
mem0,210,dev_0266,5,3_00036,OK,,2,3348,783,4131,5,52,52,370,5,26,199,2844,22.400087356567383
mem0,210,dev_0266,6,16_00002,OK,,2,3399,983,4382,5,49,49,319,5,31,248,3397,27.409780979156494
mem0,210,dev_0266,7,12_00025,OK,,2,3820,1523,5343,12,135,135,514,12,42,371,4688,44.14710474014282
mem0,210,dev_0266,8,17_00098,OK,,2,4044,1411,5455,8,85,85,735,8,50,456,5599,39.851420640945435
mem0,210,dev_0266,9,17_00053,OK,,2,3259,713,3972,3,21,21,298,3,53,477,5923,20.641504287719727
mem0,211,dev_0267,1,20_00038,OK,,2,2885,256,3141,4,50,50,192,4,4,50,471,7.926059007644653
mem0,211,dev_0267,2,16_00047,OK,,2,3341,566,3907,7,63,63,470,7,11,113,1257,16.79150104522705
mem0,211,dev_0267,3,19_00055,OK,,2,3518,1031,4549,10,97,97,455,10,21,210,2366,29.463850259780884
mem0,211,dev_0267,4,12_00047,OK,,2,3550,1208,4758,10,72,72,393,10,31,282,3449,35.18036127090454
mem0,211,dev_0267,5,14_00022,OK,,2,3273,863,4136,5,38,38,253,5,36,320,3989,24.85503649711609
mem0,211,dev_0267,6,7_00025,OK,,2,3237,988,4225,9,91,91,249,9,44,404,4909,28.30364179611206
mem0,211,dev_0267,7,10_00113,OK,,2,3134,668,3802,4,27,27,243,4,48,431,5344,19.77100682258606
mem0,211,dev_0267,8,15_00079,OK,,2,3447,1219,4666,9,87,87,315,9,57,518,6358,35.59223771095276
mem0,212,dev_0268,1,7_00041,OK,,2,2873,304,3177,6,40,40,188,6,6,40,657,10.11106538772583
mem0,212,dev_0268,2,5_00060,OK,,2,3004,376,3380,4,27,27,224,4,10,67,1091,10.91598892211914
mem0,212,dev_0268,3,13_00024,OK,,2,3044,370,3414,2,25,25,244,2,12,92,1321,10.519911050796509
mem0,212,dev_0268,4,16_00085,OK,,2,3280,720,4000,6,50,50,344,6,18,142,1988,21.308433055877686
mem0,212,dev_0268,5,8_00109,OK,,2,3390,776,4166,5,49,49,400,5,23,191,2549,22.919434547424316
mem0,212,dev_0268,6,1_00068,OK,,2,3051,667,3718,3,21,21,150,3,26,212,2875,19.04949402809143
mem0,212,dev_0268,7,2_00032,OK,,2,3094,636,3730,3,16,16,190,3,29,228,3197,17.854480981826782
mem0,213,dev_0270,1,20_00096,OK,,2,3077,278,3355,5,44,44,359,5,5,44,545,8.748713731765747
mem0,213,dev_0270,2,17_00001,OK,,2,2980,355,3335,3,17,17,211,3,8,61,868,10.119751691818237
mem0,213,dev_0270,3,11_00115,OK,,2,3610,727,4337,9,81,81,656,8,16,134,1754,22.743558883666992
mem0,213,dev_0270,4,12_00017,OK,,2,3607,1272,4879,16,140,140,486,15,27,244,3076,37.81160831451416
mem0,213,dev_0270,5,5_00111,OK,,2,2807,374,3181,2,10,10,57,2,29,254,3292,10.37734317779541
mem0,213,dev_0270,6,19_00078,OK,,2,3472,1115,4587,6,82,82,326,6,35,336,3982,31.70598816871643
mem0,214,dev_0271,1,10_00126,OK,,2,2927,336,3263,6,61,61,241,6,6,61,663,10.745696067810059
mem0,214,dev_0271,2,1_00018,OK,,2,2973,423,3396,3,25,25,173,3,9,86,993,12.603170156478882
mem0,214,dev_0271,3,18_00051,OK,,2,3340,694,4034,9,79,79,398,7,15,146,1690,20.71160864830017
mem0,214,dev_0271,4,19_00018,OK,,2,3389,916,4305,8,82,82,370,8,23,228,2590,26.932634115219116
mem0,214,dev_0271,5,2_00001,OK,,2,2974,435,3409,2,18,18,145,2,25,246,2812,12.006031274795532
mem0,214,dev_0271,6,1_00037,OK,,2,2963,533,3496,4,25,25,135,4,29,271,3247,15.178427457809448
mem0,214,dev_0271,7,13_00032,OK,,2,2970,588,3558,3,26,26,108,3,32,297,3575,17.72943091392517
mem0,214,dev_0271,8,6_00118,OK,,2,2974,560,3534,4,28,28,117,4,36,325,4019,15.937389612197876
mem0,214,dev_0271,9,1_00050,OK,,2,3023,728,3751,4,40,40,107,4,40,365,4471,21.347554683685303
mem0,214,dev_0271,10,11_00049,OK,,2,3260,1071,4331,7,36,36,190,7,47,401,5243,30.680023431777954
mem0,215,dev_0272,1,10_00060,OK,,2,2808,174,2982,3,26,26,165,3,3,26,328,5.286815643310547
mem0,215,dev_0272,2,18_00081,OK,,2,3203,441,3644,6,48,48,380,6,9,74,989,13.781817436218262
mem0,215,dev_0272,3,20_00095,OK,,2,3176,578,3754,5,50,50,276,5,14,124,1549,16.413812398910522
mem0,215,dev_0272,4,12_00086,OK,,2,3236,809,4045,5,56,56,257,3,17,159,1895,23.581768035888672
mem0,215,dev_0272,5,13_00039,OK,,2,3492,822,4314,5,40,40,456,5,22,199,2439,23.44172501564026
mem0,215,dev_0272,6,13_00031,OK,,2,3125,710,3835,4,44,44,204,4,26,243,2893,20.362958192825317
mem0,216,dev_0273,1,2_00091,OK,,2,3043,400,3443,6,60,60,320,0,0,0,0,11.748969793319702
mem0,216,dev_0273,2,5_00118,OK,,2,2847,252,3099,5,35,35,191,5,5,35,558,8.805916786193848
mem0,216,dev_0273,3,15_00117,OK,,2,3172,629,3801,8,73,73,324,8,13,108,1467,18.503862857818604
mem0,216,dev_0273,4,17_00015,OK,,2,3254,790,4044,7,39,39,320,7,20,147,2208,23.05867862701416
mem0,216,dev_0273,5,12_00105,OK,,2,3310,695,4005,4,42,42,355,4,24,189,2663,19.519134283065796
mem0,217,dev_0274,1,5_00002,OK,,2,2820,130,2950,2,22,22,175,2,2,22,220,3.8688454627990723
mem0,217,dev_0274,2,12_00061,OK,,2,3181,286,3467,3,41,41,395,3,5,63,568,8.894341468811035
mem0,217,dev_0274,3,17_00123,OK,,2,3239,512,3751,4,63,63,323,4,9,126,1030,14.529247760772705
mem0,217,dev_0274,4,6_00124,OK,,2,3032,537,3569,4,27,27,172,4,13,153,1464,15.777451753616333
mem0,217,dev_0274,5,11_00068,OK,,2,3180,551,3731,3,30,30,258,3,16,183,1804,15.768280982971191
mem0,217,dev_0274,6,6_00003,OK,,2,3053,641,3694,4,23,23,153,4,20,206,2241,18.51171875
mem0,217,dev_0274,7,13_00115,OK,,2,3301,680,3981,5,54,54,332,4,23,246,2605,19.454757690429688
mem0,218,dev_0276,1,12_00084,OK,,2,3056,314,3370,6,43,43,323,6,6,43,661,10.872942686080933
mem0,218,dev_0276,2,18_00001,OK,,2,3799,1015,4814,12,146,146,765,9,15,136,1659,29.32331347465515
mem0,218,dev_0276,3,6_00036,OK,,2,3265,742,4007,3,33,33,268,3,18,169,1995,20.29599928855896
mem0,218,dev_0276,4,6_00050,OK,,2,3254,887,4141,5,48,48,224,5,23,217,2557,25.56423568725586
mem0,218,dev_0276,5,1_00046,OK,,2,3124,600,3724,5,33,33,252,7,25,226,2782,16.357393503189087
mem0,218,dev_0276,6,18_00120,OK,,2,3502,864,4366,7,48,48,483,7,32,274,3531,24.01525068283081
mem0,218,dev_0276,7,11_00058,OK,,2,3409,849,4258,7,83,83,404,6,37,344,4130,23.006545066833496
mem0,218,dev_0276,8,12_00049,OK,,2,3598,1115,4713,7,75,75,447,6,43,415,4820,29.71544337272644
mem0,219,dev_0277,1,1_00111,OK,,2,3100,264,3364,5,38,38,391,5,5,38,544,7.161496877670288
mem0,219,dev_0277,2,2_00008,OK,,2,2947,366,3313,3,21,21,189,3,8,59,863,10.090334177017212
mem0,219,dev_0277,3,10_00014,OK,,2,3189,718,3907,8,52,52,306,8,16,111,1727,19.209773540496826
mem0,219,dev_0277,4,17_00119,OK,,2,4023,1333,5356,13,173,173,794,13,29,284,3224,36.0096914768219
mem0,219,dev_0277,5,12_00110,OK,,2,3203,754,3957,6,52,52,271,6,32,308,3575,20.267293214797974
mem0,219,dev_0277,6,16_00055,OK,,2,3591,1293,4884,8,75,75,348,9,39,372,4349,34.48810887336731
mem0,219,dev_0277,7,12_00026,OK,,2,3959,1595,5554,10,96,96,540,10,49,468,5482,40.54344892501831
mem0,219,dev_0277,8,3_00113,OK,,2,2879,279,3158,1,10,10,136,1,50,478,5597,6.826843976974487
mem0,219,dev_0277,9,17_00023,OK,,2,3459,1190,4649,7,64,64,337,5,53,509,5978,29.126349449157715
mem0,220,dev_0278,1,8_00114,OK,,2,2791,200,2991,4,24,24,145,4,4,24,441,6.925088405609131
mem0,220,dev_0278,2,2_00038,OK,,2,2877,319,3196,3,22,22,142,3,7,46,769,9.168845176696777
mem0,220,dev_0278,3,2_00002,OK,,2,2979,311,3290,4,31,31,219,3,8,56,924,8.889475107192993
mem0,220,dev_0278,4,18_00014,OK,,2,3572,650,4222,5,69,69,575,5,13,125,1497,18.16166400909424
mem0,220,dev_0278,5,14_00039,OK,,2,3321,835,4156,7,67,67,330,7,20,192,2287,23.133508682250977
mem0,220,dev_0278,6,1_00071,OK,,2,3149,762,3911,4,25,25,201,4,24,217,2723,21.24072003364563
mem0,220,dev_0278,7,15_00124,OK,,2,3576,1085,4661,10,87,87,457,9,32,287,3649,31.09915065765381
mem0,220,dev_0278,8,1_00047,OK,,2,3137,666,3803,3,23,23,216,3,35,310,3981,18.39759349822998
mem0,221,dev_0279,1,18_00072,OK,,2,2953,236,3189,4,41,41,241,4,4,41,452,7.198031187057495
mem0,221,dev_0279,2,3_00120,OK,,2,2825,285,3110,2,15,15,104,2,6,56,666,8.30508804321289
mem0,221,dev_0279,3,8_00022,OK,,2,3196,405,3601,8,96,96,316,2,8,97,908,13.135696649551392
mem0,221,dev_0279,4,12_00103,OK,,2,3201,762,3963,7,56,56,231,6,14,144,1570,21.972769737243652
mem0,221,dev_0279,5,18_00009,OK,,2,3404,899,4303,7,83,83,375,6,19,208,2165,26.450450897216797
mem0,221,dev_0279,6,18_00004,OK,,2,3896,1264,5160,8,109,109,644,5,23,269,2633,35.33965516090393
mem0,221,dev_0279,7,12_00014,OK,,2,3584,970,4554,9,84,84,438,7,29,327,3339,28.042341947555542
mem0,222,dev_0280,1,7_00005,OK,,2,2755,128,2883,2,21,21,130,2,2,21,227,3.981752634048462
mem0,222,dev_0280,2,8_00036,OK,,2,3219,523,3742,8,69,69,374,8,10,90,1110,16.020721435546875
mem0,222,dev_0280,3,3_00122,OK,,2,3088,601,3689,5,22,22,225,5,15,112,1648,17.535414934158325
mem0,222,dev_0280,4,5_00007,OK,,2,3057,566,3623,4,28,28,201,4,19,140,2078,15.814527750015259
mem0,222,dev_0280,5,12_00035,OK,,2,3519,1173,4692,9,71,71,395,9,28,211,3072,33.935720443725586
mem0,222,dev_0280,6,16_00032,OK,,2,3852,1381,5233,10,92,92,615,10,38,303,4199,39.53717064857483
mem0,222,dev_0280,7,11_00092,OK,,2,3306,799,4105,4,33,33,309,4,42,336,4646,22.56809973716736
mem0,222,dev_0280,8,17_00018,OK,,2,3172,679,3851,3,32,32,226,3,45,368,4986,19.51842498779297
mem0,223,dev_0281,1,10_00045,OK,,2,2903,198,3101,4,24,24,245,4,4,24,430,6.333768606185913
mem0,223,dev_0281,2,17_00081,OK,,2,3339,470,3809,6,52,52,493,6,10,76,1094,13.584060192108154
mem0,223,dev_0281,3,19_00102,OK,,2,3227,692,3919,6,47,47,304,6,15,121,1668,20.073744297027588
mem0,223,dev_0281,4,15_00123,OK,,2,3325,786,4111,6,85,85,342,6,21,206,2364,21.95439386367798
mem0,223,dev_0281,5,4_00087,OK,,2,3334,751,4085,6,41,41,362,6,27,247,3019,21.576701879501343
mem0,223,dev_0281,6,2_00114,OK,,2,3150,576,3726,3,44,44,232,3,30,291,3366,16.92228603363037
mem0,223,dev_0281,7,4_00054,OK,,2,3273,879,4152,5,38,38,245,5,35,329,3931,25.310320138931274
mem0,223,dev_0281,8,17_00052,OK,,2,3278,918,4196,6,36,36,250,6,39,352,4401,26.216423988342285
mem0,223,dev_0281,9,13_00025,OK,,2,3182,761,3943,4,32,32,219,4,43,384,4845,21.657906770706177
mem0,223,dev_0281,10,2_00005,OK,,2,3156,664,3820,4,31,31,223,3,45,406,5086,18.54625368118286
mem0,224,dev_0282,1,6_00032,OK,,2,3078,320,3398,6,41,41,343,6,6,41,647,10.826070308685303
mem0,224,dev_0282,2,17_00026,OK,,2,3156,592,3748,7,45,45,328,7,13,86,1418,16.84068202972412
mem0,224,dev_0282,3,18_00053,OK,,2,3242,650,3892,6,38,38,343,6,19,124,2071,19.192957878112793
mem0,224,dev_0282,4,10_00075,OK,,2,3110,722,3832,4,51,51,193,4,23,175,2528,20.699215412139893
mem0,224,dev_0282,5,2_00100,OK,,2,3264,895,4159,9,65,65,297,9,32,240,3506,26.36075210571289
mem0,225,dev_0283,1,16_00035,OK,,2,3177,388,3565,7,65,65,433,7,7,65,792,12.539278507232666
mem0,225,dev_0283,2,2_00024,OK,,2,2946,441,3387,4,16,16,147,4,11,81,1220,12.212892770767212
mem0,225,dev_0283,3,1_00019,OK,,2,3059,453,3512,3,37,37,231,2,13,104,1445,13.351059436798096
mem0,225,dev_0283,4,14_00019,OK,,2,3392,901,4293,9,62,62,413,9,22,166,2435,25.78589177131653
mem0,225,dev_0283,5,3_00043,OK,,2,3334,849,4183,7,53,53,377,7,29,219,3186,25.288917541503906
mem0,226,dev_0284,1,3_00098,OK,,2,2793,154,2947,2,29,29,143,2,2,29,224,4.937507390975952
mem0,226,dev_0284,2,14_00028,OK,,2,2998,346,3344,4,46,46,229,4,6,75,675,10.554980993270874
mem0,226,dev_0284,3,2_00009,OK,,2,3056,481,3537,4,26,26,225,4,10,101,1108,14.139575481414795
mem0,226,dev_0284,4,18_00017,OK,,2,3474,703,4177,6,67,67,490,6,16,168,1789,20.645302534103394
mem0,226,dev_0284,5,16_00036,OK,,2,3518,963,4481,5,62,62,404,5,21,230,2366,27.573014497756958
mem0,227,dev_0285,1,16_00013,OK,,2,3128,374,3502,7,56,56,388,7,7,56,781,12.056213855743408
mem0,227,dev_0285,2,19_00126,OK,,2,3115,511,3626,5,42,42,270,5,12,98,1334,14.324080467224121
mem0,227,dev_0285,3,18_00122,OK,,2,3404,694,4098,6,75,75,444,6,18,173,2026,20.237529516220093
mem0,227,dev_0285,4,15_00099,OK,,2,3241,770,4011,6,64,64,286,5,22,216,2494,21.676015853881836
mem0,227,dev_0285,5,2_00069,OK,,2,3303,760,4063,8,80,80,319,5,26,266,2973,22.462802171707153
mem0,227,dev_0285,6,18_00119,OK,,2,3510,992,4502,6,35,35,405,6,32,301,3614,27.9359347820282
mem0,227,dev_0285,7,1_00026,OK,,2,3397,1086,4483,6,35,35,301,6,38,336,4258,29.98880696296692
mem0,227,dev_0285,8,11_00105,OK,,2,3184,660,3844,3,39,39,233,3,41,375,4604,18.655678749084473
mem0,227,dev_0285,9,2_00108,OK,,2,3365,1006,4371,7,62,62,301,6,46,429,5188,29.270333766937256
mem0,227,dev_0285,10,6_00029,OK,,2,3040,724,3764,4,22,22,126,4,50,451,5622,20.0129132270813
mem0,228,dev_0286,1,10_00108,OK,,2,2954,326,3280,6,50,50,275,6,6,50,655,10.16690468788147
mem0,228,dev_0286,2,11_00045,OK,,2,3008,372,3380,3,24,24,209,3,9,74,978,10.833553791046143
mem0,228,dev_0286,3,3_00094,OK,,2,2944,445,3389,4,23,23,149,4,13,97,1412,12.284605264663696
mem0,228,dev_0286,4,8_00080,OK,,2,3185,715,3900,6,48,48,264,6,19,145,2073,21.27720332145691
mem0,228,dev_0286,5,18_00104,OK,,2,3452,1166,4618,8,78,78,333,7,26,212,2846,33.57902407646179
mem0,228,dev_0286,6,6_00008,OK,,2,3115,739,3854,5,30,30,192,5,31,242,3400,20.811541318893433
mem0,228,dev_0286,7,15_00106,OK,,2,3264,785,4049,4,63,63,264,4,35,305,3863,21.746217012405396
mem0,228,dev_0286,8,4_00114,OK,,2,3004,482,3486,2,9,9,149,2,37,314,4072,13.966569185256958
mem0,228,dev_0286,9,18_00025,OK,,2,4011,1447,5458,9,104,104,680,7,44,388,4866,41.26155376434326
mem0,229,dev_0290,1,9_00021,OK,,2,3040,284,3324,5,42,42,317,5,5,42,548,9.463127613067627
mem0,229,dev_0290,2,11_00061,OK,,2,3265,432,3697,4,36,36,425,4,9,78,991,12.893712997436523
mem0,229,dev_0290,3,17_00103,OK,,2,3614,682,4296,6,42,42,619,6,15,120,1641,20.036149978637695
mem0,229,dev_0290,4,9_00030,OK,,2,3191,653,3844,5,51,51,275,4,18,153,2004,18.363293409347534
mem0,229,dev_0290,5,10_00085,OK,,2,3042,686,3728,5,47,47,155,5,22,195,2475,20.576319694519043
mem0,230,dev_0291,1,3_00124,OK,,2,2813,264,3077,5,37,37,165,5,5,37,551,8.617614269256592
mem0,230,dev_0291,2,4_00008,OK,,2,3032,450,3482,5,33,33,258,6,9,63,979,13.080583333969116
mem0,230,dev_0291,3,7_00010,OK,,2,3100,489,3589,4,29,29,276,4,13,92,1429,14.90579605102539
mem0,230,dev_0291,4,12_00010,OK,,2,3527,917,4444,9,68,68,501,9,21,153,2321,26.666492462158203
mem0,230,dev_0291,5,6_00092,OK,,2,3128,607,3735,3,23,23,240,3,24,176,2650,17.839904308319092
mem0,231,dev_0292,1,17_00110,OK,,2,3486,548,4034,9,107,107,642,9,9,107,1028,17.607205867767334
mem0,231,dev_0292,2,4_00038,OK,,2,3275,662,3937,6,43,43,353,6,15,150,1675,19.014894485473633
mem0,231,dev_0292,3,6_00056,OK,,2,3189,785,3974,5,37,37,212,5,20,187,2219,22.382410287857056
mem0,231,dev_0292,4,18_00035,OK,,2,3319,743,4062,4,40,40,361,4,24,227,2666,21.36812973022461
mem0,231,dev_0292,5,6_00068,OK,,2,3260,747,4007,5,39,39,268,6,26,244,2948,22.02839970588684
mem0,231,dev_0292,6,16_00007,OK,,2,3716,1156,4872,9,60,60,570,9,35,304,3925,33.135454416275024
mem0,231,dev_0292,7,5_00025,OK,,2,2881,452,3333,2,11,11,83,2,37,315,4142,12.537048816680908
mem0,231,dev_0292,8,13_00052,OK,,2,3244,653,3897,3,50,50,300,3,40,365,4498,18.36911654472351
mem0,231,dev_0292,9,16_00025,OK,,2,3496,1149,4645,9,103,103,328,7,42,385,4789,33.06550598144531
mem0,232,dev_0293,1,5_00018,OK,,2,2836,302,3138,5,47,47,143,5,5,47,554,9.58703351020813
mem0,232,dev_0293,2,4_00082,OK,,2,3066,401,3467,3,32,32,245,3,8,79,888,11.57560420036316
mem0,232,dev_0293,3,3_00066,OK,,2,3105,657,3762,6,44,44,224,6,14,123,1543,19.842992067337036
mem0,232,dev_0293,4,1_00033,OK,,2,3127,795,3922,5,29,29,171,5,19,152,2073,22.031606197357178
mem0,232,dev_0293,5,15_00120,OK,,2,3457,882,4339,6,50,50,423,6,25,202,2734,25.89833641052246
mem0,232,dev_0293,6,8_00100,OK,,2,3362,1141,4503,6,69,69,248,5,30,261,3302,32.28682994842529
mem0,233,dev_0294,1,13_00057,OK,,2,3072,298,3370,5,53,53,348,5,5,53,559,8.972568988800049
mem0,233,dev_0294,2,20_00004,OK,,2,3162,517,3679,5,55,55,303,5,10,108,1113,15.810838222503662
mem0,233,dev_0294,3,4_00126,OK,,2,3013,381,3394,2,14,14,192,2,12,122,1333,10.291216373443604
mem0,233,dev_0294,4,3_00065,OK,,2,3228,664,3892,4,33,33,293,4,16,155,1775,19.311540603637695
mem0,233,dev_0294,5,14_00000,OK,,2,3386,1103,4489,8,88,88,272,8,24,243,2684,31.701759815216064
mem0,233,dev_0294,6,16_00125,OK,,2,3226,901,4127,6,39,39,214,6,30,282,3336,26.23359251022339
mem0,234,dev_0295,1,2_00097,OK,,2,2901,204,3105,4,26,26,244,4,4,26,444,7.11331844329834
mem0,234,dev_0295,2,16_00088,OK,,2,2925,381,3306,4,33,33,148,4,8,59,884,10.634580135345459
mem0,234,dev_0295,3,3_00070,OK,,2,3002,444,3446,3,25,25,195,3,11,84,1206,13.136425733566284
mem0,234,dev_0295,4,8_00010,OK,,2,3409,828,4237,8,82,82,438,8,19,166,2115,24.49214267730713
mem0,234,dev_0295,5,15_00028,OK,,2,3588,1176,4764,7,113,113,445,5,23,242,2627,33.33505845069885
mem0,234,dev_0295,6,17_00067,OK,,2,3798,968,4766,6,56,56,633,6,29,298,3290,27.562835931777954
mem0,234,dev_0295,7,5_00069,OK,,2,2875,425,3300,2,12,12,92,2,31,310,3507,12.202559232711792
mem0,234,dev_0295,8,20_00094,OK,,2,3333,1052,4385,6,44,44,232,6,37,354,4157,30.301701068878174
mem0,235,dev_0296,1,18_00045,OK,,2,3159,520,3679,9,99,99,395,9,9,99,1015,15.787467956542969
mem0,235,dev_0296,2,18_00088,OK,,2,3191,565,3756,4,53,53,289,4,13,152,1476,16.770851850509644
mem0,235,dev_0296,3,9_00060,OK,,2,3247,741,3988,5,36,36,270,5,18,188,2024,20.96086049079895
mem0,235,dev_0296,4,8_00028,OK,,2,3481,853,4334,6,60,60,448,6,24,248,2695,25.293939352035522
mem0,235,dev_0296,5,3_00023,OK,,2,3052,632,3684,3,32,32,130,3,27,280,3033,17.728699922561646
mem0,235,dev_0296,6,18_00059,OK,,2,3739,1285,5024,10,70,70,535,9,36,345,4026,36.02599740028381
mem0,235,dev_0296,7,11_00050,OK,,2,3210,670,3880,3,37,37,215,3,38,371,4277,18.956642866134644
mem0,236,dev_0297,1,8_00090,OK,,2,3009,410,3419,9,45,45,297,9,9,45,961,10.136130332946777
mem0,236,dev_0297,2,3_00096,OK,,2,3009,511,3520,4,32,32,199,4,13,77,1396,9.513835668563843
mem0,236,dev_0297,3,8_00123,OK,,2,3131,572,3703,4,34,34,258,4,17,111,1843,10.904347658157349
mem0,236,dev_0297,4,10_00019,OK,,2,3161,645,3806,4,44,44,259,4,21,155,2294,14.233373641967773
mem0,236,dev_0297,5,18_00124,OK,,2,3228,787,4015,6,69,69,276,6,27,224,2979,15.54434323310852
mem0,236,dev_0297,6,7_00066,OK,,2,3206,825,4031,4,39,39,200,4,31,263,3418,15.836495161056519
mem0,236,dev_0297,7,10_00038,OK,,2,3257,850,4107,4,32,32,245,4,35,295,3859,16.775848627090454
mem0,236,dev_0297,8,8_00020,OK,,2,3683,1373,5056,12,92,92,463,11,45,378,4988,27.56023335456848
mem0,237,dev_0298,1,4_00104,OK,,2,2982,354,3336,6,65,65,259,6,6,65,669,8.282404661178589
mem0,237,dev_0298,2,11_00019,OK,,2,3085,414,3499,3,30,30,235,3,9,95,1003,8.020933866500854
mem0,237,dev_0298,3,5_00124,OK,,2,3006,518,3524,4,34,34,173,4,13,129,1444,10.562410354614258
mem0,237,dev_0298,4,8_00052,OK,,2,3190,634,3824,5,47,47,287,5,18,176,2011,12.6182382106781
mem0,237,dev_0298,5,13_00015,OK,,2,2993,480,3473,3,27,27,166,3,21,203,2344,9.061648607254028
mem0,238,dev_0300,1,18_00066,OK,,2,3007,318,3325,6,49,49,294,6,6,49,659,7.068538188934326
mem0,238,dev_0300,2,6_00069,OK,,2,3196,578,3774,6,52,52,314,6,12,101,1342,11.88209867477417
mem0,238,dev_0300,3,18_00010,OK,,2,3481,755,4236,5,73,73,485,5,17,174,1922,14.45663571357727
mem0,238,dev_0300,4,7_00059,OK,,2,3422,907,4329,6,37,37,372,6,23,211,2571,17.519344806671143
mem0,238,dev_0300,5,17_00101,OK,,2,3780,1211,4991,10,102,102,605,10,33,313,3705,24.017733812332153
mem0,238,dev_0300,6,19_00026,OK,,2,3559,1088,4647,7,70,70,422,6,39,379,4383,20.85361075401306
mem0,238,dev_0300,7,3_00025,OK,,2,2850,314,3164,1,14,14,83,1,40,393,4500,6.345698595046997
mem0,238,dev_0300,8,7_00018,OK,,2,2939,470,3409,3,17,17,136,3,43,410,4816,9.115146160125732
mem0,238,dev_0300,9,16_00076,OK,,2,3666,1167,4833,6,46,46,468,6,49,456,5490,22.880961656570435
mem0,239,dev_0302,1,13_00092,OK,,2,3133,276,3409,5,43,43,412,5,5,43,557,5.899138689041138
mem0,239,dev_0302,2,5_00091,OK,,2,2898,362,3260,3,21,21,151,3,8,64,890,7.027923822402954
mem0,239,dev_0302,3,12_00008,OK,,2,3492,770,4262,8,94,94,521,8,16,158,1800,15.471337795257568
mem0,239,dev_0302,4,1_00097,OK,,2,3125,756,3881,6,45,45,190,6,22,203,2452,15.037084341049194
mem0,239,dev_0302,5,9_00057,OK,,2,3607,1283,4890,9,81,81,413,8,30,266,3333,25.46422505378723
mem0,239,dev_0302,6,20_00065,OK,,2,3470,1091,4561,6,56,56,339,6,36,322,4018,20.803584098815918
mem0,240,dev_0303,1,9_00075,OK,,2,2800,220,3020,4,33,33,151,4,4,33,443,4.855901718139648
mem0,240,dev_0303,2,18_00117,OK,,2,3083,347,3430,3,33,33,300,3,7,66,779,7.096059083938599
mem0,240,dev_0303,3,19_00052,OK,,2,3498,821,4319,8,105,105,505,8,15,171,1713,16.386738061904907
mem0,240,dev_0303,4,10_00103,OK,,2,3273,853,4126,7,47,47,284,7,22,218,2469,16.870484828948975
mem0,240,dev_0303,5,18_00110,OK,,2,3334,848,4182,6,74,74,298,6,28,292,3159,17.32062268257141
mem0,240,dev_0303,6,9_00015,OK,,2,3542,1204,4746,9,96,96,349,7,34,356,3858,23.46063542366028
mem0,240,dev_0303,7,13_00041,OK,,2,3613,1210,4823,8,67,67,406,8,42,423,4741,23.621472597122192
mem0,240,dev_0303,8,16_00062,OK,,2,3532,1237,4769,8,67,67,316,8,50,490,5624,24.046733140945435
mem0,240,dev_0303,9,19_00084,OK,,2,3726,1186,4912,5,67,67,477,5,55,557,6195,22.488826751708984
mem0,240,dev_0303,10,13_00086,OK,,2,3468,999,4467,4,43,43,309,4,59,600,6639,19.017579078674316
mem0,241,dev_0304,1,16_00000,OK,,2,3051,366,3417,7,55,55,325,7,7,55,777,7.890240907669067
mem0,241,dev_0304,2,3_00050,OK,,2,3200,686,3886,8,56,56,313,8,15,111,1663,14.093559980392456
mem0,241,dev_0304,3,20_00079,OK,,2,3281,841,4122,5,52,52,274,5,20,163,2215,16.376639127731323
mem0,241,dev_0304,4,7_00014,OK,,2,3143,640,3783,3,21,21,244,3,23,184,2547,12.240478277206421
mem0,241,dev_0304,5,17_00004,OK,,2,3224,721,3945,5,32,32,291,5,28,216,3093,13.984807252883911
mem0,241,dev_0304,6,18_00036,OK,,2,3424,1003,4427,10,41,41,376,9,35,241,3859,19.700926542282104
mem0,241,dev_0304,7,19_00013,OK,,2,3386,948,4334,6,42,42,342,6,41,283,4509,18.360018968582153
mem0,241,dev_0304,8,17_00010,OK,,2,3150,719,3869,6,45,45,238,6,45,315,4975,14.4645836353302
mem0,242,dev_0305,1,17_00025,OK,,2,2955,288,3243,6,34,34,289,6,6,34,656,6.418642282485962
mem0,242,dev_0305,2,20_00077,OK,,2,3148,593,3741,6,63,63,275,6,12,97,1337,12.109477281570435
mem0,242,dev_0305,3,3_00077,OK,,1,1153,6,1159,0,0,0,171,0,12,97,1337,0.20078063011169434
mem0,242,dev_0305,4,17_00073,OK,,2,3830,641,4471,6,65,65,855,6,18,162,2007,12.85375428199768
mem0,242,dev_0305,5,20_00073,OK,,2,3495,985,4480,6,41,41,387,5,23,197,2549,18.5755136013031
mem0,243,dev_0306,1,14_00049,OK,,2,3173,258,3431,4,50,50,454,4,4,50,465,5.5368475914001465
mem0,243,dev_0306,2,1_00123,OK,,2,2912,298,3210,2,16,16,154,2,6,66,685,5.854908227920532
mem0,243,dev_0306,3,18_00043,OK,,2,3332,611,3943,7,50,50,449,7,13,116,1459,12.144295930862427
mem0,243,dev_0306,4,10_00035,OK,,2,3227,842,4069,7,38,38,258,7,19,151,2130,16.54306936264038
mem0,243,dev_0306,5,16_00070,OK,,2,3328,671,3999,4,49,49,369,4,23,200,2585,13.004958152770996
mem0,243,dev_0306,6,18_00085,OK,,2,3278,635,3913,3,38,38,333,3,26,238,2918,12.166459083557129
mem0,243,dev_0306,7,8_00007,OK,,2,3553,1146,4699,10,90,90,410,9,35,303,3897,22.420275688171387
mem0,244,dev_0307,1,14_00052,OK,,2,3167,488,3655,9,71,71,378,9,9,71,994,10.36269474029541
mem0,244,dev_0307,2,18_00037,OK,,2,3289,814,4103,9,56,56,352,9,18,127,1966,16.498945474624634
mem0,244,dev_0307,3,14_00037,OK,,2,3315,939,4254,7,48,48,307,7,25,175,2728,18.29314374923706
mem0,244,dev_0307,4,17_00008,OK,,2,3297,976,4273,6,37,37,273,4,29,201,3173,18.754663705825806
mem0,244,dev_0307,5,11_00029,OK,,2,3339,964,4303,6,50,50,288,6,35,251,3838,18.906661987304688
mem0,244,dev_0307,6,17_00027,OK,,2,3201,804,4005,5,37,37,234,5,39,284,4292,15.724052429199219
mem0,245,dev_0308,1,15_00093,OK,,2,2864,364,3228,8,35,35,173,8,8,35,845,7.907032012939453
mem0,245,dev_0308,2,17_00125,OK,,2,3404,663,4067,6,68,68,458,6,14,103,1515,13.269307374954224
mem0,245,dev_0308,3,5_00075,OK,,2,2978,557,3535,4,28,28,156,4,18,131,1945,11.089559555053711
mem0,245,dev_0308,4,12_00106,OK,,2,3225,923,4148,6,46,46,205,6,24,177,2601,18.079301118850708
mem0,245,dev_0308,5,4_00037,OK,,2,3087,619,3706,4,26,26,201,4,28,203,3044,12.082485914230347
mem0,246,dev_0309,1,12_00003,OK,,2,3438,777,4215,15,121,121,572,15,15,121,1656,16.765108346939087
mem0,246,dev_0309,2,8_00039,OK,,2,3503,933,4436,7,87,87,453,7,22,208,2449,18.14991784095764
mem0,246,dev_0309,3,17_00019,OK,,2,3352,1011,4363,6,51,51,283,6,28,259,3106,19.647780895233154
mem0,246,dev_0309,4,17_00033,OK,,2,3188,559,3747,2,28,28,294,2,30,287,3336,10.741947889328003
mem0,246,dev_0309,5,5_00116,OK,,2,3384,1080,4464,7,43,43,320,7,37,330,4096,20.904077291488647
mem0,246,dev_0309,6,6_00090,OK,,2,3052,727,3779,4,18,18,150,4,41,348,4520,13.91427230834961
mem0,246,dev_0309,7,4_00032,OK,,2,3497,1177,4674,12,109,109,376,9,48,411,5349,23.3749737739563
mem0,246,dev_0309,8,4_00070,OK,,2,3248,885,4133,4,37,37,216,4,52,448,5784,16.698429107666016
mem0,246,dev_0309,9,10_00036,OK,,2,3208,776,3984,5,37,37,244,4,55,474,6138,15.06346583366394
mem0,247,dev_0310,1,9_00072,OK,,2,2836,264,3100,5,36,36,169,5,5,36,544,5.68630051612854
mem0,247,dev_0310,2,13_00006,OK,,2,3013,495,3508,6,38,38,224,6,11,74,1196,10.405827045440674
mem0,247,dev_0310,3,13_00104,OK,,2,3340,737,4077,6,52,52,360,6,17,126,1856,14.74303650856018
mem0,247,dev_0310,4,1_00066,OK,,2,3038,672,3710,7,41,41,173,7,22,154,2442,13.541077613830566
mem0,247,dev_0310,5,11_00126,OK,,2,3637,1293,4930,12,112,112,486,12,34,266,3773,25.909705877304077
mem0,247,dev_0310,6,13_00117,OK,,2,3654,1364,5018,8,69,69,425,6,40,324,4441,26.438103199005127
mem0,248,dev_0313,1,5_00020,OK,,2,2836,124,2960,2,17,17,183,2,2,17,218,2.9498701095581055
mem0,248,dev_0313,2,11_00091,OK,,2,3018,223,3241,2,26,26,265,2,4,43,450,4.705779552459717
mem0,248,dev_0313,3,4_00047,OK,,2,3088,396,3484,4,33,33,281,4,8,76,900,7.982509613037109
mem0,248,dev_0313,4,3_00001,OK,,2,3011,369,3380,2,15,15,219,2,10,91,1123,7.274017810821533
mem0,248,dev_0313,5,3_00032,OK,,2,3139,602,3741,3,32,32,233,3,13,123,1469,11.948101043701172
mem0,248,dev_0313,6,15_00006,OK,,2,3346,844,4190,8,58,58,353,8,21,181,2326,17.253037214279175
mem0,248,dev_0313,7,5_00015,OK,,2,2973,407,3380,3,17,17,168,3,23,192,2566,8.126673460006714
mem0,248,dev_0313,8,2_00036,OK,,2,3010,487,3497,4,31,31,172,1,24,207,2684,9.909889459609985
mem0,248,dev_0313,9,11_00002,OK,,2,3209,1072,4281,7,55,55,161,7,31,262,3453,21.25856351852417
mem0,249,dev_0314,1,13_00038,OK,,2,3152,476,3628,9,74,74,394,9,9,74,990,10.622802257537842
mem0,249,dev_0314,2,14_00034,OK,,2,3180,651,3831,4,60,60,270,4,13,134,1459,12.539817094802856
mem0,249,dev_0314,3,17_00109,OK,,2,3994,1170,5164,10,114,114,750,10,23,248,2603,23.772763967514038
mem0,249,dev_0314,4,10_00111,OK,,2,3181,579,3760,4,24,24,293,4,27,272,3041,11.509660959243774
mem0,249,dev_0314,5,3_00108,OK,,2,2805,265,3070,1,7,7,75,1,28,279,3157,5.143751859664917
mem0,249,dev_0314,6,4_00076,OK,,2,3280,758,4038,4,35,35,282,4,32,314,3606,14.524217128753662
mem0,249,dev_0314,7,18_00091,OK,,2,3476,840,4316,4,54,54,405,4,36,368,4055,16.010063886642456
mem0,249,dev_0314,8,6_00005,OK,,2,2916,457,3373,4,20,20,141,4,40,388,4485,9.158119201660156
mem0,249,dev_0314,9,3_00074,OK,,2,3533,1244,4777,7,60,60,319,7,47,448,5261,24.283965587615967
mem0,249,dev_0314,10,4_00110,OK,,2,3088,706,3794,5,31,31,163,5,51,468,5702,13.643142700195312
mem0,250,dev_0315,1,3_00106,OK,,1,1111,6,1117,0,0,0,135,0,0,0,0,0.17742371559143066
mem0,250,dev_0315,2,1_00089,OK,,2,3033,282,3315,5,44,44,329,5,5,44,564,6.686499118804932
mem0,250,dev_0315,3,9_00106,OK,,2,3076,489,3565,5,47,47,267,5,10,91,1106,9.90906047821045
mem0,250,dev_0315,4,20_00007,OK,,2,3237,743,3980,7,36,36,308,7,17,127,1853,14.892471551895142
mem0,250,dev_0315,5,12_00077,OK,,2,3355,910,4265,12,79,79,338,9,23,164,2565,19.604531049728394
mem0,250,dev_0315,6,20_00047,OK,,2,3586,888,4474,6,53,53,536,6,29,217,3234,17.943379640579224
mem0,250,dev_0315,7,16_00098,OK,,2,3251,813,4064,5,36,36,292,5,34,253,3784,16.357959508895874
mem0,251,dev_0317,1,8_00012,OK,,2,3068,268,3336,5,38,38,338,4,4,32,437,9.222928285598755
mem0,251,dev_0317,2,15_00087,OK,,2,3116,464,3580,4,71,71,281,4,8,103,922,13.472718000411987
mem0,251,dev_0317,3,2_00039,OK,,2,3061,533,3594,4,26,26,197,4,12,129,1355,14.693176031112671
mem0,251,dev_0317,4,16_00101,OK,,2,3238,886,4124,10,61,61,280,8,18,167,2058,24.623225688934326
mem0,251,dev_0317,5,2_00073,OK,,2,3297,658,3955,6,75,75,349,6,24,242,2751,18.720032691955566
mem0,252,dev_0318,1,19_00074,OK,,2,3280,334,3614,5,69,69,519,5,5,69,574,9.855766296386719
mem0,252,dev_0318,2,3_00126,OK,,2,2969,370,3339,3,21,21,177,3,8,90,903,11.02368426322937
mem0,252,dev_0318,3,15_00092,OK,,2,3299,610,3909,5,81,81,348,4,12,149,1376,17.422752618789673
mem0,252,dev_0318,4,4_00053,OK,,2,3191,572,3763,3,25,25,267,3,15,174,1699,16.394009590148926
mem0,252,dev_0318,5,13_00098,OK,,2,3343,769,4112,5,58,58,369,5,20,232,2268,21.911592483520508
mem0,252,dev_0318,6,12_00088,OK,,2,3333,659,3992,3,26,26,347,3,23,258,2606,18.77712917327881
mem0,252,dev_0318,7,13_00037,OK,,2,3522,926,4448,8,83,83,431,8,30,331,3412,27.10909414291382
mem0,252,dev_0318,8,7_00064,OK,,2,3224,707,3931,3,27,27,244,3,33,358,3753,19.80000925064087
mem0,252,dev_0318,9,2_00106,OK,,2,3415,1150,4565,7,38,38,265,7,40,396,4514,33.36474967002869
mem0,252,dev_0318,10,14_00003,OK,,2,3451,1025,4476,6,51,51,308,5,45,444,5069,29.611488342285156
mem0,253,dev_0319,1,11_00076,OK,,2,2977,170,3147,3,26,26,309,3,3,26,330,5.412503957748413
mem0,253,dev_0319,2,19_00117,OK,,2,2985,351,3336,4,36,36,225,4,7,62,773,10.457940101623535
mem0,253,dev_0319,3,10_00062,OK,,2,3056,400,3456,3,17,17,252,3,10,79,1091,11.881615161895752
mem0,253,dev_0319,4,5_00030,OK,,2,3010,588,3598,4,29,29,147,4,14,108,1528,16.79169487953186
mem0,253,dev_0319,5,18_00008,OK,,2,3474,867,4341,6,86,86,433,6,20,194,2243,25.267417192459106
mem0,253,dev_0319,6,19_00036,OK,,2,3427,1012,4439,6,61,61,327,6,26,255,2929,28.39004635810852
mem0,254,dev_0320,1,7_00040,OK,,2,2907,158,3065,3,19,19,251,3,3,19,329,4.495011806488037
mem0,254,dev_0320,2,8_00089,OK,,2,3014,351,3365,4,41,41,250,4,7,60,776,10.663698434829712
mem0,254,dev_0320,3,17_00084,OK,,2,3456,665,4121,6,76,76,516,6,13,136,1461,19.117016315460205
mem0,254,dev_0320,4,19_00095,OK,,2,3174,661,3835,5,36,36,242,5,17,168,1920,19.128799438476562
mem0,254,dev_0320,5,15_00047,OK,,2,3593,1017,4610,7,51,51,474,7,24,219,2687,29.068915843963623
mem0,254,dev_0320,6,9_00039,OK,,2,3434,680,4114,4,48,48,453,4,28,267,3149,19.76661968231201
mem0,254,dev_0320,7,3_00081,OK,,2,2826,280,3106,1,10,10,89,1,29,277,3256,7.765028476715088
mem0,254,dev_0320,8,2_00065,OK,,2,3434,1223,4657,14,105,105,356,15,39,356,4412,36.18452978134155
mem0,255,dev_0321,1,5_00035,OK,,2,2788,148,2936,3,14,14,152,3,3,14,316,4.659255266189575
mem0,255,dev_0321,2,19_00096,OK,,2,3018,394,3412,6,31,31,245,6,9,45,961,11.678887605667114
mem0,255,dev_0321,3,8_00031,OK,,2,3232,688,3920,6,62,62,309,6,15,107,1647,20.901732683181763
mem0,255,dev_0321,4,2_00058,OK,,2,3187,759,3946,7,67,67,268,5,18,124,2002,22.296999216079712
mem0,255,dev_0321,5,11_00072,OK,,2,3309,811,4120,4,55,55,318,4,22,179,2469,22.522462844848633
mem0,255,dev_0321,6,4_00003,OK,,2,3052,621,3673,4,24,24,188,4,26,203,2901,18.148797512054443
mem0,256,dev_0322,1,18_00057,OK,,2,3146,476,3622,9,74,74,379,9,9,74,987,14.410038948059082
mem0,256,dev_0322,2,10_00114,OK,,2,3026,546,3572,4,32,32,178,4,13,106,1428,15.86398458480835
mem0,256,dev_0322,3,13_00016,OK,,2,3167,840,4007,9,54,54,246,9,22,160,2401,24.47246766090393
mem0,256,dev_0322,4,17_00055,OK,,2,3109,544,3653,4,22,22,260,4,26,182,2831,15.885201692581177
mem0,256,dev_0322,5,10_00083,OK,,2,3093,695,3788,5,28,28,187,5,31,210,3372,20.261317014694214
mem0,256,dev_0322,6,2_00122,OK,,2,3381,724,4105,6,41,41,454,6,37,251,4028,21.16168713569641
mem0,256,dev_0322,7,15_00012,OK,,2,3458,1055,4513,11,105,105,407,11,46,343,5070,30.809288501739502
mem0,256,dev_0322,8,3_00029,OK,,2,3309,962,4271,7,52,52,311,5,51,379,5611,27.848234176635742
mem0,256,dev_0322,9,16_00001,OK,,2,3586,1189,4775,8,77,77,415,9,57,431,6298,36.53076648712158
mem0,256,dev_0322,10,7_00058,OK,,2,3306,921,4227,5,43,43,275,5,62,474,6853,26.44144105911255
mem0,257,dev_0323,1,6_00126,OK,,2,2773,168,2941,3,23,23,143,3,3,23,320,5.332383394241333
mem0,257,dev_0323,2,18_00005,OK,,2,3470,665,4135,8,125,125,533,8,11,148,1269,20.652867794036865
mem0,257,dev_0323,3,18_00049,OK,,2,3444,907,4351,9,59,59,417,9,20,207,2264,27.006719827651978
mem0,257,dev_0323,4,12_00065,OK,,2,3342,876,4218,6,55,55,316,5,24,241,2723,24.61363697052002
mem0,257,dev_0323,5,2_00116,OK,,2,3245,842,4087,6,34,34,238,6,30,275,3373,24.15999937057495
mem0,257,dev_0323,6,20_00092,OK,,2,3440,1197,4637,9,73,73,304,9,39,348,4368,34.70040941238403
mem0,257,dev_0323,7,7_00054,OK,,2,3177,742,3919,6,47,47,233,6,43,379,4846,21.41750931739807
mem0,257,dev_0323,8,2_00079,OK,,2,3329,936,4265,9,51,51,242,6,44,378,5007,26.87415647506714
mem0,257,dev_0323,9,6_00084,OK,,2,3612,1542,5154,13,90,90,340,12,56,459,6314,44.523786544799805
mem0,257,dev_0323,10,6_00023,OK,,2,2911,408,3319,2,7,7,130,2,58,466,6523,11.61214280128479
mem0,258,dev_0325,1,16_00073,OK,,2,2916,240,3156,4,40,40,217,4,4,40,456,6.794990539550781
mem0,258,dev_0325,2,10_00049,OK,,2,3008,343,3351,3,26,26,231,3,7,66,792,10.325564861297607
mem0,258,dev_0325,3,8_00118,OK,,2,3185,630,3815,6,56,56,310,6,13,122,1456,18.56371808052063
mem0,258,dev_0325,4,2_00111,OK,,2,3237,797,4034,8,40,40,299,8,21,162,2333,23.70246171951294
mem0,258,dev_0325,5,1_00069,OK,,2,2933,443,3376,2,18,18,129,2,23,180,2552,12.833629608154297
mem0,258,dev_0325,6,9_00027,OK,,2,3272,686,3958,4,43,43,324,4,27,223,3012,19.63334321975708
mem0,258,dev_0325,7,19_00024,OK,,2,3442,932,4374,6,73,73,411,6,33,296,3699,26.800611972808838
mem0,259,dev_0326,1,12_00115,OK,,2,2908,290,3198,6,37,37,242,6,6,37,642,9.729391813278198
mem0,259,dev_0326,2,2_00086,OK,,2,3149,585,3734,6,60,60,302,9,7,66,781,16.452096939086914
mem0,259,dev_0326,3,10_00094,OK,,2,3090,538,3628,5,56,56,255,5,12,122,1344,15.986960411071777
mem0,259,dev_0326,4,5_00005,OK,,2,3045,506,3551,4,29,29,191,4,16,151,1788,13.980657577514648
mem0,259,dev_0326,5,10_00076,OK,,2,3020,513,3533,3,22,22,162,3,18,165,2026,14.887704610824585
mem0,259,dev_0326,6,17_00045,OK,,2,3374,791,4165,6,61,61,408,6,24,226,2697,23.96227264404297
mem0,259,dev_0326,7,10_00082,OK,,2,3049,528,3577,4,42,42,209,4,28,268,3144,14.847233057022095
mem0,259,dev_0326,8,12_00036,OK,,2,3426,816,4242,6,81,81,418,6,33,339,3742,23.754018306732178
mem0,259,dev_0326,9,4_00091,OK,,2,3338,842,4180,4,42,42,298,4,37,381,4198,23.47819209098816
mem0,259,dev_0326,10,14_00017,OK,,2,3360,905,4265,4,28,28,274,4,41,409,4627,26.253746032714844
mem0,260,dev_0327,1,4_00079,OK,,2,2912,282,3194,5,48,48,216,5,5,48,560,9.511039018630981
mem0,260,dev_0327,2,17_00099,OK,,2,3760,595,4355,7,65,65,830,7,12,113,1346,18.55452561378479
mem0,260,dev_0327,3,16_00026,OK,,2,3427,707,4134,6,52,52,451,6,18,165,2013,20.437623262405396
mem0,260,dev_0327,4,8_00063,OK,,2,3307,795,4102,5,49,49,323,5,23,214,2574,23.728307008743286
mem0,260,dev_0327,5,17_00036,OK,,2,3326,816,4142,4,37,37,322,4,27,251,3018,22.587364435195923
mem0,260,dev_0327,6,6_00083,OK,,2,3204,685,3889,6,45,45,287,6,32,287,3577,20.00718069076538
mem0,260,dev_0327,7,3_00123,OK,,2,2966,491,3457,2,12,12,141,2,34,299,3790,14.048474311828613
mem0,260,dev_0327,8,5_00102,OK,,2,2864,383,3247,2,13,13,93,2,36,312,4011,11.058181285858154
mem0,261,dev_0329,1,14_00059,OK,,2,3091,268,3359,4,54,54,372,4,4,54,463,8.167014837265015
mem0,261,dev_0329,2,2_00057,OK,,2,3100,552,3652,5,65,65,265,4,8,88,909,16.439696311950684
mem0,261,dev_0329,3,4_00074,OK,,2,3092,541,3633,4,38,38,220,4,12,126,1354,16.523047924041748
mem0,261,dev_0329,4,5_00115,OK,,2,2927,432,3359,2,26,26,120,2,14,152,1588,11.642311334609985
mem0,261,dev_0329,5,6_00110,OK,,2,3064,710,3774,4,26,26,140,4,18,178,2022,19.759378671646118
mem0,261,dev_0329,6,1_00056,OK,,2,3078,541,3619,3,29,29,198,3,21,207,2364,15.293689727783203
mem0,261,dev_0329,7,17_00016,OK,,2,3412,899,4311,5,48,48,357,5,26,255,2932,25.25535225868225
mem0,262,dev_0330,1,20_00061,OK,,2,3003,320,3323,6,47,47,305,6,6,47,661,10.126075506210327
mem0,262,dev_0330,2,2_00081,OK,,2,3166,642,3808,8,61,61,326,7,12,91,1343,19.289878368377686
mem0,262,dev_0330,3,2_00023,OK,,2,3038,530,3568,3,20,20,185,3,15,111,1665,15.51749587059021
mem0,262,dev_0330,4,13_00125,OK,,2,3398,799,4197,7,57,57,421,7,20,156,2263,23.103554487228394
mem0,262,dev_0330,5,9_00066,OK,,2,3091,739,3830,4,26,26,144,4,24,182,2708,20.77814817428589
mem0,262,dev_0330,6,1_00091,OK,,2,3217,652,3869,6,51,51,296,4,26,202,2982,19.423431634902954
mem0,262,dev_0330,7,10_00021,OK,,2,3246,870,4116,4,32,32,244,4,30,234,3421,24.45219135284424
mem0,263,dev_0331,1,9_00031,OK,,2,3096,230,3326,4,36,36,406,4,4,36,445,7.341736793518066
mem0,263,dev_0331,2,1_00109,OK,,2,3101,432,3533,5,38,38,305,5,9,74,993,13.20092248916626
mem0,263,dev_0331,3,9_00094,OK,,2,3007,517,3524,4,40,40,185,4,13,114,1451,14.753297090530396
mem0,263,dev_0331,4,14_00112,OK,,2,3517,853,4370,7,65,65,506,7,20,179,2236,25.042256116867065
mem0,263,dev_0331,5,17_00002,OK,,2,3110,705,3815,4,28,28,187,4,24,207,2670,20.510706663131714
mem0,263,dev_0331,6,13_00001,OK,,2,3199,866,4065,6,44,44,216,6,30,251,3323,25.213489770889282
mem0,263,dev_0331,7,14_00111,OK,,2,3565,1210,4775,10,68,68,396,9,39,310,4304,35.05202007293701
mem0,263,dev_0331,8,8_00009,OK,,2,3802,1486,5288,11,108,108,524,12,49,413,5405,42.49654769897461
mem0,264,dev_0332,1,3_00090,OK,,2,2731,118,2849,2,16,16,117,2,2,16,222,3.810192823410034
mem0,264,dev_0332,2,3_00110,OK,,2,2828,250,3078,5,40,40,123,3,5,39,545,8.002156019210815
mem0,264,dev_0332,3,16_00089,OK,,2,3060,525,3585,5,60,60,213,5,10,99,1115,15.525634765625
mem0,264,dev_0332,4,17_00056,OK,,2,3221,838,4059,7,66,66,250,7,17,165,1885,23.840697526931763
mem0,264,dev_0332,5,7_00039,OK,,2,3320,910,4230,5,54,54,273,5,22,219,2454,26.291775465011597
mem0,264,dev_0332,6,16_00028,OK,,2,3594,1185,4779,8,108,108,405,7,29,306,3253,34.425750494003296
mem0,264,dev_0332,7,19_00051,OK,,2,3662,1281,4943,9,70,70,472,9,38,376,4249,37.21303915977478
mem0,264,dev_0332,8,19_00081,OK,,2,3630,1098,4728,8,94,94,457,8,45,456,5063,31.38667368888855
